ISO-10303-21;
HEADER;
FILE_DESCRIPTION (( 'STEP AP214' ),
    '1' );
FILE_NAME ('105.STEP',
    '2013-04-12T20:57:55',
    ( 'Richard Maletta' ),
    ( '' ),
    'SwSTEP 2.0',
    'SolidWorks 2009',
    '' );
FILE_SCHEMA (( 'AUTOMOTIVE_DESIGN' ));
ENDSEC;

DATA;
#1 = EDGE_CURVE ( 'NONE', #66, #2, #1991, .T. ) ;
#2 = VERTEX_POINT ( 'NONE', #1987 ) ;
#3 = EDGE_CURVE ( 'NONE', #2, #892, #1986, .T. ) ;
#4 = EDGE_LOOP ( 'NONE', ( #51, #9, #13, #6 ) ) ;
#5 = ADVANCED_FACE ( 'NONE', ( #1982 ), #1981, .F. ) ;
#6 = ORIENTED_EDGE ( 'NONE', *, *, #3, .T. ) ;
#7 = ORIENTED_EDGE ( 'NONE', *, *, #14, .T. ) ;
#8 = ORIENTED_EDGE ( 'NONE', *, *, #59, .T. ) ;
#9 = ORIENTED_EDGE ( 'NONE', *, *, #952, .F. ) ;
#10 = ORIENTED_EDGE ( 'NONE', *, *, #310, .F. ) ;
#11 = ORIENTED_EDGE ( 'NONE', *, *, #1, .T. ) ;
#12 = EDGE_LOOP ( 'NONE', ( #53, #54, #50, #55 ) ) ;
#13 = ORIENTED_EDGE ( 'NONE', *, *, #14, .F. ) ;
#14 = EDGE_CURVE ( 'NONE', #2, #938, #1979, .T. ) ;
#15 = ORIENTED_EDGE ( 'NONE', *, *, #880, .T. ) ;
#16 = EDGE_LOOP ( 'NONE', ( #15, #65, #84, #83, #87 ) ) ;
#17 = EDGE_LOOP ( 'NONE', ( #68, #73, #77, #74 ) ) ;
#18 = ORIENTED_EDGE ( 'NONE', *, *, #627, .F. ) ;
#19 = ADVANCED_FACE ( 'NONE', ( #1971 ), #2040, .T. ) ;
#20 = ORIENTED_EDGE ( 'NONE', *, *, #843, .F. ) ;
#21 = ORIENTED_EDGE ( 'NONE', *, *, #598, .T. ) ;
#22 = ORIENTED_EDGE ( 'NONE', *, *, #910, .F. ) ;
#23 = EDGE_LOOP ( 'NONE', ( #25, #24, #22, #63 ) ) ;
#24 = ORIENTED_EDGE ( 'NONE', *, *, #1056, .F. ) ;
#25 = ORIENTED_EDGE ( 'NONE', *, *, #1133, .T. ) ;
#26 = ORIENTED_EDGE ( 'NONE', *, *, #737, .F. ) ;
#27 = ADVANCED_FACE ( 'NONE', ( #2039 ), #2032, .F. ) ;
#28 = ORIENTED_EDGE ( 'NONE', *, *, #814, .F. ) ;
#29 = ORIENTED_EDGE ( 'NONE', *, *, #488, .T. ) ;
#30 = ADVANCED_FACE ( 'NONE', ( #2028 ), #2025, .T. ) ;
#31 = ORIENTED_EDGE ( 'NONE', *, *, #105, .F. ) ;
#32 = ADVANCED_FACE ( 'NONE', ( #2023 ), #2019, .T. ) ;
#33 = ADVANCED_FACE ( 'NONE', ( #2017 ), #2013, .T. ) ;
#34 = EDGE_LOOP ( 'NONE', ( #37, #31 ) ) ;
#35 = EDGE_LOOP ( 'NONE', ( #18, #20, #21, #26 ) ) ;
#36 = EDGE_LOOP ( 'NONE', ( #99, #39 ) ) ;
#37 = ORIENTED_EDGE ( 'NONE', *, *, #803, .F. ) ;
#38 = ADVANCED_FACE ( 'NONE', ( #2011 ), #2007, .F. ) ;
#39 = ORIENTED_EDGE ( 'NONE', *, *, #92, .F. ) ;
#40 = ORIENTED_EDGE ( 'NONE', *, *, #484, .F. ) ;
#41 = EDGE_LOOP ( 'NONE', ( #46, #93, #96, #90 ) ) ;
#42 = ORIENTED_EDGE ( 'NONE', *, *, #495, .F. ) ;
#43 = EDGE_LOOP ( 'NONE', ( #42, #28, #49, #40 ) ) ;
#44 = ADVANCED_FACE ( 'NONE', ( #2005 ), #2001, .F. ) ;
#45 = ORIENTED_EDGE ( 'NONE', *, *, #474, .F. ) ;
#46 = ORIENTED_EDGE ( 'NONE', *, *, #594, .F. ) ;
#47 = ORIENTED_EDGE ( 'NONE', *, *, #498, .T. ) ;
#48 = ORIENTED_EDGE ( 'NONE', *, *, #92, .T. ) ;
#49 = ORIENTED_EDGE ( 'NONE', *, *, #476, .T. ) ;
#50 = ORIENTED_EDGE ( 'NONE', *, *, #1, .F. ) ;
#51 = ORIENTED_EDGE ( 'NONE', *, *, #909, .T. ) ;
#52 = ADVANCED_FACE ( 'NONE', ( #1999 ), #1801, .F. ) ;
#53 = ORIENTED_EDGE ( 'NONE', *, *, #838, .T. ) ;
#54 = ORIENTED_EDGE ( 'NONE', *, *, #3, .F. ) ;
#55 = ORIENTED_EDGE ( 'NONE', *, *, #58, .T. ) ;
#56 = ADVANCED_FACE ( 'NONE', ( #1795 ), #1799, .F. ) ;
#57 = ORIENTED_EDGE ( 'NONE', *, *, #58, .F. ) ;
#58 = EDGE_CURVE ( 'NONE', #66, #899, #1792, .T. ) ;
#59 = EDGE_CURVE ( 'NONE', #1111, #66, #1786, .T. ) ;
#60 = ORIENTED_EDGE ( 'NONE', *, *, #1110, .T. ) ;
#61 = ADVANCED_FACE ( 'NONE', ( #1782 ), #1780, .F. ) ;
#62 = ORIENTED_EDGE ( 'NONE', *, *, #88, .F. ) ;
#63 = ORIENTED_EDGE ( 'NONE', *, *, #925, .F. ) ;
#64 = ADVANCED_FACE ( 'NONE', ( #1775 ), #1781, .T. ) ;
#65 = ORIENTED_EDGE ( 'NONE', *, *, #703, .T. ) ;
#66 = VERTEX_POINT ( 'NONE', #2110 ) ;
#67 = ORIENTED_EDGE ( 'NONE', *, *, #59, .F. ) ;
#68 = ORIENTED_EDGE ( 'NONE', *, *, #930, .T. ) ;
#69 = EDGE_LOOP ( 'NONE', ( #86, #57, #67, #60 ) ) ;
#70 = ORIENTED_EDGE ( 'NONE', *, *, #1418, .F. ) ;
#71 = ORIENTED_EDGE ( 'NONE', *, *, #78, .T. ) ;
#72 = EDGE_LOOP ( 'NONE', ( #62, #70, #79 ) ) ;
#73 = ORIENTED_EDGE ( 'NONE', *, *, #1047, .F. ) ;
#74 = ORIENTED_EDGE ( 'NONE', *, *, #985, .F. ) ;
#75 = ADVANCED_FACE ( 'NONE', ( #2134 ), #2115, .T. ) ;
#76 = ADVANCED_FACE ( 'NONE', ( #2116 ), #2236, .T. ) ;
#77 = ORIENTED_EDGE ( 'NONE', *, *, #1016, .F. ) ;
#78 = EDGE_CURVE ( 'NONE', #1423, #712, #2272, .T. ) ;
#79 = ORIENTED_EDGE ( 'NONE', *, *, #1406, .F. ) ;
#80 = EDGE_LOOP ( 'NONE', ( #81, #82, #71 ) ) ;
#81 = ORIENTED_EDGE ( 'NONE', *, *, #716, .T. ) ;
#82 = ORIENTED_EDGE ( 'NONE', *, *, #852, .T. ) ;
#83 = ORIENTED_EDGE ( 'NONE', *, *, #1422, .F. ) ;
#84 = ORIENTED_EDGE ( 'NONE', *, *, #78, .F. ) ;
#85 = ADVANCED_FACE ( 'NONE', ( #2204 ), #2201, .F. ) ;
#86 = ORIENTED_EDGE ( 'NONE', *, *, #896, .T. ) ;
#87 = ORIENTED_EDGE ( 'NONE', *, *, #88, .T. ) ;
#88 = EDGE_CURVE ( 'NONE', #1420, #881, #2248, .T. ) ;
#89 = ORIENTED_EDGE ( 'NONE', *, *, #109, .F. ) ;
#90 = ORIENTED_EDGE ( 'NONE', *, *, #467, .F. ) ;
#91 = ORIENTED_EDGE ( 'NONE', *, *, #477, .F. ) ;
#92 = EDGE_CURVE ( 'NONE', #481, #471, #2220, .T. ) ;
#93 = ORIENTED_EDGE ( 'NONE', *, *, #828, .F. ) ;
#94 = EDGE_LOOP ( 'NONE', ( #91, #48, #29, #95 ) ) ;
#95 = ORIENTED_EDGE ( 'NONE', *, *, #615, .T. ) ;
#96 = ORIENTED_EDGE ( 'NONE', *, *, #500, .T. ) ;
#97 = ADVANCED_FACE ( 'NONE', ( #2101 ), #2232, .T. ) ;
#98 = EDGE_LOOP ( 'NONE', ( #45, #89 ) ) ;
#99 = ORIENTED_EDGE ( 'NONE', *, *, #482, .F. ) ;
#100 = ORIENTED_EDGE ( 'NONE', *, *, #608, .T. ) ;
#101 = ORIENTED_EDGE ( 'NONE', *, *, #470, .T. ) ;
#102 = ORIENTED_EDGE ( 'NONE', *, *, #109, .T. ) ;
#103 = ADVANCED_FACE ( 'NONE', ( #2142 ), #2143, .T. ) ;
#104 = EDGE_LOOP ( 'NONE', ( #106, #102, #101, #47 ) ) ;
#105 = EDGE_CURVE ( 'NONE', #805, #464, #2211, .T. ) ;
#106 = ORIENTED_EDGE ( 'NONE', *, *, #469, .F. ) ;
#107 = ORIENTED_EDGE ( 'NONE', *, *, #776, .T. ) ;
#108 = ORIENTED_EDGE ( 'NONE', *, *, #105, .T. ) ;
#109 = EDGE_CURVE ( 'NONE', #461, #607, #2160, .T. ) ;
#110 = ORIENTED_EDGE ( 'NONE', *, *, #906, .F. ) ;
#111 = EDGE_LOOP ( 'NONE', ( #428, #430, #420, #425 ) ) ;
#112 = EDGE_CURVE ( 'NONE', #894, #1085, #2141, .T. ) ;
#113 = ORIENTED_EDGE ( 'NONE', *, *, #900, .F. ) ;
#114 = ORIENTED_EDGE ( 'NONE', *, *, #117, .F. ) ;
#115 = ORIENTED_EDGE ( 'NONE', *, *, #937, .F. ) ;
#116 = EDGE_LOOP ( 'NONE', ( #213, #203, #206, #207 ) ) ;
#117 = EDGE_CURVE ( 'NONE', #849, #864, #2219, .T. ) ;
#118 = EDGE_LOOP ( 'NONE', ( #121, #123, #124, #113 ) ) ;
#119 = EDGE_LOOP ( 'NONE', ( #122, #131, #115, #120 ) ) ;
#120 = ORIENTED_EDGE ( 'NONE', *, *, #902, .F. ) ;
#121 = ORIENTED_EDGE ( 'NONE', *, *, #117, .T. ) ;
#122 = ORIENTED_EDGE ( 'NONE', *, *, #112, .T. ) ;
#123 = ORIENTED_EDGE ( 'NONE', *, *, #1087, .T. ) ;
#124 = ORIENTED_EDGE ( 'NONE', *, *, #112, .F. ) ;
#125 = EDGE_CURVE ( 'NONE', #247, #986, #2215, .T. ) ;
#126 = ADVANCED_FACE ( 'NONE', ( #2078 ), #2077, .F. ) ;
#127 = ADVANCED_FACE ( 'NONE', ( #2131 ), #2130, .T. ) ;
#128 = ORIENTED_EDGE ( 'NONE', *, *, #462, .F. ) ;
#129 = ADVANCED_FACE ( 'NONE', ( #2128 ), #2127, .F. ) ;
#130 = EDGE_LOOP ( 'NONE', ( #128, #108, #107, #100 ) ) ;
#131 = ORIENTED_EDGE ( 'NONE', *, *, #1084, .T. ) ;
#132 = EDGE_CURVE ( 'NONE', #141, #1113, #2260, .T. ) ;
#133 = ORIENTED_EDGE ( 'NONE', *, *, #148, .T. ) ;
#134 = ORIENTED_EDGE ( 'NONE', *, *, #136, .F. ) ;
#135 = ORIENTED_EDGE ( 'NONE', *, *, #136, .T. ) ;
#136 = EDGE_CURVE ( 'NONE', #141, #1048, #2256, .T. ) ;
#137 = EDGE_LOOP ( 'NONE', ( #142, #170, #171, #135 ) ) ;
#138 = EDGE_CURVE ( 'NONE', #153, #141, #2180, .T. ) ;
#139 = ORIENTED_EDGE ( 'NONE', *, *, #138, .F. ) ;
#140 = EDGE_LOOP ( 'NONE', ( #144, #241, #240, #249, #238, #166 ) ) ;
#141 = VERTEX_POINT ( 'NONE', #2176 ) ;
#142 = ORIENTED_EDGE ( 'NONE', *, *, #1053, .T. ) ;
#143 = ADVANCED_FACE ( 'NONE', ( #2175 ), #2174, .T. ) ;
#144 = ORIENTED_EDGE ( 'NONE', *, *, #1117, .T. ) ;
#145 = ORIENTED_EDGE ( 'NONE', *, *, #1063, .T. ) ;
#146 = EDGE_LOOP ( 'NONE', ( #149, #152, #156, #150 ) ) ;
#147 = ORIENTED_EDGE ( 'NONE', *, *, #1121, .T. ) ;
#148 = EDGE_CURVE ( 'NONE', #153, #1039, #2120, .T. ) ;
#149 = ORIENTED_EDGE ( 'NONE', *, *, #1059, .T. ) ;
#150 = ORIENTED_EDGE ( 'NONE', *, *, #997, .T. ) ;
#151 = ORIENTED_EDGE ( 'NONE', *, *, #940, .T. ) ;
#152 = ORIENTED_EDGE ( 'NONE', *, *, #148, .F. ) ;
#153 = VERTEX_POINT ( 'NONE', #2231 ) ;
#154 = EDGE_LOOP ( 'NONE', ( #145, #285, #168, #134, #139, #133 ) ) ;
#155 = ORIENTED_EDGE ( 'NONE', *, *, #159, .T. ) ;
#156 = ORIENTED_EDGE ( 'NONE', *, *, #158, .F. ) ;
#157 = ADVANCED_FACE ( 'NONE', ( #2230 ), #2229, .F. ) ;
#158 = EDGE_CURVE ( 'NONE', #1131, #153, #2224, .T. ) ;
#159 = EDGE_CURVE ( 'NONE', #947, #935, #2188, .T. ) ;
#160 = ORIENTED_EDGE ( 'NONE', *, *, #161, .T. ) ;
#161 = EDGE_CURVE ( 'NONE', #916, #162, #2184, .T. ) ;
#162 = VERTEX_POINT ( 'NONE', #2154 ) ;
#163 = ORIENTED_EDGE ( 'NONE', *, *, #625, .F. ) ;
#164 = ORIENTED_EDGE ( 'NONE', *, *, #1031, .T. ) ;
#165 = ORIENTED_EDGE ( 'NONE', *, *, #618, .T. ) ;
#166 = ORIENTED_EDGE ( 'NONE', *, *, #132, .T. ) ;
#167 = EDGE_CURVE ( 'NONE', #1023, #1109, #2153, .T. ) ;
#168 = ORIENTED_EDGE ( 'NONE', *, *, #1054, .T. ) ;
#169 = ADVANCED_FACE ( 'NONE', ( #2149 ), #2146, .F. ) ;
#170 = ORIENTED_EDGE ( 'NONE', *, *, #1127, .F. ) ;
#171 = ORIENTED_EDGE ( 'NONE', *, *, #132, .F. ) ;
#172 = VERTEX_POINT ( 'NONE', #2171 ) ;
#173 = ORIENTED_EDGE ( 'NONE', *, *, #325, .F. ) ;
#174 = EDGE_CURVE ( 'NONE', #288, #172, #2170, .T. ) ;
#175 = ORIENTED_EDGE ( 'NONE', *, *, #741, .T. ) ;
#176 = ORIENTED_EDGE ( 'NONE', *, *, #995, .F. ) ;
#177 = EDGE_LOOP ( 'NONE', ( #181, #182, #114, #110 ) ) ;
#178 = ORIENTED_EDGE ( 'NONE', *, *, #1051, .F. ) ;
#179 = ORIENTED_EDGE ( 'NONE', *, *, #184, .F. ) ;
#180 = EDGE_LOOP ( 'NONE', ( #188, #176, #175, #179, #178 ) ) ;
#181 = ORIENTED_EDGE ( 'NONE', *, *, #1106, .T. ) ;
#182 = ORIENTED_EDGE ( 'NONE', *, *, #863, .T. ) ;
#183 = ADVANCED_FACE ( 'NONE', ( #2166 ), #2165, .F. ) ;
#184 = EDGE_CURVE ( 'NONE', #1058, #746, #2268, .T. ) ;
#185 = ORIENTED_EDGE ( 'NONE', *, *, #1404, .T. ) ;
#186 = ORIENTED_EDGE ( 'NONE', *, *, #1173, .T. ) ;
#187 = ADVANCED_FACE ( 'NONE', ( #2261 ), #2073, .F. ) ;
#188 = ORIENTED_EDGE ( 'NONE', *, *, #738, .F. ) ;
#189 = ORIENTED_EDGE ( 'NONE', *, *, #208, .F. ) ;
#190 = ORIENTED_EDGE ( 'NONE', *, *, #125, .F. ) ;
#191 = ADVANCED_FACE ( 'NONE', ( #2074 ), #2068, .F. ) ;
#192 = EDGE_LOOP ( 'NONE', ( #193, #328, #173, #326, #327, #329, #330, #319, #311, #308 ) ) ;
#193 = ORIENTED_EDGE ( 'NONE', *, *, #194, .T. ) ;
#194 = EDGE_CURVE ( 'NONE', #1109, #288, #2066, .T. ) ;
#195 = ORIENTED_EDGE ( 'NONE', *, *, #981, .F. ) ;
#196 = EDGE_CURVE ( 'NONE', #1122, #676, #2058, .T. ) ;
#197 = ORIENTED_EDGE ( 'NONE', *, *, #992, .F. ) ;
#198 = ORIENTED_EDGE ( 'NONE', *, *, #200, .T. ) ;
#199 = ORIENTED_EDGE ( 'NONE', *, *, #196, .T. ) ;
#200 = EDGE_CURVE ( 'NONE', #210, #1023, #2053, .T. ) ;
#201 = ORIENTED_EDGE ( 'NONE', *, *, #675, .T. ) ;
#202 = ORIENTED_EDGE ( 'NONE', *, *, #1112, .T. ) ;
#203 = ORIENTED_EDGE ( 'NONE', *, *, #208, .T. ) ;
#204 = ADVANCED_FACE ( 'NONE', ( #2198 ), #2197, .F. ) ;
#205 = EDGE_LOOP ( 'NONE', ( #214, #211, #198, #202, #199, #201, #189, #197, #195, #190 ) ) ;
#206 = ORIENTED_EDGE ( 'NONE', *, *, #640, .T. ) ;
#207 = ORIENTED_EDGE ( 'NONE', *, *, #229, .F. ) ;
#208 = EDGE_CURVE ( 'NONE', #1006, #666, #2098, .T. ) ;
#209 = EDGE_CURVE ( 'NONE', #215, #247, #2094, .T. ) ;
#210 = VERTEX_POINT ( 'NONE', #2090 ) ;
#211 = ORIENTED_EDGE ( 'NONE', *, *, #212, .T. ) ;
#212 = EDGE_CURVE ( 'NONE', #215, #210, #2089, .T. ) ;
#213 = ORIENTED_EDGE ( 'NONE', *, *, #994, .F. ) ;
#214 = ORIENTED_EDGE ( 'NONE', *, *, #209, .F. ) ;
#215 = VERTEX_POINT ( 'NONE', #2085 ) ;
#216 = ADVANCED_FACE ( 'NONE', ( #2084 ), #2302, .F. ) ;
#217 = ORIENTED_EDGE ( 'NONE', *, *, #996, .F. ) ;
#218 = ORIENTED_EDGE ( 'NONE', *, *, #229, .T. ) ;
#219 = ORIENTED_EDGE ( 'NONE', *, *, #801, .F. ) ;
#220 = ORIENTED_EDGE ( 'NONE', *, *, #1003, .F. ) ;
#221 = ORIENTED_EDGE ( 'NONE', *, *, #222, .T. ) ;
#222 = EDGE_CURVE ( 'NONE', #991, #643, #2314, .T. ) ;
#223 = ORIENTED_EDGE ( 'NONE', *, *, #920, .F. ) ;
#224 = EDGE_LOOP ( 'NONE', ( #219, #220, #221, #230 ) ) ;
#225 = ORIENTED_EDGE ( 'NONE', *, *, #650, .T. ) ;
#226 = ORIENTED_EDGE ( 'NONE', *, *, #222, .F. ) ;
#227 = ADVANCED_FACE ( 'NONE', ( #2313 ), #2290, .F. ) ;
#228 = EDGE_CURVE ( 'NONE', #427, #1213, #2289, .T. ) ;
#229 = EDGE_CURVE ( 'NONE', #1022, #641, #2288, .T. ) ;
#230 = ORIENTED_EDGE ( 'NONE', *, *, #648, .T. ) ;
#231 = ADVANCED_FACE ( 'NONE', ( #2309 ), #2307, .F. ) ;
#232 = EDGE_LOOP ( 'NONE', ( #217, #218, #225, #226 ) ) ;
#233 = ORIENTED_EDGE ( 'NONE', *, *, #286, .F. ) ;
#234 = ADVANCED_FACE ( 'NONE', ( #2308 ), #2300, .F. ) ;
#235 = ORIENTED_EDGE ( 'NONE', *, *, #184, .T. ) ;
#236 = EDGE_LOOP ( 'NONE', ( #160, #245, #248, #223 ) ) ;
#237 = EDGE_LOOP ( 'NONE', ( #235, #244, #233 ) ) ;
#238 = ORIENTED_EDGE ( 'NONE', *, *, #138, .T. ) ;
#239 = EDGE_LOOP ( 'NONE', ( #163, #164, #165, #243 ) ) ;
#240 = ORIENTED_EDGE ( 'NONE', *, *, #1130, .T. ) ;
#241 = ORIENTED_EDGE ( 'NONE', *, *, #167, .T. ) ;
#242 = ADVANCED_FACE ( 'NONE', ( #2316 ), #2286, .T. ) ;
#243 = ORIENTED_EDGE ( 'NONE', *, *, #651, .F. ) ;
#244 = ORIENTED_EDGE ( 'NONE', *, *, #745, .T. ) ;
#245 = ORIENTED_EDGE ( 'NONE', *, *, #246, .T. ) ;
#246 = EDGE_CURVE ( 'NONE', #162, #247, #2347, .T. ) ;
#247 = VERTEX_POINT ( 'NONE', #2343 ) ;
#248 = ORIENTED_EDGE ( 'NONE', *, *, #125, .T. ) ;
#249 = ORIENTED_EDGE ( 'NONE', *, *, #158, .T. ) ;
#250 = ADVANCED_FACE ( 'NONE', ( #2364 ), #2361, .F. ) ;
#251 = ADVANCED_FACE ( 'NONE', ( #2327 ), #2305, .F. ) ;
#252 = ORIENTED_EDGE ( 'NONE', *, *, #303, .F. ) ;
#253 = EDGE_CURVE ( 'NONE', #392, #304, #2388, .T. ) ;
#254 = ORIENTED_EDGE ( 'NONE', *, *, #409, .F. ) ;
#255 = ORIENTED_EDGE ( 'NONE', *, *, #274, .T. ) ;
#256 = ORIENTED_EDGE ( 'NONE', *, *, #257, .F. ) ;
#257 = EDGE_CURVE ( 'NONE', #403, #273, #2389, .T. ) ;
#258 = EDGE_LOOP ( 'NONE', ( #254, #264, #365, #371 ) ) ;
#259 = EDGE_CURVE ( 'NONE', #410, #416, #2372, .T. ) ;
#260 = ADVANCED_FACE ( 'NONE', ( #2339 ), #2358, .F. ) ;
#261 = EDGE_LOOP ( 'NONE', ( #255, #256, #266, #366 ) ) ;
#262 = EDGE_CURVE ( 'NONE', #397, #301, #2285, .T. ) ;
#263 = ORIENTED_EDGE ( 'NONE', *, *, #390, .T. ) ;
#264 = ORIENTED_EDGE ( 'NONE', *, *, #262, .T. ) ;
#265 = ORIENTED_EDGE ( 'NONE', *, *, #253, .T. ) ;
#266 = ORIENTED_EDGE ( 'NONE', *, *, #402, .F. ) ;
#267 = ORIENTED_EDGE ( 'NONE', *, *, #268, .F. ) ;
#268 = EDGE_CURVE ( 'NONE', #411, #384, #2278, .T. ) ;
#269 = ADVANCED_FACE ( 'NONE', ( #2449 ), #2450, .F. ) ;
#270 = EDGE_LOOP ( 'NONE', ( #272, #267, #276, #374 ) ) ;
#271 = EDGE_CURVE ( 'NONE', #292, #377, #2497, .T. ) ;
#272 = ORIENTED_EDGE ( 'NONE', *, *, #387, .T. ) ;
#273 = VERTEX_POINT ( 'NONE', #2486 ) ;
#274 = EDGE_CURVE ( 'NONE', #416, #273, #2487, .T. ) ;
#275 = ORIENTED_EDGE ( 'NONE', *, *, #401, .F. ) ;
#276 = ORIENTED_EDGE ( 'NONE', *, *, #396, .F. ) ;
#277 = EDGE_CURVE ( 'NONE', #273, #377, #2488, .T. ) ;
#278 = ORIENTED_EDGE ( 'NONE', *, *, #271, .T. ) ;
#279 = ORIENTED_EDGE ( 'NONE', *, *, #274, .F. ) ;
#280 = ORIENTED_EDGE ( 'NONE', *, *, #378, .T. ) ;
#281 = ORIENTED_EDGE ( 'NONE', *, *, #282, .F. ) ;
#282 = EDGE_CURVE ( 'NONE', #404, #388, #2563, .T. ) ;
#283 = ADVANCED_FACE ( 'NONE', ( #2461 ), #2485, .T. ) ;
#284 = ADVANCED_FACE ( 'NONE', ( #2495 ), #2494, .F. ) ;
#285 = ORIENTED_EDGE ( 'NONE', *, *, #286, .T. ) ;
#286 = EDGE_CURVE ( 'NONE', #1058, #736, #2525, .T. ) ;
#287 = ORIENTED_EDGE ( 'NONE', *, *, #440, .T. ) ;
#288 = VERTEX_POINT ( 'NONE', #2521 ) ;
#289 = ORIENTED_EDGE ( 'NONE', *, *, #372, .F. ) ;
#290 = EDGE_LOOP ( 'NONE', ( #8, #11, #7, #151, #155, #147 ) ) ;
#291 = ORIENTED_EDGE ( 'NONE', *, *, #401, .T. ) ;
#292 = VERTEX_POINT ( 'NONE', #2520 ) ;
#293 = ORIENTED_EDGE ( 'NONE', *, *, #297, .T. ) ;
#294 = ORIENTED_EDGE ( 'NONE', *, *, #209, .T. ) ;
#295 = ORIENTED_EDGE ( 'NONE', *, *, #246, .F. ) ;
#296 = EDGE_LOOP ( 'NONE', ( #414, #398, #400, #381, #395, #394, #389, #391, #382, #385, #375, #279 ) ) ;
#297 = EDGE_CURVE ( 'NONE', #172, #397, #2533, .T. ) ;
#298 = ORIENTED_EDGE ( 'NONE', *, *, #299, .T. ) ;
#299 = EDGE_CURVE ( 'NONE', #304, #215, #2528, .T. ) ;
#300 = ADVANCED_FACE ( 'NONE', ( #2436 ), #2566, .F. ) ;
#301 = VERTEX_POINT ( 'NONE', #2513 ) ;
#302 = ORIENTED_EDGE ( 'NONE', *, *, #303, .T. ) ;
#303 = EDGE_CURVE ( 'NONE', #405, #304, #2512, .T. ) ;
#304 = VERTEX_POINT ( 'NONE', #2508 ) ;
#305 = ADVANCED_FACE ( 'NONE', ( #2507 ), #2425, .T. ) ;
#306 = EDGE_LOOP ( 'NONE', ( #307, #293, #417, #408, #412, #291, #418, #406, #302, #298, #294, #295 ) ) ;
#307 = ORIENTED_EDGE ( 'NONE', *, *, #325, .T. ) ;
#308 = ORIENTED_EDGE ( 'NONE', *, *, #1125, .F. ) ;
#309 = EDGE_CURVE ( 'NONE', #661, #1126, #2424, .T. ) ;
#310 = EDGE_CURVE ( 'NONE', #1011, #635, #2415, .T. ) ;
#311 = ORIENTED_EDGE ( 'NONE', *, *, #309, .T. ) ;
#312 = ORIENTED_EDGE ( 'NONE', *, *, #982, .F. ) ;
#313 = EDGE_CURVE ( 'NONE', #988, #664, #2411, .T. ) ;
#314 = ORIENTED_EDGE ( 'NONE', *, *, #1010, .F. ) ;
#315 = ORIENTED_EDGE ( 'NONE', *, *, #799, .T. ) ;
#316 = ORIENTED_EDGE ( 'NONE', *, *, #588, .T. ) ;
#317 = ADVANCED_FACE ( 'NONE', ( #2407 ), #2405, .F. ) ;
#318 = ORIENTED_EDGE ( 'NONE', *, *, #310, .T. ) ;
#319 = ORIENTED_EDGE ( 'NONE', *, *, #663, .T. ) ;
#320 = EDGE_LOOP ( 'NONE', ( #314, #315, #316, #10 ) ) ;
#321 = ORIENTED_EDGE ( 'NONE', *, *, #313, .F. ) ;
#322 = ADVANCED_FACE ( 'NONE', ( #2400 ), #2406, .F. ) ;
#323 = EDGE_LOOP ( 'NONE', ( #312, #318, #324, #321 ) ) ;
#324 = ORIENTED_EDGE ( 'NONE', *, *, #638, .T. ) ;
#325 = EDGE_CURVE ( 'NONE', #162, #172, #2397, .T. ) ;
#326 = ORIENTED_EDGE ( 'NONE', *, *, #161, .F. ) ;
#327 = ORIENTED_EDGE ( 'NONE', *, *, #905, .F. ) ;
#328 = ORIENTED_EDGE ( 'NONE', *, *, #174, .T. ) ;
#329 = ORIENTED_EDGE ( 'NONE', *, *, #927, .F. ) ;
#330 = ORIENTED_EDGE ( 'NONE', *, *, #313, .T. ) ;
#331 = VERTEX_POINT ( 'NONE', #2546 ) ;
#332 = ORIENTED_EDGE ( 'NONE', *, *, #333, .T. ) ;
#333 = EDGE_CURVE ( 'NONE', #350, #331, #2544, .T. ) ;
#334 = ORIENTED_EDGE ( 'NONE', *, *, #335, .F. ) ;
#335 = EDGE_CURVE ( 'NONE', #454, #456, #2570, .T. ) ;
#336 = ORIENTED_EDGE ( 'NONE', *, *, #457, .F. ) ;
#337 = VERTEX_POINT ( 'NONE', #2569 ) ;
#338 = EDGE_CURVE ( 'NONE', #459, #337, #2600, .T. ) ;
#339 = ORIENTED_EDGE ( 'NONE', *, *, #340, .F. ) ;
#340 = EDGE_CURVE ( 'NONE', #341, #459, #2601, .T. ) ;
#341 = VERTEX_POINT ( 'NONE', #2592 ) ;
#342 = ORIENTED_EDGE ( 'NONE', *, *, #455, .F. ) ;
#343 = ORIENTED_EDGE ( 'NONE', *, *, #344, .F. ) ;
#344 = EDGE_CURVE ( 'NONE', #350, #947, #2591, .T. ) ;
#345 = EDGE_CURVE ( 'NONE', #935, #348, #2587, .T. ) ;
#346 = EDGE_CURVE ( 'NONE', #359, #348, #2583, .T. ) ;
#347 = ORIENTED_EDGE ( 'NONE', *, *, #159, .F. ) ;
#348 = VERTEX_POINT ( 'NONE', #2579 ) ;
#349 = ORIENTED_EDGE ( 'NONE', *, *, #345, .F. ) ;
#350 = VERTEX_POINT ( 'NONE', #2578 ) ;
#351 = ORIENTED_EDGE ( 'NONE', *, *, #355, .F. ) ;
#352 = ADVANCED_FACE ( 'NONE', ( #2577 ), #2644, .F. ) ;
#353 = ORIENTED_EDGE ( 'NONE', *, *, #271, .F. ) ;
#354 = VERTEX_POINT ( 'NONE', #2639 ) ;
#355 = EDGE_CURVE ( 'NONE', #359, #354, #2637, .T. ) ;
#356 = ORIENTED_EDGE ( 'NONE', *, *, #277, .T. ) ;
#357 = EDGE_LOOP ( 'NONE', ( #351, #358, #349, #347, #343, #332, #342, #334, #336, #458, #339, #450 ) ) ;
#358 = ORIENTED_EDGE ( 'NONE', *, *, #346, .T. ) ;
#359 = VERTEX_POINT ( 'NONE', #2685 ) ;
#360 = ORIENTED_EDGE ( 'NONE', *, *, #413, .F. ) ;
#361 = ORIENTED_EDGE ( 'NONE', *, *, #257, .T. ) ;
#362 = ORIENTED_EDGE ( 'NONE', *, *, #372, .T. ) ;
#363 = ADVANCED_FACE ( 'NONE', ( #2684 ), #2666, .F. ) ;
#364 = ORIENTED_EDGE ( 'NONE', *, *, #268, .T. ) ;
#365 = ORIENTED_EDGE ( 'NONE', *, *, #415, .T. ) ;
#366 = ORIENTED_EDGE ( 'NONE', *, *, #259, .T. ) ;
#367 = EDGE_LOOP ( 'NONE', ( #356, #353, #360, #361 ) ) ;
#368 = EDGE_LOOP ( 'NONE', ( #263, #265, #252, #362 ) ) ;
#369 = ORIENTED_EDGE ( 'NONE', *, *, #407, .F. ) ;
#370 = ADVANCED_FACE ( 'NONE', ( #2665 ), #2695, .F. ) ;
#371 = ORIENTED_EDGE ( 'NONE', *, *, #259, .F. ) ;
#372 = EDGE_CURVE ( 'NONE', #405, #393, #2690, .T. ) ;
#373 = EDGE_LOOP ( 'NONE', ( #280, #281, #275, #278 ) ) ;
#374 = ORIENTED_EDGE ( 'NONE', *, *, #282, .T. ) ;
#375 = ORIENTED_EDGE ( 'NONE', *, *, #277, .F. ) ;
#376 = ADVANCED_FACE ( 'NONE', ( #2736 ), #2718, .F. ) ;
#377 = VERTEX_POINT ( 'NONE', #2713 ) ;
#378 = EDGE_CURVE ( 'NONE', #377, #388, #2712, .T. ) ;
#379 = ORIENTED_EDGE ( 'NONE', *, *, #386, .T. ) ;
#380 = EDGE_LOOP ( 'NONE', ( #379, #289, #369, #364 ) ) ;
#381 = ORIENTED_EDGE ( 'NONE', *, *, #167, .F. ) ;
#382 = ORIENTED_EDGE ( 'NONE', *, *, #387, .F. ) ;
#383 = EDGE_CURVE ( 'NONE', #210, #392, #2629, .T. ) ;
#384 = VERTEX_POINT ( 'NONE', #2625 ) ;
#385 = ORIENTED_EDGE ( 'NONE', *, *, #378, .F. ) ;
#386 = EDGE_CURVE ( 'NONE', #384, #393, #2624, .T. ) ;
#387 = EDGE_CURVE ( 'NONE', #388, #384, #2620, .T. ) ;
#388 = VERTEX_POINT ( 'NONE', #2616 ) ;
#389 = ORIENTED_EDGE ( 'NONE', *, *, #390, .F. ) ;
#390 = EDGE_CURVE ( 'NONE', #393, #392, #2615, .T. ) ;
#391 = ORIENTED_EDGE ( 'NONE', *, *, #386, .F. ) ;
#392 = VERTEX_POINT ( 'NONE', #2611 ) ;
#393 = VERTEX_POINT ( 'NONE', #2610 ) ;
#394 = ORIENTED_EDGE ( 'NONE', *, *, #383, .T. ) ;
#395 = ORIENTED_EDGE ( 'NONE', *, *, #200, .F. ) ;
#396 = EDGE_CURVE ( 'NONE', #404, #411, #2609, .T. ) ;
#397 = VERTEX_POINT ( 'NONE', #2605 ) ;
#398 = ORIENTED_EDGE ( 'NONE', *, *, #399, .T. ) ;
#399 = EDGE_CURVE ( 'NONE', #301, #288, #2603, .T. ) ;
#400 = ORIENTED_EDGE ( 'NONE', *, *, #194, .F. ) ;
#401 = EDGE_CURVE ( 'NONE', #292, #404, #2828, .T. ) ;
#402 = EDGE_CURVE ( 'NONE', #410, #403, #2884, .T. ) ;
#403 = VERTEX_POINT ( 'NONE', #2823 ) ;
#404 = VERTEX_POINT ( 'NONE', #2886 ) ;
#405 = VERTEX_POINT ( 'NONE', #2885 ) ;
#406 = ORIENTED_EDGE ( 'NONE', *, *, #407, .T. ) ;
#407 = EDGE_CURVE ( 'NONE', #411, #405, #2746, .T. ) ;
#408 = ORIENTED_EDGE ( 'NONE', *, *, #402, .T. ) ;
#409 = EDGE_CURVE ( 'NONE', #397, #410, #2898, .T. ) ;
#410 = VERTEX_POINT ( 'NONE', #2775 ) ;
#411 = VERTEX_POINT ( 'NONE', #2774 ) ;
#412 = ORIENTED_EDGE ( 'NONE', *, *, #413, .T. ) ;
#413 = EDGE_CURVE ( 'NONE', #403, #292, #2762, .T. ) ;
#414 = ORIENTED_EDGE ( 'NONE', *, *, #415, .F. ) ;
#415 = EDGE_CURVE ( 'NONE', #301, #416, #2770, .T. ) ;
#416 = VERTEX_POINT ( 'NONE', #2874 ) ;
#417 = ORIENTED_EDGE ( 'NONE', *, *, #409, .T. ) ;
#418 = ORIENTED_EDGE ( 'NONE', *, *, #396, .T. ) ;
#419 = ADVANCED_FACE ( 'NONE', ( #2873 ), #2751, .F. ) ;
#420 = ORIENTED_EDGE ( 'NONE', *, *, #424, .F. ) ;
#421 = ORIENTED_EDGE ( 'NONE', *, *, #431, .T. ) ;
#422 = ADVANCED_FACE ( 'NONE', ( #2750 ), #2855, .F. ) ;
#423 = ORIENTED_EDGE ( 'NONE', *, *, #629, .T. ) ;
#424 = EDGE_CURVE ( 'NONE', #433, #429, #2893, .T. ) ;
#425 = ORIENTED_EDGE ( 'NONE', *, *, #438, .T. ) ;
#426 = VERTEX_POINT ( 'NONE', #2834 ) ;
#427 = VERTEX_POINT ( 'NONE', #2833 ) ;
#428 = ORIENTED_EDGE ( 'NONE', *, *, #335, .T. ) ;
#429 = VERTEX_POINT ( 'NONE', #2832 ) ;
#430 = ORIENTED_EDGE ( 'NONE', *, *, #431, .F. ) ;
#431 = EDGE_CURVE ( 'NONE', #429, #456, #2831, .T. ) ;
#432 = EDGE_CURVE ( 'NONE', #446, #433, #2811, .T. ) ;
#433 = VERTEX_POINT ( 'NONE', #2807 ) ;
#434 = ADVANCED_FACE ( 'NONE', ( #2806 ), #2819, .F. ) ;
#435 = ADVANCED_FACE ( 'NONE', ( #2818 ), #2788, .F. ) ;
#436 = ORIENTED_EDGE ( 'NONE', *, *, #432, .F. ) ;
#437 = ORIENTED_EDGE ( 'NONE', *, *, #445, .T. ) ;
#438 = EDGE_CURVE ( 'NONE', #433, #454, #2783, .T. ) ;
#439 = EDGE_LOOP ( 'NONE', ( #441, #442, #436, #437 ) ) ;
#440 = EDGE_CURVE ( 'NONE', #447, #459, #2779, .T. ) ;
#441 = ORIENTED_EDGE ( 'NONE', *, *, #457, .T. ) ;
#442 = ORIENTED_EDGE ( 'NONE', *, *, #438, .F. ) ;
#443 = EDGE_LOOP ( 'NONE', ( #453, #444, #451, #287 ) ) ;
#444 = ORIENTED_EDGE ( 'NONE', *, *, #445, .F. ) ;
#445 = EDGE_CURVE ( 'NONE', #446, #337, #2758, .T. ) ;
#446 = VERTEX_POINT ( 'NONE', #2754 ) ;
#447 = VERTEX_POINT ( 'NONE', #2753 ) ;
#448 = EDGE_CURVE ( 'NONE', #354, #341, #2853, .T. ) ;
#449 = ADVANCED_FACE ( 'NONE', ( #2849 ), #3159, .T. ) ;
#450 = ORIENTED_EDGE ( 'NONE', *, *, #448, .F. ) ;
#451 = ORIENTED_EDGE ( 'NONE', *, *, #452, .F. ) ;
#452 = EDGE_CURVE ( 'NONE', #447, #446, #3160, .T. ) ;
#453 = ORIENTED_EDGE ( 'NONE', *, *, #338, .T. ) ;
#454 = VERTEX_POINT ( 'NONE', #3150 ) ;
#455 = EDGE_CURVE ( 'NONE', #456, #331, #3149, .T. ) ;
#456 = VERTEX_POINT ( 'NONE', #3145 ) ;
#457 = EDGE_CURVE ( 'NONE', #337, #454, #3144, .T. ) ;
#458 = ORIENTED_EDGE ( 'NONE', *, *, #338, .F. ) ;
#459 = VERTEX_POINT ( 'NONE', #3140 ) ;
#460 = ORIENTED_EDGE ( 'NONE', *, *, #470, .F. ) ;
#461 = VERTEX_POINT ( 'NONE', #3139 ) ;
#462 = EDGE_CURVE ( 'NONE', #805, #611, #3138, .T. ) ;
#463 = EDGE_LOOP ( 'NONE', ( #802, #804, #740, #773 ) ) ;
#464 = VERTEX_POINT ( 'NONE', #3134 ) ;
#465 = ORIENTED_EDGE ( 'NONE', *, *, #469, .T. ) ;
#466 = ORIENTED_EDGE ( 'NONE', *, *, #467, .T. ) ;
#467 = EDGE_CURVE ( 'NONE', #595, #603, #3133, .T. ) ;
#468 = ADVANCED_FACE ( 'NONE', ( #3127 ), #3126, .T. ) ;
#469 = EDGE_CURVE ( 'NONE', #461, #595, #3121, .T. ) ;
#470 = EDGE_CURVE ( 'NONE', #607, #603, #3117, .T. ) ;
#471 = VERTEX_POINT ( 'NONE', #3113 ) ;
#472 = ADVANCED_FACE ( 'NONE', ( #3112 ), #3111, .T. ) ;
#473 = ORIENTED_EDGE ( 'NONE', *, *, #474, .T. ) ;
#474 = EDGE_CURVE ( 'NONE', #607, #461, #3105, .T. ) ;
#475 = ORIENTED_EDGE ( 'NONE', *, *, #476, .F. ) ;
#476 = EDGE_CURVE ( 'NONE', #492, #606, #3106, .T. ) ;
#477 = EDGE_CURVE ( 'NONE', #481, #493, #2941, .T. ) ;
#478 = ORIENTED_EDGE ( 'NONE', *, *, #477, .T. ) ;
#479 = ADVANCED_FACE ( 'NONE', ( #2937 ), #2936, .T. ) ;
#480 = ORIENTED_EDGE ( 'NONE', *, *, #482, .T. ) ;
#481 = VERTEX_POINT ( 'NONE', #2934 ) ;
#482 = EDGE_CURVE ( 'NONE', #471, #481, #2930, .T. ) ;
#483 = ORIENTED_EDGE ( 'NONE', *, *, #484, .T. ) ;
#484 = EDGE_CURVE ( 'NONE', #493, #606, #2925, .T. ) ;
#485 = EDGE_LOOP ( 'NONE', ( #473, #465, #466, #460 ) ) ;
#486 = EDGE_LOOP ( 'NONE', ( #480, #478, #483, #487 ) ) ;
#487 = ORIENTED_EDGE ( 'NONE', *, *, #488, .F. ) ;
#488 = EDGE_CURVE ( 'NONE', #471, #606, #2920, .T. ) ;
#489 = EDGE_CURVE ( 'NONE', #491, #492, #2916, .T. ) ;
#490 = ORIENTED_EDGE ( 'NONE', *, *, #615, .F. ) ;
#491 = VERTEX_POINT ( 'NONE', #3096 ) ;
#492 = VERTEX_POINT ( 'NONE', #3095 ) ;
#493 = VERTEX_POINT ( 'NONE', #3094 ) ;
#494 = ORIENTED_EDGE ( 'NONE', *, *, #495, .T. ) ;
#495 = EDGE_CURVE ( 'NONE', #491, #493, #3093, .T. ) ;
#496 = ORIENTED_EDGE ( 'NONE', *, *, #489, .F. ) ;
#497 = VERTEX_POINT ( 'NONE', #3088 ) ;
#498 = EDGE_CURVE ( 'NONE', #603, #595, #3087, .T. ) ;
#499 = ORIENTED_EDGE ( 'NONE', *, *, #599, .F. ) ;
#500 = EDGE_CURVE ( 'NONE', #600, #603, #3082, .T. ) ;
#501 = EDGE_CURVE ( 'NONE', #976, #980, #3077, .T. ) ;
#502 = ORIENTED_EDGE ( 'NONE', *, *, #972, .T. ) ;
#503 = EDGE_CURVE ( 'NONE', #511, #517, #3073, .T. ) ;
#504 = EDGE_LOOP ( 'NONE', ( #509, #502, #974, #969, #970, #979, #955, #964, #967, #960, #942, #950 ) ) ;
#505 = EDGE_LOOP ( 'NONE', ( #515, #516, #519, #513 ) ) ;
#506 = VERTEX_POINT ( 'NONE', #3046 ) ;
#507 = VERTEX_POINT ( 'NONE', #3045 ) ;
#508 = EDGE_CURVE ( 'NONE', #517, #507, #3044, .T. ) ;
#509 = ORIENTED_EDGE ( 'NONE', *, *, #963, .T. ) ;
#510 = EDGE_CURVE ( 'NONE', #511, #506, #3040, .T. ) ;
#511 = VERTEX_POINT ( 'NONE', #3036 ) ;
#512 = ADVANCED_FACE ( 'NONE', ( #3035, #3033 ), #3068, .T. ) ;
#513 = ORIENTED_EDGE ( 'NONE', *, *, #503, .T. ) ;
#514 = EDGE_CURVE ( 'NONE', #525, #560, #3063, .T. ) ;
#515 = ORIENTED_EDGE ( 'NONE', *, *, #508, .T. ) ;
#516 = ORIENTED_EDGE ( 'NONE', *, *, #518, .T. ) ;
#517 = VERTEX_POINT ( 'NONE', #3062 ) ;
#518 = EDGE_CURVE ( 'NONE', #507, #506, #3061, .T. ) ;
#519 = ORIENTED_EDGE ( 'NONE', *, *, #510, .F. ) ;
#520 = ORIENTED_EDGE ( 'NONE', *, *, #521, .T. ) ;
#521 = EDGE_CURVE ( 'NONE', #528, #527, #3016, .T. ) ;
#522 = ORIENTED_EDGE ( 'NONE', *, *, #514, .T. ) ;
#523 = ORIENTED_EDGE ( 'NONE', *, *, #530, .T. ) ;
#524 = ORIENTED_EDGE ( 'NONE', *, *, #526, .T. ) ;
#525 = VERTEX_POINT ( 'NONE', #3015 ) ;
#526 = EDGE_CURVE ( 'NONE', #529, #528, #3014, .T. ) ;
#527 = VERTEX_POINT ( 'NONE', #3010 ) ;
#528 = VERTEX_POINT ( 'NONE', #3009 ) ;
#529 = VERTEX_POINT ( 'NONE', #2989 ) ;
#530 = EDGE_CURVE ( 'NONE', #527, #525, #2980, .T. ) ;
#531 = VERTEX_POINT ( 'NONE', #2982 ) ;
#532 = ORIENTED_EDGE ( 'NONE', *, *, #533, .T. ) ;
#533 = EDGE_CURVE ( 'NONE', #542, #537, #2981, .T. ) ;
#534 = ORIENTED_EDGE ( 'NONE', *, *, #707, .T. ) ;
#535 = VERTEX_POINT ( 'NONE', #2976 ) ;
#536 = ORIENTED_EDGE ( 'NONE', *, *, #538, .T. ) ;
#537 = VERTEX_POINT ( 'NONE', #2962 ) ;
#538 = EDGE_CURVE ( 'NONE', #535, #539, #2961, .T. ) ;
#539 = VERTEX_POINT ( 'NONE', #3351 ) ;
#540 = ORIENTED_EDGE ( 'NONE', *, *, #541, .T. ) ;
#541 = EDGE_CURVE ( 'NONE', #539, #542, #3342, .T. ) ;
#542 = VERTEX_POINT ( 'NONE', #3343 ) ;
#543 = EDGE_CURVE ( 'NONE', #548, #535, #3161, .T. ) ;
#544 = ORIENTED_EDGE ( 'NONE', *, *, #545, .T. ) ;
#545 = EDGE_CURVE ( 'NONE', #557, #548, #3181, .T. ) ;
#546 = EDGE_LOOP ( 'NONE', ( #628, #423, #630, #421 ) ) ;
#547 = EDGE_LOOP ( 'NONE', ( #632, #1214, #1210, #1211, #1208, #1167, #1171, #1154, #1157, #1161, #1169, #1235, #1148, #1234, #1229, #1232 ) ) ;
#548 = VERTEX_POINT ( 'NONE', #3180 ) ;
#549 = ORIENTED_EDGE ( 'NONE', *, *, #543, .T. ) ;
#550 = EDGE_CURVE ( 'NONE', #959, #531, #3174, .T. ) ;
#551 = EDGE_CURVE ( 'NONE', #566, #633, #3364, .T. ) ;
#552 = ORIENTED_EDGE ( 'NONE', *, *, #553, .T. ) ;
#553 = EDGE_CURVE ( 'NONE', #560, #561, #3360, .T. ) ;
#554 = VERTEX_POINT ( 'NONE', #3359 ) ;
#555 = ORIENTED_EDGE ( 'NONE', *, *, #556, .T. ) ;
#556 = EDGE_CURVE ( 'NONE', #554, #557, #3352, .T. ) ;
#557 = VERTEX_POINT ( 'NONE', #3277 ) ;
#558 = EDGE_CURVE ( 'NONE', #569, #559, #3276, .T. ) ;
#559 = VERTEX_POINT ( 'NONE', #3320 ) ;
#560 = VERTEX_POINT ( 'NONE', #3319 ) ;
#561 = VERTEX_POINT ( 'NONE', #3318 ) ;
#562 = ORIENTED_EDGE ( 'NONE', *, *, #563, .T. ) ;
#563 = EDGE_CURVE ( 'NONE', #561, #554, #3313, .T. ) ;
#564 = EDGE_CURVE ( 'NONE', #575, #566, #3312, .T. ) ;
#565 = EDGE_LOOP ( 'NONE', ( #552, #562, #555, #544, #549, #536, #540, #532, #534, #524, #520, #523, #522 ) ) ;
#566 = VERTEX_POINT ( 'NONE', #3183 ) ;
#567 = ORIENTED_EDGE ( 'NONE', *, *, #551, .T. ) ;
#568 = EDGE_CURVE ( 'NONE', #586, #570, #3206, .T. ) ;
#569 = VERTEX_POINT ( 'NONE', #3202 ) ;
#570 = VERTEX_POINT ( 'NONE', #3311 ) ;
#571 = EDGE_CURVE ( 'NONE', #570, #569, #3310, .T. ) ;
#572 = EDGE_CURVE ( 'NONE', #559, #575, #3306, .T. ) ;
#573 = ORIENTED_EDGE ( 'NONE', *, *, #564, .T. ) ;
#574 = ORIENTED_EDGE ( 'NONE', *, *, #572, .T. ) ;
#575 = VERTEX_POINT ( 'NONE', #3256 ) ;
#576 = ORIENTED_EDGE ( 'NONE', *, *, #571, .T. ) ;
#577 = ORIENTED_EDGE ( 'NONE', *, *, #558, .T. ) ;
#578 = ORIENTED_EDGE ( 'NONE', *, *, #568, .T. ) ;
#579 = ORIENTED_EDGE ( 'NONE', *, *, #580, .T. ) ;
#580 = EDGE_CURVE ( 'NONE', #585, #586, #3255, .T. ) ;
#581 = EDGE_CURVE ( 'NONE', #645, #587, #3251, .T. ) ;
#582 = ORIENTED_EDGE ( 'NONE', *, *, #583, .T. ) ;
#583 = EDGE_CURVE ( 'NONE', #587, #585, #3302, .T. ) ;
#584 = ORIENTED_EDGE ( 'NONE', *, *, #581, .T. ) ;
#585 = VERTEX_POINT ( 'NONE', #3298 ) ;
#586 = VERTEX_POINT ( 'NONE', #3297 ) ;
#587 = VERTEX_POINT ( 'NONE', #3296 ) ;
#588 = EDGE_CURVE ( 'NONE', #789, #635, #3295, .T. ) ;
#589 = ORIENTED_EDGE ( 'NONE', *, *, #590, .T. ) ;
#590 = EDGE_CURVE ( 'NONE', #633, #645, #3291, .T. ) ;
#591 = EDGE_LOOP ( 'NONE', ( #496, #494, #490, #475 ) ) ;
#592 = ORIENTED_EDGE ( 'NONE', *, *, #498, .F. ) ;
#593 = ORIENTED_EDGE ( 'NONE', *, *, #594, .T. ) ;
#594 = EDGE_CURVE ( 'NONE', #497, #595, #3287, .T. ) ;
#595 = VERTEX_POINT ( 'NONE', #3282 ) ;
#596 = ADVANCED_FACE ( 'NONE', ( #3281 ), #3228, .F. ) ;
#597 = ORIENTED_EDGE ( 'NONE', *, *, #500, .F. ) ;
#598 = EDGE_CURVE ( 'NONE', #621, #604, #3229, .T. ) ;
#599 = EDGE_CURVE ( 'NONE', #497, #600, #2960, .T. ) ;
#600 = VERTEX_POINT ( 'NONE', #2951 ) ;
#601 = EDGE_LOOP ( 'NONE', ( #499, #593, #592, #597 ) ) ;
#602 = ADVANCED_FACE ( 'NONE', ( #2950 ), #3408, .F. ) ;
#603 = VERTEX_POINT ( 'NONE', #3403 ) ;
#604 = VERTEX_POINT ( 'NONE', #3402 ) ;
#605 = ORIENTED_EDGE ( 'NONE', *, *, #598, .F. ) ;
#606 = VERTEX_POINT ( 'NONE', #3401 ) ;
#607 = VERTEX_POINT ( 'NONE', #3400 ) ;
#608 = EDGE_CURVE ( 'NONE', #604, #611, #3399, .T. ) ;
#609 = ORIENTED_EDGE ( 'NONE', *, *, #623, .F. ) ;
#610 = EDGE_CURVE ( 'NONE', #613, #621, #3394, .T. ) ;
#611 = VERTEX_POINT ( 'NONE', #3389 ) ;
#612 = VERTEX_POINT ( 'NONE', #3388 ) ;
#613 = VERTEX_POINT ( 'NONE', #3387 ) ;
#614 = ORIENTED_EDGE ( 'NONE', *, *, #608, .F. ) ;
#615 = EDGE_CURVE ( 'NONE', #606, #493, #3386, .T. ) ;
#616 = ORIENTED_EDGE ( 'NONE', *, *, #625, .T. ) ;
#617 = VERTEX_POINT ( 'NONE', #3381 ) ;
#618 = EDGE_CURVE ( 'NONE', #800, #617, #3380, .T. ) ;
#619 = EDGE_LOOP ( 'NONE', ( #620, #626, #614, #605 ) ) ;
#620 = ORIENTED_EDGE ( 'NONE', *, *, #610, .F. ) ;
#621 = VERTEX_POINT ( 'NONE', #3491 ) ;
#622 = ORIENTED_EDGE ( 'NONE', *, *, #618, .F. ) ;
#623 = EDGE_CURVE ( 'NONE', #617, #612, #3490, .T. ) ;
#624 = ADVANCED_FACE ( 'NONE', ( #3485 ), #3484, .F. ) ;
#625 = EDGE_CURVE ( 'NONE', #787, #612, #3479, .T. ) ;
#626 = ORIENTED_EDGE ( 'NONE', *, *, #627, .T. ) ;
#627 = EDGE_CURVE ( 'NONE', #613, #611, #3475, .T. ) ;
#628 = ORIENTED_EDGE ( 'NONE', *, *, #455, .T. ) ;
#629 = EDGE_CURVE ( 'NONE', #331, #426, #3470, .T. ) ;
#630 = ORIENTED_EDGE ( 'NONE', *, *, #631, .F. ) ;
#631 = EDGE_CURVE ( 'NONE', #429, #426, #3466, .T. ) ;
#632 = ORIENTED_EDGE ( 'NONE', *, *, #228, .F. ) ;
#633 = VERTEX_POINT ( 'NONE', #3462 ) ;
#634 = ORIENTED_EDGE ( 'NONE', *, *, #648, .F. ) ;
#635 = VERTEX_POINT ( 'NONE', #3461 ) ;
#636 = EDGE_LOOP ( 'NONE', ( #589, #584, #582, #579, #578, #576, #577, #574, #573, #567 ) ) ;
#637 = ORIENTED_EDGE ( 'NONE', *, *, #784, .F. ) ;
#638 = EDGE_CURVE ( 'NONE', #635, #664, #3614, .T. ) ;
#639 = ORIENTED_EDGE ( 'NONE', *, *, #640, .F. ) ;
#640 = EDGE_CURVE ( 'NONE', #666, #641, #3610, .T. ) ;
#641 = VERTEX_POINT ( 'NONE', #3606 ) ;
#642 = ORIENTED_EDGE ( 'NONE', *, *, #651, .T. ) ;
#643 = VERTEX_POINT ( 'NONE', #3605 ) ;
#644 = ORIENTED_EDGE ( 'NONE', *, *, #588, .F. ) ;
#645 = VERTEX_POINT ( 'NONE', #3604 ) ;
#646 = ORIENTED_EDGE ( 'NONE', *, *, #650, .F. ) ;
#647 = EDGE_LOOP ( 'NONE', ( #649, #642 ) ) ;
#648 = EDGE_CURVE ( 'NONE', #643, #783, #3603, .T. ) ;
#649 = ORIENTED_EDGE ( 'NONE', *, *, #623, .T. ) ;
#650 = EDGE_CURVE ( 'NONE', #641, #643, #3598, .T. ) ;
#651 = EDGE_CURVE ( 'NONE', #612, #617, #3594, .T. ) ;
#652 = ORIENTED_EDGE ( 'NONE', *, *, #638, .F. ) ;
#653 = ORIENTED_EDGE ( 'NONE', *, *, #679, .T. ) ;
#654 = VERTEX_POINT ( 'NONE', #3589 ) ;
#655 = EDGE_LOOP ( 'NONE', ( #674, #659, #662, #652, #644, #637, #634, #646, #639 ) ) ;
#656 = VERTEX_POINT ( 'NONE', #3588 ) ;
#657 = EDGE_CURVE ( 'NONE', #656, #665, #3587, .T. ) ;
#658 = ORIENTED_EDGE ( 'NONE', *, *, #672, .T. ) ;
#659 = ORIENTED_EDGE ( 'NONE', *, *, #660, .T. ) ;
#660 = EDGE_CURVE ( 'NONE', #676, #661, #3523, .T. ) ;
#661 = VERTEX_POINT ( 'NONE', #3519 ) ;
#662 = ORIENTED_EDGE ( 'NONE', *, *, #663, .F. ) ;
#663 = EDGE_CURVE ( 'NONE', #664, #661, #3518, .T. ) ;
#664 = VERTEX_POINT ( 'NONE', #3514 ) ;
#665 = VERTEX_POINT ( 'NONE', #3513 ) ;
#666 = VERTEX_POINT ( 'NONE', #3512 ) ;
#667 = VERTEX_POINT ( 'NONE', #3511 ) ;
#668 = ORIENTED_EDGE ( 'NONE', *, *, #669, .T. ) ;
#669 = EDGE_CURVE ( 'NONE', #654, #682, #3510, .T. ) ;
#670 = ORIENTED_EDGE ( 'NONE', *, *, #671, .T. ) ;
#671 = EDGE_CURVE ( 'NONE', #706, #654, #3506, .T. ) ;
#672 = EDGE_CURVE ( 'NONE', #665, #673, #3502, .T. ) ;
#673 = VERTEX_POINT ( 'NONE', #3498 ) ;
#674 = ORIENTED_EDGE ( 'NONE', *, *, #675, .F. ) ;
#675 = EDGE_CURVE ( 'NONE', #676, #666, #3497, .T. ) ;
#676 = VERTEX_POINT ( 'NONE', #3493 ) ;
#677 = ORIENTED_EDGE ( 'NONE', *, *, #678, .T. ) ;
#678 = EDGE_CURVE ( 'NONE', #667, #726, #3492, .T. ) ;
#679 = EDGE_CURVE ( 'NONE', #682, #656, #3580, .T. ) ;
#680 = ORIENTED_EDGE ( 'NONE', *, *, #657, .T. ) ;
#681 = ORIENTED_EDGE ( 'NONE', *, *, #683, .T. ) ;
#682 = VERTEX_POINT ( 'NONE', #3576 ) ;
#683 = EDGE_CURVE ( 'NONE', #673, #667, #3575, .T. ) ;
#684 = VERTEX_POINT ( 'NONE', #3571 ) ;
#685 = ADVANCED_FACE ( 'NONE', ( #3570, #3569, #3568, #3567, #3566 ), #3547, .T. ) ;
#686 = ORIENTED_EDGE ( 'NONE', *, *, #722, .F. ) ;
#687 = ORIENTED_EDGE ( 'NONE', *, *, #703, .F. ) ;
#688 = ORIENTED_EDGE ( 'NONE', *, *, #715, .T. ) ;
#689 = ORIENTED_EDGE ( 'NONE', *, *, #713, .T. ) ;
#690 = VERTEX_POINT ( 'NONE', #3542 ) ;
#691 = ORIENTED_EDGE ( 'NONE', *, *, #704, .T. ) ;
#692 = EDGE_CURVE ( 'NONE', #694, #710, #3541, .T. ) ;
#693 = ORIENTED_EDGE ( 'NONE', *, *, #708, .T. ) ;
#694 = VERTEX_POINT ( 'NONE', #3536 ) ;
#695 = VERTEX_POINT ( 'NONE', #3535 ) ;
#696 = EDGE_CURVE ( 'NONE', #718, #697, #3534, .T. ) ;
#697 = VERTEX_POINT ( 'NONE', #3530 ) ;
#698 = EDGE_CURVE ( 'NONE', #684, #695, #3528, .T. ) ;
#699 = EDGE_LOOP ( 'NONE', ( #721, #729, #693, #688, #700, #691 ) ) ;
#700 = ORIENTED_EDGE ( 'NONE', *, *, #698, .F. ) ;
#701 = ORIENTED_EDGE ( 'NONE', *, *, #725, .T. ) ;
#702 = VERTEX_POINT ( 'NONE', #3529 ) ;
#703 = EDGE_CURVE ( 'NONE', #727, #712, #3460, .T. ) ;
#704 = EDGE_CURVE ( 'NONE', #684, #710, #3455, .T. ) ;
#705 = EDGE_LOOP ( 'NONE', ( #701, #717, #724, #689, #714, #670, #668, #653, #680, #658, #681, #677 ) ) ;
#706 = VERTEX_POINT ( 'NONE', #3451 ) ;
#707 = EDGE_CURVE ( 'NONE', #537, #529, #3450, .T. ) ;
#708 = EDGE_CURVE ( 'NONE', #720, #709, #3446, .T. ) ;
#709 = VERTEX_POINT ( 'NONE', #3441 ) ;
#710 = VERTEX_POINT ( 'NONE', #3440 ) ;
#711 = EDGE_CURVE ( 'NONE', #690, #706, #3439, .T. ) ;
#712 = VERTEX_POINT ( 'NONE', #3435 ) ;
#713 = EDGE_CURVE ( 'NONE', #697, #690, #3434, .T. ) ;
#714 = ORIENTED_EDGE ( 'NONE', *, *, #711, .T. ) ;
#715 = EDGE_CURVE ( 'NONE', #709, #695, #3430, .T. ) ;
#716 = EDGE_CURVE ( 'NONE', #712, #767, #3426, .T. ) ;
#717 = ORIENTED_EDGE ( 'NONE', *, *, #723, .T. ) ;
#718 = VERTEX_POINT ( 'NONE', #3422 ) ;
#719 = ADVANCED_FACE ( 'NONE', ( #3421 ), #3420, .T. ) ;
#720 = VERTEX_POINT ( 'NONE', #3418 ) ;
#721 = ORIENTED_EDGE ( 'NONE', *, *, #692, .F. ) ;
#722 = EDGE_CURVE ( 'NONE', #743, #727, #3414, .T. ) ;
#723 = EDGE_CURVE ( 'NONE', #702, #718, #3410, .T. ) ;
#724 = ORIENTED_EDGE ( 'NONE', *, *, #696, .T. ) ;
#725 = EDGE_CURVE ( 'NONE', #726, #702, #3643, .T. ) ;
#726 = VERTEX_POINT ( 'NONE', #3645 ) ;
#727 = VERTEX_POINT ( 'NONE', #3644 ) ;
#728 = EDGE_CURVE ( 'NONE', #694, #720, #3659, .T. ) ;
#729 = ORIENTED_EDGE ( 'NONE', *, *, #728, .T. ) ;
#730 = ADVANCED_FACE ( 'NONE', ( #3655 ), #3654, .F. ) ;
#731 = ORIENTED_EDGE ( 'NONE', *, *, #739, .F. ) ;
#732 = EDGE_LOOP ( 'NONE', ( #757, #749, #752, #762, #765, #768, #687, #686 ) ) ;
#733 = EDGE_CURVE ( 'NONE', #747, #755, #3649, .T. ) ;
#734 = EDGE_LOOP ( 'NONE', ( #742, #771, #777, #731 ) ) ;
#735 = EDGE_CURVE ( 'NONE', #736, #780, #3637, .T. ) ;
#736 = VERTEX_POINT ( 'NONE', #3633 ) ;
#737 = EDGE_CURVE ( 'NONE', #611, #604, #3631, .T. ) ;
#738 = EDGE_CURVE ( 'NONE', #747, #780, #3632, .T. ) ;
#739 = EDGE_CURVE ( 'NONE', #751, #743, #3623, .T. ) ;
#740 = ORIENTED_EDGE ( 'NONE', *, *, #737, .T. ) ;
#741 = EDGE_CURVE ( 'NONE', #755, #746, #3619, .T. ) ;
#742 = ORIENTED_EDGE ( 'NONE', *, *, #761, .F. ) ;
#743 = VERTEX_POINT ( 'NONE', #3615 ) ;
#744 = ORIENTED_EDGE ( 'NONE', *, *, #745, .F. ) ;
#745 = EDGE_CURVE ( 'NONE', #746, #736, #3668, .T. ) ;
#746 = VERTEX_POINT ( 'NONE', #3663 ) ;
#747 = VERTEX_POINT ( 'NONE', #3662 ) ;
#748 = ORIENTED_EDGE ( 'NONE', *, *, #733, .F. ) ;
#749 = ORIENTED_EDGE ( 'NONE', *, *, #774, .T. ) ;
#750 = VERTEX_POINT ( 'NONE', #3661 ) ;
#751 = VERTEX_POINT ( 'NONE', #3660 ) ;
#752 = ORIENTED_EDGE ( 'NONE', *, *, #753, .F. ) ;
#753 = EDGE_CURVE ( 'NONE', #754, #775, #3223, .T. ) ;
#754 = VERTEX_POINT ( 'NONE', #5689 ) ;
#755 = VERTEX_POINT ( 'NONE', #5690 ) ;
#756 = ADVANCED_FACE ( 'NONE', ( #5760 ), #5759, .F. ) ;
#757 = ORIENTED_EDGE ( 'NONE', *, *, #778, .T. ) ;
#758 = EDGE_CURVE ( 'NONE', #750, #759, #5830, .T. ) ;
#759 = VERTEX_POINT ( 'NONE', #5902 ) ;
#760 = ORIENTED_EDGE ( 'NONE', *, *, #738, .T. ) ;
#761 = EDGE_CURVE ( 'NONE', #750, #751, #5766, .T. ) ;
#762 = ORIENTED_EDGE ( 'NONE', *, *, #763, .T. ) ;
#763 = EDGE_CURVE ( 'NONE', #754, #764, #5761, .T. ) ;
#764 = VERTEX_POINT ( 'NONE', #5799 ) ;
#765 = ORIENTED_EDGE ( 'NONE', *, *, #766, .T. ) ;
#766 = EDGE_CURVE ( 'NONE', #764, #767, #5767, .T. ) ;
#767 = VERTEX_POINT ( 'NONE', #5840 ) ;
#768 = ORIENTED_EDGE ( 'NONE', *, *, #716, .F. ) ;
#769 = ADVANCED_FACE ( 'NONE', ( #5839 ), #5838, .F. ) ;
#770 = ORIENTED_EDGE ( 'NONE', *, *, #735, .F. ) ;
#771 = ORIENTED_EDGE ( 'NONE', *, *, #758, .T. ) ;
#772 = ORIENTED_EDGE ( 'NONE', *, *, #741, .F. ) ;
#773 = ORIENTED_EDGE ( 'NONE', *, *, #776, .F. ) ;
#774 = EDGE_CURVE ( 'NONE', #759, #775, #5814, .T. ) ;
#775 = VERTEX_POINT ( 'NONE', #5785 ) ;
#776 = EDGE_CURVE ( 'NONE', #464, #604, #5784, .T. ) ;
#777 = ORIENTED_EDGE ( 'NONE', *, *, #778, .F. ) ;
#778 = EDGE_CURVE ( 'NONE', #743, #759, #5780, .T. ) ;
#779 = EDGE_LOOP ( 'NONE', ( #748, #760, #770, #744, #772 ) ) ;
#780 = VERTEX_POINT ( 'NONE', #5694 ) ;
#781 = ORIENTED_EDGE ( 'NONE', *, *, #801, .T. ) ;
#782 = ADVANCED_FACE ( 'NONE', ( #5693 ), #5692, .T. ) ;
#783 = VERTEX_POINT ( 'NONE', #5849 ) ;
#784 = EDGE_CURVE ( 'NONE', #783, #789, #5845, .T. ) ;
#785 = ORIENTED_EDGE ( 'NONE', *, *, #786, .T. ) ;
#786 = EDGE_CURVE ( 'NONE', #800, #787, #5774, .T. ) ;
#787 = VERTEX_POINT ( 'NONE', #5834 ) ;
#788 = ORIENTED_EDGE ( 'NONE', *, *, #784, .T. ) ;
#789 = VERTEX_POINT ( 'NONE', #5833 ) ;
#790 = ADVANCED_FACE ( 'NONE', ( #5832 ), #5831, .F. ) ;
#791 = EDGE_LOOP ( 'NONE', ( #795, #781, #788, #797 ) ) ;
#792 = EDGE_CURVE ( 'NONE', #793, #796, #5806, .T. ) ;
#793 = VERTEX_POINT ( 'NONE', #5722 ) ;
#794 = MANIFOLD_SOLID_BREP ( 'NONE', #1882 ) ;
#795 = ORIENTED_EDGE ( 'NONE', *, *, #792, .F. ) ;
#796 = VERTEX_POINT ( 'NONE', #5827 ) ;
#797 = ORIENTED_EDGE ( 'NONE', *, *, #799, .F. ) ;
#798 = EDGE_LOOP ( 'NONE', ( #785, #616, #609, #622 ) ) ;
#799 = EDGE_CURVE ( 'NONE', #796, #789, #5826, .T. ) ;
#800 = VERTEX_POINT ( 'NONE', #5822 ) ;
#801 = EDGE_CURVE ( 'NONE', #793, #783, #5821, .T. ) ;
#802 = ORIENTED_EDGE ( 'NONE', *, *, #803, .T. ) ;
#803 = EDGE_CURVE ( 'NONE', #464, #805, #5797, .T. ) ;
#804 = ORIENTED_EDGE ( 'NONE', *, *, #462, .T. ) ;
#805 = VERTEX_POINT ( 'NONE', #5792 ) ;
#806 = ORIENTED_EDGE ( 'NONE', *, *, #1059, .F. ) ;
#807 = EDGE_CURVE ( 'NONE', #808, #1038, #5791, .T. ) ;
#808 = VERTEX_POINT ( 'NONE', #5786 ) ;
#809 = ORIENTED_EDGE ( 'NONE', *, *, #599, .T. ) ;
#810 = ORIENTED_EDGE ( 'NONE', *, *, #814, .T. ) ;
#811 = EDGE_LOOP ( 'NONE', ( #806, #1032, #1065, #1052, #1033, #1055, #1066, #1042, #1062 ) ) ;
#812 = EDGE_LOOP ( 'NONE', ( #810, #813 ) ) ;
#813 = ORIENTED_EDGE ( 'NONE', *, *, #489, .T. ) ;
#814 = EDGE_CURVE ( 'NONE', #492, #491, #5874, .T. ) ;
#815 = EDGE_CURVE ( 'NONE', #836, #819, #5869, .T. ) ;
#816 = ORIENTED_EDGE ( 'NONE', *, *, #817, .T. ) ;
#817 = EDGE_CURVE ( 'NONE', #846, #818, #5865, .T. ) ;
#818 = VERTEX_POINT ( 'NONE', #5860 ) ;
#819 = VERTEX_POINT ( 'NONE', #5859 ) ;
#820 = ORIENTED_EDGE ( 'NONE', *, *, #832, .F. ) ;
#821 = EDGE_LOOP ( 'NONE', ( #841, #820, #829, #840, #837, #839, #844, #816, #822 ) ) ;
#822 = ORIENTED_EDGE ( 'NONE', *, *, #823, .F. ) ;
#823 = EDGE_CURVE ( 'NONE', #848, #818, #5858, .T. ) ;
#824 = EDGE_LOOP ( 'NONE', ( #842, #825 ) ) ;
#825 = ORIENTED_EDGE ( 'NONE', *, *, #610, .T. ) ;
#826 = EDGE_LOOP ( 'NONE', ( #827, #809 ) ) ;
#827 = ORIENTED_EDGE ( 'NONE', *, *, #828, .T. ) ;
#828 = EDGE_CURVE ( 'NONE', #600, #497, #5854, .T. ) ;
#829 = ORIENTED_EDGE ( 'NONE', *, *, #830, .F. ) ;
#830 = EDGE_CURVE ( 'NONE', #819, #833, #5901, .T. ) ;
#831 = EDGE_CURVE ( 'NONE', #836, #709, #5896, .T. ) ;
#832 = EDGE_CURVE ( 'NONE', #833, #834, #5891, .T. ) ;
#833 = VERTEX_POINT ( 'NONE', #5887 ) ;
#834 = VERTEX_POINT ( 'NONE', #5886 ) ;
#835 = EDGE_CURVE ( 'NONE', #834, #848, #5885, .T. ) ;
#836 = VERTEX_POINT ( 'NONE', #5880 ) ;
#837 = ORIENTED_EDGE ( 'NONE', *, *, #831, .T. ) ;
#838 = EDGE_CURVE ( 'NONE', #899, #892, #5878, .T. ) ;
#839 = ORIENTED_EDGE ( 'NONE', *, *, #708, .F. ) ;
#840 = ORIENTED_EDGE ( 'NONE', *, *, #815, .F. ) ;
#841 = ORIENTED_EDGE ( 'NONE', *, *, #835, .F. ) ;
#842 = ORIENTED_EDGE ( 'NONE', *, *, #843, .T. ) ;
#843 = EDGE_CURVE ( 'NONE', #621, #613, #5741, .T. ) ;
#844 = ORIENTED_EDGE ( 'NONE', *, *, #845, .F. ) ;
#845 = EDGE_CURVE ( 'NONE', #846, #720, #5737, .T. ) ;
#846 = VERTEX_POINT ( 'NONE', #5732 ) ;
#847 = ORIENTED_EDGE ( 'NONE', *, *, #838, .F. ) ;
#848 = VERTEX_POINT ( 'NONE', #5731 ) ;
#849 = VERTEX_POINT ( 'NONE', #5730 ) ;
#850 = EDGE_CURVE ( 'NONE', #1439, #846, #5729, .T. ) ;
#851 = ORIENTED_EDGE ( 'NONE', *, *, #852, .F. ) ;
#852 = EDGE_CURVE ( 'NONE', #767, #1423, #5725, .T. ) ;
#853 = ORIENTED_EDGE ( 'NONE', *, *, #766, .F. ) ;
#854 = ORIENTED_EDGE ( 'NONE', *, *, #1424, .F. ) ;
#855 = ORIENTED_EDGE ( 'NONE', *, *, #1438, .T. ) ;
#856 = ORIENTED_EDGE ( 'NONE', *, *, #857, .F. ) ;
#857 = EDGE_CURVE ( 'NONE', #858, #1436, #5753, .T. ) ;
#858 = VERTEX_POINT ( 'NONE', #5749 ) ;
#859 = ORIENTED_EDGE ( 'NONE', *, *, #860, .F. ) ;
#860 = EDGE_CURVE ( 'NONE', #1419, #858, #5747, .T. ) ;
#861 = EDGE_LOOP ( 'NONE', ( #862, #865, #866, #1082, #1083, #1086 ) ) ;
#862 = ORIENTED_EDGE ( 'NONE', *, *, #863, .F. ) ;
#863 = EDGE_CURVE ( 'NONE', #1135, #864, #5742, .T. ) ;
#864 = VERTEX_POINT ( 'NONE', #5708 ) ;
#865 = ORIENTED_EDGE ( 'NONE', *, *, #1138, .F. ) ;
#866 = ORIENTED_EDGE ( 'NONE', *, *, #867, .T. ) ;
#867 = EDGE_CURVE ( 'NONE', #1143, #941, #5707, .T. ) ;
#868 = ADVANCED_FACE ( 'NONE', ( #5703 ), #5702, .F. ) ;
#869 = ORIENTED_EDGE ( 'NONE', *, *, #1427, .F. ) ;
#870 = ORIENTED_EDGE ( 'NONE', *, *, #715, .F. ) ;
#871 = ORIENTED_EDGE ( 'NONE', *, *, #831, .F. ) ;
#872 = ORIENTED_EDGE ( 'NONE', *, *, #891, .F. ) ;
#873 = ADVANCED_FACE ( 'NONE', ( #3670 ), #3671, .F. ) ;
#874 = EDGE_LOOP ( 'NONE', ( #875, #876, #878, #879, #882, #1403, #1409, #1402 ) ) ;
#875 = ORIENTED_EDGE ( 'NONE', *, *, #774, .F. ) ;
#876 = ORIENTED_EDGE ( 'NONE', *, *, #877, .T. ) ;
#877 = EDGE_CURVE ( 'NONE', #759, #743, #3784, .T. ) ;
#878 = ORIENTED_EDGE ( 'NONE', *, *, #722, .T. ) ;
#879 = ORIENTED_EDGE ( 'NONE', *, *, #880, .F. ) ;
#880 = EDGE_CURVE ( 'NONE', #881, #727, #3701, .T. ) ;
#881 = VERTEX_POINT ( 'NONE', #3787 ) ;
#882 = ORIENTED_EDGE ( 'NONE', *, *, #1406, .T. ) ;
#883 = ORIENTED_EDGE ( 'NONE', *, *, #845, .T. ) ;
#884 = ADVANCED_FACE ( 'NONE', ( #3696 ), #3786, .F. ) ;
#885 = EDGE_LOOP ( 'NONE', ( #886, #890, #1067, #1069 ) ) ;
#886 = ORIENTED_EDGE ( 'NONE', *, *, #887, .F. ) ;
#887 = EDGE_CURVE ( 'NONE', #888, #889, #3693, .T. ) ;
#888 = VERTEX_POINT ( 'NONE', #3687 ) ;
#889 = VERTEX_POINT ( 'NONE', #3686 ) ;
#890 = ORIENTED_EDGE ( 'NONE', *, *, #891, .T. ) ;
#891 = EDGE_CURVE ( 'NONE', #888, #836, #3783, .T. ) ;
#892 = VERTEX_POINT ( 'NONE', #3779 ) ;
#893 = ORIENTED_EDGE ( 'NONE', *, *, #914, .F. ) ;
#894 = VERTEX_POINT ( 'NONE', #3778 ) ;
#895 = EDGE_LOOP ( 'NONE', ( #898, #897, #907, #901, #908, #847 ) ) ;
#896 = EDGE_CURVE ( 'NONE', #1116, #899, #3685, .T. ) ;
#897 = ORIENTED_EDGE ( 'NONE', *, *, #906, .T. ) ;
#898 = ORIENTED_EDGE ( 'NONE', *, *, #896, .F. ) ;
#899 = VERTEX_POINT ( 'NONE', #3681 ) ;
#900 = EDGE_CURVE ( 'NONE', #849, #894, #3680, .T. ) ;
#901 = ORIENTED_EDGE ( 'NONE', *, *, #902, .T. ) ;
#902 = EDGE_CURVE ( 'NONE', #894, #953, #3676, .T. ) ;
#903 = ADVANCED_FACE ( 'NONE', ( #3711, #3710, #3709, #3708, #3707, #3706 ), #3705, .F. ) ;
#904 = ORIENTED_EDGE ( 'NONE', *, *, #905, .T. ) ;
#905 = EDGE_CURVE ( 'NONE', #928, #916, #3805, .T. ) ;
#906 = EDGE_CURVE ( 'NONE', #1116, #849, #3801, .T. ) ;
#907 = ORIENTED_EDGE ( 'NONE', *, *, #900, .T. ) ;
#908 = ORIENTED_EDGE ( 'NONE', *, *, #909, .F. ) ;
#909 = EDGE_CURVE ( 'NONE', #892, #953, #3797, .T. ) ;
#910 = EDGE_CURVE ( 'NONE', #1013, #919, #3793, .T. ) ;
#911 = ORIENTED_EDGE ( 'NONE', *, *, #912, .F. ) ;
#912 = EDGE_CURVE ( 'NONE', #913, #919, #3744, .T. ) ;
#913 = VERTEX_POINT ( 'NONE', #3740 ) ;
#914 = EDGE_CURVE ( 'NONE', #928, #915, #3739, .T. ) ;
#915 = VERTEX_POINT ( 'NONE', #3735 ) ;
#916 = VERTEX_POINT ( 'NONE', #3734 ) ;
#917 = ORIENTED_EDGE ( 'NONE', *, *, #1007, .F. ) ;
#918 = ORIENTED_EDGE ( 'NONE', *, *, #910, .T. ) ;
#919 = VERTEX_POINT ( 'NONE', #3733 ) ;
#920 = EDGE_CURVE ( 'NONE', #916, #986, #3731, .T. ) ;
#921 = ADVANCED_FACE ( 'NONE', ( #3727 ), #3825, .T. ) ;
#922 = ORIENTED_EDGE ( 'NONE', *, *, #914, .T. ) ;
#923 = ORIENTED_EDGE ( 'NONE', *, *, #920, .T. ) ;
#924 = ORIENTED_EDGE ( 'NONE', *, *, #1001, .T. ) ;
#925 = EDGE_CURVE ( 'NONE', #1129, #1013, #3820, .T. ) ;
#926 = EDGE_LOOP ( 'NONE', ( #923, #934, #917, #918, #911, #929, #893, #904 ) ) ;
#927 = EDGE_CURVE ( 'NONE', #988, #928, #3816, .T. ) ;
#928 = VERTEX_POINT ( 'NONE', #3812 ) ;
#929 = ORIENTED_EDGE ( 'NONE', *, *, #930, .F. ) ;
#930 = EDGE_CURVE ( 'NONE', #915, #913, #3811, .T. ) ;
#931 = ORIENTED_EDGE ( 'NONE', *, *, #927, .T. ) ;
#932 = ORIENTED_EDGE ( 'NONE', *, *, #1025, .T. ) ;
#933 = ORIENTED_EDGE ( 'NONE', *, *, #925, .T. ) ;
#934 = ORIENTED_EDGE ( 'NONE', *, *, #981, .T. ) ;
#935 = VERTEX_POINT ( 'NONE', #3807 ) ;
#936 = ORIENTED_EDGE ( 'NONE', *, *, #1138, .T. ) ;
#937 = EDGE_CURVE ( 'NONE', #953, #1139, #3777, .T. ) ;
#938 = VERTEX_POINT ( 'NONE', #3773 ) ;
#939 = EDGE_CURVE ( 'NONE', #947, #941, #3772, .T. ) ;
#940 = EDGE_CURVE ( 'NONE', #938, #947, #3768, .T. ) ;
#941 = VERTEX_POINT ( 'NONE', #3764 ) ;
#942 = ORIENTED_EDGE ( 'NONE', *, *, #943, .T. ) ;
#943 = EDGE_CURVE ( 'NONE', #531, #944, #3763, .T. ) ;
#944 = VERTEX_POINT ( 'NONE', #3759 ) ;
#945 = ORIENTED_EDGE ( 'NONE', *, *, #940, .F. ) ;
#946 = ADVANCED_FACE ( 'NONE', ( #3758 ), #3757, .F. ) ;
#947 = VERTEX_POINT ( 'NONE', #3756 ) ;
#948 = ORIENTED_EDGE ( 'NONE', *, *, #939, .F. ) ;
#949 = EDGE_LOOP ( 'NONE', ( #948, #945, #954, #1140, #1144 ) ) ;
#950 = ORIENTED_EDGE ( 'NONE', *, *, #951, .T. ) ;
#951 = EDGE_CURVE ( 'NONE', #944, #977, #3751, .T. ) ;
#952 = EDGE_CURVE ( 'NONE', #938, #953, #3747, .T. ) ;
#953 = VERTEX_POINT ( 'NONE', #3980 ) ;
#954 = ORIENTED_EDGE ( 'NONE', *, *, #952, .T. ) ;
#955 = ORIENTED_EDGE ( 'NONE', *, *, #956, .T. ) ;
#956 = EDGE_CURVE ( 'NONE', #962, #957, #3979, .T. ) ;
#957 = VERTEX_POINT ( 'NONE', #3975 ) ;
#958 = EDGE_CURVE ( 'NONE', #966, #959, #3974, .T. ) ;
#959 = VERTEX_POINT ( 'NONE', #3970 ) ;
#960 = ORIENTED_EDGE ( 'NONE', *, *, #550, .T. ) ;
#961 = EDGE_CURVE ( 'NONE', #971, #962, #3969, .T. ) ;
#962 = VERTEX_POINT ( 'NONE', #3965 ) ;
#963 = EDGE_CURVE ( 'NONE', #977, #968, #3964, .T. ) ;
#964 = ORIENTED_EDGE ( 'NONE', *, *, #965, .T. ) ;
#965 = EDGE_CURVE ( 'NONE', #957, #966, #3960, .T. ) ;
#966 = VERTEX_POINT ( 'NONE', #3956 ) ;
#967 = ORIENTED_EDGE ( 'NONE', *, *, #958, .T. ) ;
#968 = VERTEX_POINT ( 'NONE', #3955 ) ;
#969 = ORIENTED_EDGE ( 'NONE', *, *, #501, .T. ) ;
#970 = ORIENTED_EDGE ( 'NONE', *, *, #978, .T. ) ;
#971 = VERTEX_POINT ( 'NONE', #3954 ) ;
#972 = EDGE_CURVE ( 'NONE', #968, #973, #3953, .T. ) ;
#973 = VERTEX_POINT ( 'NONE', #3888 ) ;
#974 = ORIENTED_EDGE ( 'NONE', *, *, #975, .T. ) ;
#975 = EDGE_CURVE ( 'NONE', #973, #976, #3887, .T. ) ;
#976 = VERTEX_POINT ( 'NONE', #3883 ) ;
#977 = VERTEX_POINT ( 'NONE', #3882 ) ;
#978 = EDGE_CURVE ( 'NONE', #980, #971, #3881, .T. ) ;
#979 = ORIENTED_EDGE ( 'NONE', *, *, #961, .T. ) ;
#980 = VERTEX_POINT ( 'NONE', #3877 ) ;
#981 = EDGE_CURVE ( 'NONE', #986, #1000, #3876, .T. ) ;
#982 = EDGE_CURVE ( 'NONE', #1011, #988, #3872, .T. ) ;
#983 = ORIENTED_EDGE ( 'NONE', *, *, #982, .T. ) ;
#984 = ORIENTED_EDGE ( 'NONE', *, *, #985, .T. ) ;
#985 = EDGE_CURVE ( 'NONE', #915, #1019, #3868, .T. ) ;
#986 = VERTEX_POINT ( 'NONE', #3864 ) ;
#987 = ORIENTED_EDGE ( 'NONE', *, *, #989, .T. ) ;
#988 = VERTEX_POINT ( 'NONE', #3863 ) ;
#989 = EDGE_CURVE ( 'NONE', #1126, #1122, #3862, .T. ) ;
#990 = EDGE_LOOP ( 'NONE', ( #998, #1014, #993, #1018, #1002, #1005, #1009, #983, #931, #922, #984, #924, #987, #932, #933 ) ) ;
#991 = VERTEX_POINT ( 'NONE', #3949 ) ;
#992 = EDGE_CURVE ( 'NONE', #1000, #1006, #3948, .T. ) ;
#993 = ORIENTED_EDGE ( 'NONE', *, *, #994, .T. ) ;
#994 = EDGE_CURVE ( 'NONE', #1006, #1022, #3944, .T. ) ;
#995 = EDGE_CURVE ( 'NONE', #755, #747, #3940, .T. ) ;
#996 = EDGE_CURVE ( 'NONE', #1022, #991, #3935, .T. ) ;
#997 = EDGE_CURVE ( 'NONE', #1131, #1020, #3931, .T. ) ;
#998 = ORIENTED_EDGE ( 'NONE', *, *, #1007, .T. ) ;
#999 = ORIENTED_EDGE ( 'NONE', *, *, #1001, .F. ) ;
#1000 = VERTEX_POINT ( 'NONE', #3927 ) ;
#1001 = EDGE_CURVE ( 'NONE', #1019, #1126, #3926, .T. ) ;
#1002 = ORIENTED_EDGE ( 'NONE', *, *, #1003, .T. ) ;
#1003 = EDGE_CURVE ( 'NONE', #991, #793, #3922, .T. ) ;
#1004 = EDGE_LOOP ( 'NONE', ( #1021, #1008 ) ) ;
#1005 = ORIENTED_EDGE ( 'NONE', *, *, #792, .T. ) ;
#1006 = VERTEX_POINT ( 'NONE', #4012 ) ;
#1007 = EDGE_CURVE ( 'NONE', #1013, #1000, #4011, .T. ) ;
#1008 = ORIENTED_EDGE ( 'NONE', *, *, #733, .T. ) ;
#1009 = ORIENTED_EDGE ( 'NONE', *, *, #1010, .T. ) ;
#1010 = EDGE_CURVE ( 'NONE', #796, #1011, #4007, .T. ) ;
#1011 = VERTEX_POINT ( 'NONE', #4003 ) ;
#1012 = ORIENTED_EDGE ( 'NONE', *, *, #1016, .T. ) ;
#1013 = VERTEX_POINT ( 'NONE', #4002 ) ;
#1014 = ORIENTED_EDGE ( 'NONE', *, *, #992, .T. ) ;
#1015 = ADVANCED_FACE ( 'NONE', ( #4001, #4000 ), #3999, .T. ) ;
#1016 = EDGE_CURVE ( 'NONE', #1019, #1020, #3994, .T. ) ;
#1017 = ORIENTED_EDGE ( 'NONE', *, *, #997, .F. ) ;
#1018 = ORIENTED_EDGE ( 'NONE', *, *, #996, .T. ) ;
#1019 = VERTEX_POINT ( 'NONE', #3990 ) ;
#1020 = VERTEX_POINT ( 'NONE', #3989 ) ;
#1021 = ORIENTED_EDGE ( 'NONE', *, *, #995, .T. ) ;
#1022 = VERTEX_POINT ( 'NONE', #3988 ) ;
#1023 = VERTEX_POINT ( 'NONE', #3987 ) ;
#1024 = ORIENTED_EDGE ( 'NONE', *, *, #1025, .F. ) ;
#1025 = EDGE_CURVE ( 'NONE', #1122, #1129, #3986, .T. ) ;
#1026 = ADVANCED_FACE ( 'NONE', ( #4047 ), #4046, .T. ) ;
#1027 = EDGE_CURVE ( 'NONE', #818, #1028, #4041, .T. ) ;
#1028 = VERTEX_POINT ( 'NONE', #4037 ) ;
#1029 = ORIENTED_EDGE ( 'NONE', *, *, #1027, .T. ) ;
#1030 = ORIENTED_EDGE ( 'NONE', *, *, #823, .T. ) ;
#1031 = EDGE_CURVE ( 'NONE', #787, #800, #4036, .T. ) ;
#1032 = ORIENTED_EDGE ( 'NONE', *, *, #1047, .T. ) ;
#1033 = ORIENTED_EDGE ( 'NONE', *, *, #1053, .F. ) ;
#1034 = ADVANCED_FACE ( 'NONE', ( #4031 ), #4030, .T. ) ;
#1035 = EDGE_LOOP ( 'NONE', ( #1045, #1046, #1057, #1049 ) ) ;
#1036 = ORIENTED_EDGE ( 'NONE', *, *, #761, .T. ) ;
#1037 = EDGE_CURVE ( 'NONE', #1038, #848, #4025, .T. ) ;
#1038 = VERTEX_POINT ( 'NONE', #4021 ) ;
#1039 = VERTEX_POINT ( 'NONE', #4020 ) ;
#1040 = ADVANCED_FACE ( 'NONE', ( #4019, #4018 ), #4077, .T. ) ;
#1041 = ORIENTED_EDGE ( 'NONE', *, *, #786, .F. ) ;
#1042 = ORIENTED_EDGE ( 'NONE', *, *, #1051, .T. ) ;
#1043 = ORIENTED_EDGE ( 'NONE', *, *, #1044, .T. ) ;
#1044 = EDGE_CURVE ( 'NONE', #751, #750, #4078, .T. ) ;
#1045 = ORIENTED_EDGE ( 'NONE', *, *, #835, .T. ) ;
#1046 = ORIENTED_EDGE ( 'NONE', *, *, #1037, .F. ) ;
#1047 = EDGE_CURVE ( 'NONE', #1020, #913, #4068, .T. ) ;
#1048 = VERTEX_POINT ( 'NONE', #4064 ) ;
#1049 = ORIENTED_EDGE ( 'NONE', *, *, #1050, .T. ) ;
#1050 = EDGE_CURVE ( 'NONE', #808, #834, #4063, .T. ) ;
#1051 = EDGE_CURVE ( 'NONE', #780, #1058, #4059, .T. ) ;
#1052 = ORIENTED_EDGE ( 'NONE', *, *, #1056, .T. ) ;
#1053 = EDGE_CURVE ( 'NONE', #1048, #1128, #4054, .T. ) ;
#1054 = EDGE_CURVE ( 'NONE', #736, #1048, #4050, .T. ) ;
#1055 = ORIENTED_EDGE ( 'NONE', *, *, #1054, .F. ) ;
#1056 = EDGE_CURVE ( 'NONE', #919, #1128, #3920, .T. ) ;
#1057 = ORIENTED_EDGE ( 'NONE', *, *, #807, .F. ) ;
#1058 = VERTEX_POINT ( 'NONE', #3916 ) ;
#1059 = EDGE_CURVE ( 'NONE', #1020, #1039, #3915, .T. ) ;
#1060 = ORIENTED_EDGE ( 'NONE', *, *, #1031, .F. ) ;
#1061 = EDGE_LOOP ( 'NONE', ( #1041, #1060 ) ) ;
#1062 = ORIENTED_EDGE ( 'NONE', *, *, #1063, .F. ) ;
#1063 = EDGE_CURVE ( 'NONE', #1039, #1058, #3911, .T. ) ;
#1064 = EDGE_LOOP ( 'NONE', ( #1043, #1036 ) ) ;
#1065 = ORIENTED_EDGE ( 'NONE', *, *, #912, .T. ) ;
#1066 = ORIENTED_EDGE ( 'NONE', *, *, #735, .T. ) ;
#1067 = ORIENTED_EDGE ( 'NONE', *, *, #815, .T. ) ;
#1068 = EDGE_LOOP ( 'NONE', ( #1072, #1073, #1076, #1078 ) ) ;
#1069 = ORIENTED_EDGE ( 'NONE', *, *, #1070, .F. ) ;
#1070 = EDGE_CURVE ( 'NONE', #889, #819, #3907, .T. ) ;
#1071 = ADVANCED_FACE ( 'NONE', ( #3903 ), #3902, .T. ) ;
#1072 = ORIENTED_EDGE ( 'NONE', *, *, #830, .T. ) ;
#1073 = ORIENTED_EDGE ( 'NONE', *, *, #1074, .F. ) ;
#1074 = EDGE_CURVE ( 'NONE', #1075, #833, #3897, .T. ) ;
#1075 = VERTEX_POINT ( 'NONE', #3893 ) ;
#1076 = ORIENTED_EDGE ( 'NONE', *, *, #1077, .F. ) ;
#1077 = EDGE_CURVE ( 'NONE', #889, #1075, #3861, .T. ) ;
#1078 = ORIENTED_EDGE ( 'NONE', *, *, #1070, .T. ) ;
#1079 = ADVANCED_FACE ( 'NONE', ( #3856 ), #3892, .F. ) ;
#1080 = EDGE_LOOP ( 'NONE', ( #1081, #1411, #1412, #1414 ) ) ;
#1081 = ORIENTED_EDGE ( 'NONE', *, *, #832, .T. ) ;
#1082 = ORIENTED_EDGE ( 'NONE', *, *, #1145, .F. ) ;
#1083 = ORIENTED_EDGE ( 'NONE', *, *, #1084, .F. ) ;
#1084 = EDGE_CURVE ( 'NONE', #1085, #1139, #3853, .T. ) ;
#1085 = VERTEX_POINT ( 'NONE', #3847 ) ;
#1086 = ORIENTED_EDGE ( 'NONE', *, *, #1087, .F. ) ;
#1087 = EDGE_CURVE ( 'NONE', #864, #1085, #3846, .T. ) ;
#1088 = ADVANCED_FACE ( 'NONE', ( #3842 ), #3841, .F. ) ;
#1089 = EDGE_LOOP ( 'NONE', ( #1090, #1091, #1092, #1093 ) ) ;
#1090 = ORIENTED_EDGE ( 'NONE', *, *, #1434, .F. ) ;
#1091 = ORIENTED_EDGE ( 'NONE', *, *, #1027, .F. ) ;
#1092 = ORIENTED_EDGE ( 'NONE', *, *, #817, .F. ) ;
#1093 = ORIENTED_EDGE ( 'NONE', *, *, #850, .F. ) ;
#1094 = EDGE_LOOP ( 'NONE', ( #869, #870, #871, #872 ) ) ;
#1095 = ORIENTED_EDGE ( 'NONE', *, *, #1037, .T. ) ;
#1096 = EDGE_LOOP ( 'NONE', ( #1103, #1099, #1098, #1437, #1440, #883 ) ) ;
#1097 = ADVANCED_FACE ( 'NONE', ( #3839 ), #3835, .F. ) ;
#1098 = ORIENTED_EDGE ( 'NONE', *, *, #1435, .T. ) ;
#1099 = ORIENTED_EDGE ( 'NONE', *, *, #1100, .F. ) ;
#1100 = EDGE_CURVE ( 'NONE', #1101, #694, #4246, .T. ) ;
#1101 = VERTEX_POINT ( 'NONE', #4190 ) ;
#1102 = ORIENTED_EDGE ( 'NONE', *, *, #1105, .F. ) ;
#1103 = ORIENTED_EDGE ( 'NONE', *, *, #728, .F. ) ;
#1104 = EDGE_LOOP ( 'NONE', ( #1030, #1029, #1102, #1095 ) ) ;
#1105 = EDGE_CURVE ( 'NONE', #1038, #1028, #4086, .T. ) ;
#1106 = EDGE_CURVE ( 'NONE', #1116, #1135, #4082, .T. ) ;
#1107 = ORIENTED_EDGE ( 'NONE', *, *, #1110, .F. ) ;
#1108 = ORIENTED_EDGE ( 'NONE', *, *, #1130, .F. ) ;
#1109 = VERTEX_POINT ( 'NONE', #4087 ) ;
#1110 = EDGE_CURVE ( 'NONE', #1111, #1116, #4224, .T. ) ;
#1111 = VERTEX_POINT ( 'NONE', #4176 ) ;
#1112 = EDGE_CURVE ( 'NONE', #1023, #1122, #4252, .T. ) ;
#1113 = VERTEX_POINT ( 'NONE', #4248 ) ;
#1114 = ORIENTED_EDGE ( 'NONE', *, *, #1106, .F. ) ;
#1115 = ADVANCED_FACE ( 'NONE', ( #4247 ), #4260, .T. ) ;
#1116 = VERTEX_POINT ( 'NONE', #4175 ) ;
#1117 = EDGE_CURVE ( 'NONE', #1113, #1023, #4188, .T. ) ;
#1118 = ADVANCED_FACE ( 'NONE', ( #4184 ), #4225, .T. ) ;
#1119 = EDGE_LOOP ( 'NONE', ( #1108, #1124, #999, #1012, #1017 ) ) ;
#1120 = ORIENTED_EDGE ( 'NONE', *, *, #1127, .T. ) ;
#1121 = EDGE_CURVE ( 'NONE', #935, #1111, #4101, .T. ) ;
#1122 = VERTEX_POINT ( 'NONE', #4097 ) ;
#1123 = ORIENTED_EDGE ( 'NONE', *, *, #1117, .F. ) ;
#1124 = ORIENTED_EDGE ( 'NONE', *, *, #1125, .T. ) ;
#1125 = EDGE_CURVE ( 'NONE', #1109, #1126, #4096, .T. ) ;
#1126 = VERTEX_POINT ( 'NONE', #4092 ) ;
#1127 = EDGE_CURVE ( 'NONE', #1113, #1128, #4091, .T. ) ;
#1128 = VERTEX_POINT ( 'NONE', #4259 ) ;
#1129 = VERTEX_POINT ( 'NONE', #4258 ) ;
#1130 = EDGE_CURVE ( 'NONE', #1109, #1131, #4257, .T. ) ;
#1131 = VERTEX_POINT ( 'NONE', #4253 ) ;
#1132 = ORIENTED_EDGE ( 'NONE', *, *, #1133, .F. ) ;
#1133 = EDGE_CURVE ( 'NONE', #1129, #1128, #4220, .T. ) ;
#1134 = ORIENTED_EDGE ( 'NONE', *, *, #1112, .F. ) ;
#1135 = VERTEX_POINT ( 'NONE', #4216 ) ;
#1136 = ORIENTED_EDGE ( 'NONE', *, *, #1121, .F. ) ;
#1137 = EDGE_LOOP ( 'NONE', ( #1134, #1123, #1120, #1132, #1024 ) ) ;
#1138 = EDGE_CURVE ( 'NONE', #1143, #1135, #4215, .T. ) ;
#1139 = VERTEX_POINT ( 'NONE', #4211 ) ;
#1140 = ORIENTED_EDGE ( 'NONE', *, *, #937, .T. ) ;
#1141 = ADVANCED_FACE ( 'NONE', ( #4210 ), #4170, .F. ) ;
#1142 = ORIENTED_EDGE ( 'NONE', *, *, #1147, .F. ) ;
#1143 = VERTEX_POINT ( 'NONE', #4168 ) ;
#1144 = ORIENTED_EDGE ( 'NONE', *, *, #1145, .T. ) ;
#1145 = EDGE_CURVE ( 'NONE', #1139, #941, #4164, .T. ) ;
#1146 = EDGE_LOOP ( 'NONE', ( #1142, #936, #1114, #1107, #1136 ) ) ;
#1147 = EDGE_CURVE ( 'NONE', #1143, #935, #4160, .T. ) ;
#1148 = ORIENTED_EDGE ( 'NONE', *, *, #1150, .F. ) ;
#1149 = VERTEX_POINT ( 'NONE', #4156 ) ;
#1150 = EDGE_CURVE ( 'NONE', #1149, #1151, #4155, .T. ) ;
#1151 = VERTEX_POINT ( 'NONE', #4151 ) ;
#1152 = EDGE_CURVE ( 'NONE', #1151, #1156, #4242, .T. ) ;
#1153 = VERTEX_POINT ( 'NONE', #4238 ) ;
#1154 = ORIENTED_EDGE ( 'NONE', *, *, #1155, .T. ) ;
#1155 = EDGE_CURVE ( 'NONE', #1159, #1166, #4237, .T. ) ;
#1156 = VERTEX_POINT ( 'NONE', #4233 ) ;
#1157 = ORIENTED_EDGE ( 'NONE', *, *, #1158, .T. ) ;
#1158 = EDGE_CURVE ( 'NONE', #1166, #1153, #4232, .T. ) ;
#1159 = VERTEX_POINT ( 'NONE', #4228 ) ;
#1160 = VERTEX_POINT ( 'NONE', #4227 ) ;
#1161 = ORIENTED_EDGE ( 'NONE', *, *, #1162, .T. ) ;
#1162 = EDGE_CURVE ( 'NONE', #1153, #1163, #4142, .T. ) ;
#1163 = VERTEX_POINT ( 'NONE', #4138 ) ;
#1164 = VERTEX_POINT ( 'NONE', #4137 ) ;
#1165 = EDGE_CURVE ( 'NONE', #1160, #1164, #4136, .T. ) ;
#1166 = VERTEX_POINT ( 'NONE', #4131 ) ;
#1167 = ORIENTED_EDGE ( 'NONE', *, *, #1165, .F. ) ;
#1168 = EDGE_CURVE ( 'NONE', #1160, #1159, #4130, .T. ) ;
#1169 = ORIENTED_EDGE ( 'NONE', *, *, #1170, .T. ) ;
#1170 = EDGE_CURVE ( 'NONE', #1163, #1156, #4126, .T. ) ;
#1171 = ORIENTED_EDGE ( 'NONE', *, *, #1168, .T. ) ;
#1172 = ADVANCED_FACE ( 'NONE', ( #4122 ), #4120, .F. ) ;
#1173 = EDGE_CURVE ( 'NONE', #1405, #1101, #4121, .T. ) ;
#1174 = ORIENTED_EDGE ( 'NONE', *, *, #1100, .T. ) ;
#1175 = ORIENTED_EDGE ( 'NONE', *, *, #1435, .F. ) ;
#1176 = ADVANCED_FACE ( 'NONE', ( #4206 ), #4205, .T. ) ;
#1177 = ORIENTED_EDGE ( 'NONE', *, *, #1044, .F. ) ;
#1178 = ORIENTED_EDGE ( 'NONE', *, *, #857, .T. ) ;
#1179 = EDGE_LOOP ( 'NONE', ( #1174, #1398, #1399, #1400, #185, #186 ) ) ;
#1180 = ORIENTED_EDGE ( 'NONE', *, *, #1181, .F. ) ;
#1181 = EDGE_CURVE ( 'NONE', #710, #754, #4200, .T. ) ;
#1182 = ORIENTED_EDGE ( 'NONE', *, *, #739, .T. ) ;
#1183 = ORIENTED_EDGE ( 'NONE', *, *, #1173, .F. ) ;
#1184 = ORIENTED_EDGE ( 'NONE', *, *, #763, .F. ) ;
#1185 = ORIENTED_EDGE ( 'NONE', *, *, #1407, .F. ) ;
#1186 = ORIENTED_EDGE ( 'NONE', *, *, #877, .F. ) ;
#1187 = ORIENTED_EDGE ( 'NONE', *, *, #758, .F. ) ;
#1188 = EDGE_LOOP ( 'NONE', ( #1183, #1185, #1178, #1175 ) ) ;
#1189 = ORIENTED_EDGE ( 'NONE', *, *, #704, .F. ) ;
#1190 = EDGE_LOOP ( 'NONE', ( #1401, #1184, #1180, #1189 ) ) ;
#1191 = VERTEX_POINT ( 'NONE', #4269 ) ;
#1192 = ORIENTED_EDGE ( 'NONE', *, *, #1193, .T. ) ;
#1193 = EDGE_CURVE ( 'NONE', #1197, #1194, #4268, .T. ) ;
#1194 = VERTEX_POINT ( 'NONE', #4263 ) ;
#1195 = EDGE_CURVE ( 'NONE', #1205, #1313, #4262, .T. ) ;
#1196 = ORIENTED_EDGE ( 'NONE', *, *, #1199, .F. ) ;
#1197 = VERTEX_POINT ( 'NONE', #4282 ) ;
#1198 = VERTEX_POINT ( 'NONE', #4281 ) ;
#1199 = EDGE_CURVE ( 'NONE', #1197, #1191, #4280, .T. ) ;
#1200 = EDGE_CURVE ( 'NONE', #1308, #1306, #4276, .T. ) ;
#1201 = EDGE_CURVE ( 'NONE', #1191, #1198, #4288, .T. ) ;
#1202 = EDGE_CURVE ( 'NONE', #1198, #1308, #4289, .T. ) ;
#1203 = ORIENTED_EDGE ( 'NONE', *, *, #1315, .T. ) ;
#1204 = ORIENTED_EDGE ( 'NONE', *, *, #510, .T. ) ;
#1205 = VERTEX_POINT ( 'NONE', #4296 ) ;
#1206 = EDGE_CURVE ( 'NONE', #506, #1205, #4295, .T. ) ;
#1207 = ORIENTED_EDGE ( 'NONE', *, *, #1206, .T. ) ;
#1208 = ORIENTED_EDGE ( 'NONE', *, *, #1209, .T. ) ;
#1209 = EDGE_CURVE ( 'NONE', #941, #1164, #4369, .T. ) ;
#1210 = ORIENTED_EDGE ( 'NONE', *, *, #344, .T. ) ;
#1211 = ORIENTED_EDGE ( 'NONE', *, *, #939, .T. ) ;
#1212 = EDGE_CURVE ( 'NONE', #427, #350, #4365, .T. ) ;
#1213 = VERTEX_POINT ( 'NONE', #4361 ) ;
#1214 = ORIENTED_EDGE ( 'NONE', *, *, #1212, .T. ) ;
#1215 = ORIENTED_EDGE ( 'NONE', *, *, #1220, .F. ) ;
#1216 = VERTEX_POINT ( 'NONE', #4360 ) ;
#1217 = VERTEX_POINT ( 'NONE', #4359 ) ;
#1218 = EDGE_CURVE ( 'NONE', #511, #1216, #4358, .T. ) ;
#1219 = EDGE_CURVE ( 'NONE', #348, #1217, #4353, .T. ) ;
#1220 = EDGE_CURVE ( 'NONE', #1216, #1217, #4349, .T. ) ;
#1221 = ORIENTED_EDGE ( 'NONE', *, *, #1218, .F. ) ;
#1222 = ORIENTED_EDGE ( 'NONE', *, *, #345, .T. ) ;
#1223 = ORIENTED_EDGE ( 'NONE', *, *, #1219, .T. ) ;
#1224 = VERTEX_POINT ( 'NONE', #4345 ) ;
#1225 = ORIENTED_EDGE ( 'NONE', *, *, #1621, .T. ) ;
#1226 = ADVANCED_FACE ( 'NONE', ( #4344 ), #4405, .F. ) ;
#1227 = EDGE_CURVE ( 'NONE', #1582, #665, #4406, .T. ) ;
#1228 = ORIENTED_EDGE ( 'NONE', *, *, #1241, .F. ) ;
#1229 = ORIENTED_EDGE ( 'NONE', *, *, #508, .F. ) ;
#1230 = EDGE_CURVE ( 'NONE', #517, #1213, #4397, .T. ) ;
#1231 = EDGE_LOOP ( 'NONE', ( #1222, #1223, #1215, #1221, #1204, #1207, #1307, #1314, #1203, #1316, #1309, #1312, #1196, #1192, #1280, #1393 ) ) ;
#1232 = ORIENTED_EDGE ( 'NONE', *, *, #1230, .T. ) ;
#1233 = EDGE_CURVE ( 'NONE', #507, #1149, #4392, .T. ) ;
#1234 = ORIENTED_EDGE ( 'NONE', *, *, #1233, .F. ) ;
#1235 = ORIENTED_EDGE ( 'NONE', *, *, #1152, .F. ) ;
#1236 = EDGE_LOOP ( 'NONE', ( #1237, #1228, #1470, #1319 ) ) ;
#1237 = ORIENTED_EDGE ( 'NONE', *, *, #1218, .T. ) ;
#1238 = EDGE_CURVE ( 'NONE', #426, #427, #4388, .T. ) ;
#1239 = ORIENTED_EDGE ( 'NONE', *, *, #228, .T. ) ;
#1240 = ORIENTED_EDGE ( 'NONE', *, *, #1241, .T. ) ;
#1241 = EDGE_CURVE ( 'NONE', #1213, #1216, #4384, .T. ) ;
#1242 = ADVANCED_FACE ( 'NONE', ( #4379 ), #4324, .F. ) ;
#1243 = EDGE_LOOP ( 'NONE', ( #1244, #1245, #1246, #1248 ) ) ;
#1244 = ORIENTED_EDGE ( 'NONE', *, *, #867, .F. ) ;
#1245 = ORIENTED_EDGE ( 'NONE', *, *, #1298, .F. ) ;
#1246 = ORIENTED_EDGE ( 'NONE', *, *, #1247, .F. ) ;
#1247 = EDGE_CURVE ( 'NONE', #1164, #1194, #4318, .T. ) ;
#1248 = ORIENTED_EDGE ( 'NONE', *, *, #1209, .F. ) ;
#1249 = ADVANCED_FACE ( 'NONE', ( #4314 ), #4465, .T. ) ;
#1250 = ORIENTED_EDGE ( 'NONE', *, *, #1396, .T. ) ;
#1251 = ORIENTED_EDGE ( 'NONE', *, *, #1292, .T. ) ;
#1252 = ORIENTED_EDGE ( 'NONE', *, *, #452, .T. ) ;
#1253 = ADVANCED_FACE ( 'NONE', ( #4592 ), #4449, .F. ) ;
#1254 = EDGE_LOOP ( 'NONE', ( #1255, #1256, #1257, #1258 ) ) ;
#1255 = ORIENTED_EDGE ( 'NONE', *, *, #1364, .F. ) ;
#1256 = ORIENTED_EDGE ( 'NONE', *, *, #1206, .F. ) ;
#1257 = ORIENTED_EDGE ( 'NONE', *, *, #518, .F. ) ;
#1258 = ORIENTED_EDGE ( 'NONE', *, *, #1233, .T. ) ;
#1259 = EDGE_CURVE ( 'NONE', #1217, #1289, #4456, .T. ) ;
#1260 = ORIENTED_EDGE ( 'NONE', *, *, #631, .T. ) ;
#1261 = ORIENTED_EDGE ( 'NONE', *, *, #1238, .T. ) ;
#1262 = EDGE_LOOP ( 'NONE', ( #1263, #1264, #1265, #1266 ) ) ;
#1263 = ORIENTED_EDGE ( 'NONE', *, *, #309, .F. ) ;
#1264 = ORIENTED_EDGE ( 'NONE', *, *, #660, .F. ) ;
#1265 = ORIENTED_EDGE ( 'NONE', *, *, #196, .F. ) ;
#1266 = ORIENTED_EDGE ( 'NONE', *, *, #989, .F. ) ;
#1267 = ADVANCED_FACE ( 'NONE', ( #4583 ), #4553, .F. ) ;
#1268 = EDGE_LOOP ( 'NONE', ( #1269, #1270, #1273, #1380, #1382, #1383 ) ) ;
#1269 = ORIENTED_EDGE ( 'NONE', *, *, #1200, .T. ) ;
#1270 = ORIENTED_EDGE ( 'NONE', *, *, #1271, .T. ) ;
#1271 = EDGE_CURVE ( 'NONE', #1306, #1272, #4475, .T. ) ;
#1272 = VERTEX_POINT ( 'NONE', #4509 ) ;
#1273 = ORIENTED_EDGE ( 'NONE', *, *, #1379, .F. ) ;
#1274 = VERTEX_POINT ( 'NONE', #4508 ) ;
#1275 = ORIENTED_EDGE ( 'NONE', *, *, #1357, .T. ) ;
#1276 = ORIENTED_EDGE ( 'NONE', *, *, #1282, .T. ) ;
#1277 = ADVANCED_FACE ( 'NONE', ( #4507 ), #4430, .F. ) ;
#1278 = EDGE_LOOP ( 'NONE', ( #1300, #1301, #1291, #1293 ) ) ;
#1279 = ADVANCED_FACE ( 'NONE', ( #4428 ), #4447, .F. ) ;
#1280 = ORIENTED_EDGE ( 'NONE', *, *, #1298, .T. ) ;
#1281 = ORIENTED_EDGE ( 'NONE', *, *, #1282, .F. ) ;
#1282 = EDGE_CURVE ( 'NONE', #1304, #354, #4442, .T. ) ;
#1283 = ORIENTED_EDGE ( 'NONE', *, *, #448, .T. ) ;
#1284 = ORIENTED_EDGE ( 'NONE', *, *, #1285, .F. ) ;
#1285 = EDGE_CURVE ( 'NONE', #1394, #341, #4550, .T. ) ;
#1286 = ORIENTED_EDGE ( 'NONE', *, *, #1396, .F. ) ;
#1287 = ADVANCED_FACE ( 'NONE', ( #4545 ), #4503, .F. ) ;
#1288 = EDGE_CURVE ( 'NONE', #1289, #1304, #4498, .T. ) ;
#1289 = VERTEX_POINT ( 'NONE', #4494 ) ;
#1290 = ORIENTED_EDGE ( 'NONE', *, *, #355, .T. ) ;
#1291 = ORIENTED_EDGE ( 'NONE', *, *, #1292, .F. ) ;
#1292 = EDGE_CURVE ( 'NONE', #1394, #447, #4529, .T. ) ;
#1293 = ORIENTED_EDGE ( 'NONE', *, *, #1285, .T. ) ;
#1294 = EDGE_LOOP ( 'NONE', ( #1296, #1297, #1348, #1250, #1251, #1252, #1342, #1343, #1260, #1261, #1239, #1240 ) ) ;
#1295 = ADVANCED_FACE ( 'NONE', ( #4525 ), #4589, .T. ) ;
#1296 = ORIENTED_EDGE ( 'NONE', *, *, #1220, .T. ) ;
#1297 = ORIENTED_EDGE ( 'NONE', *, *, #1259, .T. ) ;
#1298 = EDGE_CURVE ( 'NONE', #1194, #1143, #4584, .T. ) ;
#1299 = ORIENTED_EDGE ( 'NONE', *, *, #1395, .T. ) ;
#1300 = ORIENTED_EDGE ( 'NONE', *, *, #340, .T. ) ;
#1301 = ORIENTED_EDGE ( 'NONE', *, *, #440, .F. ) ;
#1302 = EDGE_LOOP ( 'NONE', ( #1283, #1284, #1286, #1276 ) ) ;
#1303 = EDGE_LOOP ( 'NONE', ( #1305, #1299, #1290, #1281 ) ) ;
#1304 = VERTEX_POINT ( 'NONE', #4647 ) ;
#1305 = ORIENTED_EDGE ( 'NONE', *, *, #1288, .F. ) ;
#1306 = VERTEX_POINT ( 'NONE', #4646 ) ;
#1307 = ORIENTED_EDGE ( 'NONE', *, *, #1195, .T. ) ;
#1308 = VERTEX_POINT ( 'NONE', #4645 ) ;
#1309 = ORIENTED_EDGE ( 'NONE', *, *, #1202, .F. ) ;
#1310 = EDGE_CURVE ( 'NONE', #1313, #1311, #4644, .T. ) ;
#1311 = VERTEX_POINT ( 'NONE', #4640 ) ;
#1312 = ORIENTED_EDGE ( 'NONE', *, *, #1201, .F. ) ;
#1313 = VERTEX_POINT ( 'NONE', #4639 ) ;
#1314 = ORIENTED_EDGE ( 'NONE', *, *, #1310, .T. ) ;
#1315 = EDGE_CURVE ( 'NONE', #1311, #1306, #4637, .T. ) ;
#1316 = ORIENTED_EDGE ( 'NONE', *, *, #1200, .F. ) ;
#1317 = EDGE_LOOP ( 'NONE', ( #1324, #1325, #1326, #1327 ) ) ;
#1318 = ORIENTED_EDGE ( 'NONE', *, *, #1355, .F. ) ;
#1319 = ORIENTED_EDGE ( 'NONE', *, *, #503, .F. ) ;
#1320 = ADVANCED_FACE ( 'NONE', ( #4633 ), #4808, .F. ) ;
#1321 = ORIENTED_EDGE ( 'NONE', *, *, #297, .F. ) ;
#1322 = ORIENTED_EDGE ( 'NONE', *, *, #1247, .T. ) ;
#1323 = ADVANCED_FACE ( 'NONE', ( #4806 ), #4758, .F. ) ;
#1324 = ORIENTED_EDGE ( 'NONE', *, *, #1238, .F. ) ;
#1325 = ORIENTED_EDGE ( 'NONE', *, *, #629, .F. ) ;
#1326 = ORIENTED_EDGE ( 'NONE', *, *, #333, .F. ) ;
#1327 = ORIENTED_EDGE ( 'NONE', *, *, #1212, .F. ) ;
#1328 = ADVANCED_FACE ( 'NONE', ( #4756 ), #4708, .T. ) ;
#1329 = ORIENTED_EDGE ( 'NONE', *, *, #1330, .T. ) ;
#1330 = EDGE_CURVE ( 'NONE', #1272, #1389, #4703, .T. ) ;
#1331 = ORIENTED_EDGE ( 'NONE', *, *, #1332, .T. ) ;
#1332 = EDGE_CURVE ( 'NONE', #1390, #1274, #4699, .T. ) ;
#1333 = ORIENTED_EDGE ( 'NONE', *, *, #1193, .F. ) ;
#1334 = EDGE_LOOP ( 'NONE', ( #1335, #1336, #1339, #1602 ) ) ;
#1335 = ORIENTED_EDGE ( 'NONE', *, *, #972, .F. ) ;
#1336 = ORIENTED_EDGE ( 'NONE', *, *, #1337, .F. ) ;
#1337 = EDGE_CURVE ( 'NONE', #1338, #968, #4695, .T. ) ;
#1338 = VERTEX_POINT ( 'NONE', #4691 ) ;
#1339 = ORIENTED_EDGE ( 'NONE', *, *, #1340, .T. ) ;
#1340 = EDGE_CURVE ( 'NONE', #1338, #1341, #4690, .T. ) ;
#1341 = VERTEX_POINT ( 'NONE', #4686 ) ;
#1342 = ORIENTED_EDGE ( 'NONE', *, *, #432, .T. ) ;
#1343 = ORIENTED_EDGE ( 'NONE', *, *, #424, .T. ) ;
#1344 = ORIENTED_EDGE ( 'NONE', *, *, #1155, .F. ) ;
#1345 = ORIENTED_EDGE ( 'NONE', *, *, #1346, .F. ) ;
#1346 = EDGE_CURVE ( 'NONE', #1191, #1159, #4684, .T. ) ;
#1347 = ORIENTED_EDGE ( 'NONE', *, *, #1201, .T. ) ;
#1348 = ORIENTED_EDGE ( 'NONE', *, *, #1288, .T. ) ;
#1349 = ADVANCED_FACE ( 'NONE', ( #4680 ), #4662, .T. ) ;
#1350 = EDGE_LOOP ( 'NONE', ( #1351, #1352, #1353, #1354 ) ) ;
#1351 = ORIENTED_EDGE ( 'NONE', *, *, #1199, .T. ) ;
#1352 = ORIENTED_EDGE ( 'NONE', *, *, #1346, .T. ) ;
#1353 = ORIENTED_EDGE ( 'NONE', *, *, #1168, .F. ) ;
#1354 = ORIENTED_EDGE ( 'NONE', *, *, #1355, .T. ) ;
#1355 = EDGE_CURVE ( 'NONE', #1160, #1197, #4656, .T. ) ;
#1356 = ADVANCED_FACE ( 'NONE', ( #4652 ), #4602, .T. ) ;
#1357 = EDGE_CURVE ( 'NONE', #1166, #1198, #4596, .T. ) ;
#1358 = ADVANCED_FACE ( 'NONE', ( #4735 ), #4717, .T. ) ;
#1359 = EDGE_LOOP ( 'NONE', ( #1360, #1361, #1362, #1363 ) ) ;
#1360 = ORIENTED_EDGE ( 'NONE', *, *, #1150, .T. ) ;
#1361 = ORIENTED_EDGE ( 'NONE', *, *, #1370, .T. ) ;
#1362 = ORIENTED_EDGE ( 'NONE', *, *, #1195, .F. ) ;
#1363 = ORIENTED_EDGE ( 'NONE', *, *, #1364, .T. ) ;
#1364 = EDGE_CURVE ( 'NONE', #1205, #1149, #4711, .T. ) ;
#1365 = ADVANCED_FACE ( 'NONE', ( #4783 ), #4765, .F. ) ;
#1366 = EDGE_LOOP ( 'NONE', ( #1367, #1344, #1345, #1347 ) ) ;
#1367 = ORIENTED_EDGE ( 'NONE', *, *, #1357, .F. ) ;
#1368 = ORIENTED_EDGE ( 'NONE', *, *, #1310, .F. ) ;
#1369 = ORIENTED_EDGE ( 'NONE', *, *, #1370, .F. ) ;
#1370 = EDGE_CURVE ( 'NONE', #1151, #1313, #5041, .T. ) ;
#1371 = ORIENTED_EDGE ( 'NONE', *, *, #1152, .T. ) ;
#1372 = ORIENTED_EDGE ( 'NONE', *, *, #1373, .T. ) ;
#1373 = EDGE_CURVE ( 'NONE', #1156, #1390, #5036, .T. ) ;
#1374 = ADVANCED_FACE ( 'NONE', ( #5031 ), #4922, .T. ) ;
#1375 = EDGE_LOOP ( 'NONE', ( #1376, #1377, #1378, #1275 ) ) ;
#1376 = ORIENTED_EDGE ( 'NONE', *, *, #1202, .T. ) ;
#1377 = ORIENTED_EDGE ( 'NONE', *, *, #1384, .T. ) ;
#1378 = ORIENTED_EDGE ( 'NONE', *, *, #1158, .F. ) ;
#1379 = EDGE_CURVE ( 'NONE', #1274, #1272, #4917, .T. ) ;
#1380 = ORIENTED_EDGE ( 'NONE', *, *, #1381, .T. ) ;
#1381 = EDGE_CURVE ( 'NONE', #1274, #1163, #4913, .T. ) ;
#1382 = ORIENTED_EDGE ( 'NONE', *, *, #1162, .F. ) ;
#1383 = ORIENTED_EDGE ( 'NONE', *, *, #1384, .F. ) ;
#1384 = EDGE_CURVE ( 'NONE', #1308, #1153, #4907, .T. ) ;
#1385 = ADVANCED_FACE ( 'NONE', ( #4903 ), #4940, .F. ) ;
#1386 = EDGE_LOOP ( 'NONE', ( #1387, #1391, #1368, #1369, #1371, #1372 ) ) ;
#1387 = ORIENTED_EDGE ( 'NONE', *, *, #1388, .F. ) ;
#1388 = EDGE_CURVE ( 'NONE', #1389, #1390, #4935, .T. ) ;
#1389 = VERTEX_POINT ( 'NONE', #4931 ) ;
#1390 = VERTEX_POINT ( 'NONE', #4930 ) ;
#1391 = ORIENTED_EDGE ( 'NONE', *, *, #1392, .T. ) ;
#1392 = EDGE_CURVE ( 'NONE', #1389, #1311, #4929, .T. ) ;
#1393 = ORIENTED_EDGE ( 'NONE', *, *, #1147, .T. ) ;
#1394 = VERTEX_POINT ( 'NONE', #4924 ) ;
#1395 = EDGE_CURVE ( 'NONE', #1289, #359, #4978, .T. ) ;
#1396 = EDGE_CURVE ( 'NONE', #1304, #1394, #4974, .T. ) ;
#1397 = ADVANCED_FACE ( 'NONE', ( #4970 ), #4968, .F. ) ;
#1398 = ORIENTED_EDGE ( 'NONE', *, *, #692, .T. ) ;
#1399 = ORIENTED_EDGE ( 'NONE', *, *, #1181, .T. ) ;
#1400 = ORIENTED_EDGE ( 'NONE', *, *, #753, .T. ) ;
#1401 = ORIENTED_EDGE ( 'NONE', *, *, #1424, .T. ) ;
#1402 = ORIENTED_EDGE ( 'NONE', *, *, #1404, .F. ) ;
#1403 = ORIENTED_EDGE ( 'NONE', *, *, #860, .T. ) ;
#1404 = EDGE_CURVE ( 'NONE', #775, #1405, #4963, .T. ) ;
#1405 = VERTEX_POINT ( 'NONE', #4959 ) ;
#1406 = EDGE_CURVE ( 'NONE', #881, #1419, #4958, .T. ) ;
#1407 = EDGE_CURVE ( 'NONE', #858, #1405, #4954, .T. ) ;
#1408 = ADVANCED_FACE ( 'NONE', ( #4950 ), #4947, .F. ) ;
#1409 = ORIENTED_EDGE ( 'NONE', *, *, #1407, .T. ) ;
#1410 = EDGE_LOOP ( 'NONE', ( #1187, #1177, #1182, #1186 ) ) ;
#1411 = ORIENTED_EDGE ( 'NONE', *, *, #1050, .F. ) ;
#1412 = ORIENTED_EDGE ( 'NONE', *, *, #1413, .F. ) ;
#1413 = EDGE_CURVE ( 'NONE', #1075, #808, #4889, .T. ) ;
#1414 = ORIENTED_EDGE ( 'NONE', *, *, #1074, .T. ) ;
#1415 = ADVANCED_FACE ( 'NONE', ( #4885, #4884 ), #4883, .T. ) ;
#1416 = EDGE_LOOP ( 'NONE', ( #1417, #1421, #851, #853, #854, #1425, #1426, #1428, #1429, #1430, #1431, #1432, #1433, #855, #856, #859 ) ) ;
#1417 = ORIENTED_EDGE ( 'NONE', *, *, #1418, .T. ) ;
#1418 = EDGE_CURVE ( 'NONE', #1419, #1420, #4881, .T. ) ;
#1419 = VERTEX_POINT ( 'NONE', #4874 ) ;
#1420 = VERTEX_POINT ( 'NONE', #4873 ) ;
#1421 = ORIENTED_EDGE ( 'NONE', *, *, #1422, .T. ) ;
#1422 = EDGE_CURVE ( 'NONE', #1420, #1423, #4872, .T. ) ;
#1423 = VERTEX_POINT ( 'NONE', #4868 ) ;
#1424 = EDGE_CURVE ( 'NONE', #684, #764, #4867, .T. ) ;
#1425 = ORIENTED_EDGE ( 'NONE', *, *, #698, .T. ) ;
#1426 = ORIENTED_EDGE ( 'NONE', *, *, #1427, .T. ) ;
#1427 = EDGE_CURVE ( 'NONE', #695, #888, #4863, .T. ) ;
#1428 = ORIENTED_EDGE ( 'NONE', *, *, #887, .T. ) ;
#1429 = ORIENTED_EDGE ( 'NONE', *, *, #1077, .T. ) ;
#1430 = ORIENTED_EDGE ( 'NONE', *, *, #1413, .T. ) ;
#1431 = ORIENTED_EDGE ( 'NONE', *, *, #807, .T. ) ;
#1432 = ORIENTED_EDGE ( 'NONE', *, *, #1105, .T. ) ;
#1433 = ORIENTED_EDGE ( 'NONE', *, *, #1434, .T. ) ;
#1434 = EDGE_CURVE ( 'NONE', #1028, #1439, #5011, .T. ) ;
#1435 = EDGE_CURVE ( 'NONE', #1101, #1436, #5006, .T. ) ;
#1436 = VERTEX_POINT ( 'NONE', #5002 ) ;
#1437 = ORIENTED_EDGE ( 'NONE', *, *, #1438, .F. ) ;
#1438 = EDGE_CURVE ( 'NONE', #1439, #1436, #5001, .T. ) ;
#1439 = VERTEX_POINT ( 'NONE', #4996 ) ;
#1440 = ORIENTED_EDGE ( 'NONE', *, *, #850, .T. ) ;
#1441 = EDGE_CURVE ( 'NONE', #1704, #957, #4994, .T. ) ;
#1442 = ORIENTED_EDGE ( 'NONE', *, *, #174, .F. ) ;
#1443 = ORIENTED_EDGE ( 'NONE', *, *, #399, .F. ) ;
#1444 = ORIENTED_EDGE ( 'NONE', *, *, #262, .F. ) ;
#1445 = ADVANCED_FACE ( 'NONE', ( #4990 ), #4855, .F. ) ;
#1446 = EDGE_LOOP ( 'NONE', ( #1447, #1448, #1449, #1471 ) ) ;
#1447 = ORIENTED_EDGE ( 'NONE', *, *, #299, .F. ) ;
#1448 = ORIENTED_EDGE ( 'NONE', *, *, #253, .F. ) ;
#1449 = ORIENTED_EDGE ( 'NONE', *, *, #383, .F. ) ;
#1450 = EDGE_LOOP ( 'NONE', ( #1473, #1474, #1475, #1476 ) ) ;
#1451 = ORIENTED_EDGE ( 'NONE', *, *, #1388, .T. ) ;
#1452 = ORIENTED_EDGE ( 'NONE', *, *, #1165, .T. ) ;
#1453 = ADVANCED_FACE ( 'NONE', ( #4853 ), #4831, .T. ) ;
#1454 = EDGE_LOOP ( 'NONE', ( #1455, #1456, #1457, #1458 ) ) ;
#1455 = ORIENTED_EDGE ( 'NONE', *, *, #1271, .F. ) ;
#1456 = ORIENTED_EDGE ( 'NONE', *, *, #1315, .F. ) ;
#1457 = ORIENTED_EDGE ( 'NONE', *, *, #1392, .F. ) ;
#1458 = ORIENTED_EDGE ( 'NONE', *, *, #1330, .F. ) ;
#1459 = ADVANCED_FACE ( 'NONE', ( #4829 ), #5228, .T. ) ;
#1460 = EDGE_LOOP ( 'NONE', ( #1461, #1462, #1463, #1464 ) ) ;
#1461 = ORIENTED_EDGE ( 'NONE', *, *, #1373, .F. ) ;
#1462 = ORIENTED_EDGE ( 'NONE', *, *, #1170, .F. ) ;
#1463 = ORIENTED_EDGE ( 'NONE', *, *, #1381, .F. ) ;
#1464 = ORIENTED_EDGE ( 'NONE', *, *, #1332, .F. ) ;
#1465 = EDGE_LOOP ( 'NONE', ( #1321, #1442, #1443, #1444 ) ) ;
#1466 = ADVANCED_FACE ( 'NONE', ( #5226 ), #5151, .T. ) ;
#1467 = EDGE_LOOP ( 'NONE', ( #1468, #1329, #1451, #1331 ) ) ;
#1468 = ORIENTED_EDGE ( 'NONE', *, *, #1379, .T. ) ;
#1469 = EDGE_LOOP ( 'NONE', ( #1318, #1452, #1322, #1333 ) ) ;
#1470 = ORIENTED_EDGE ( 'NONE', *, *, #1230, .F. ) ;
#1471 = ORIENTED_EDGE ( 'NONE', *, *, #212, .F. ) ;
#1472 = ADVANCED_FACE ( 'NONE', ( #5149 ), #5204, .F. ) ;
#1473 = ORIENTED_EDGE ( 'NONE', *, *, #1259, .F. ) ;
#1474 = ORIENTED_EDGE ( 'NONE', *, *, #1219, .F. ) ;
#1475 = ORIENTED_EDGE ( 'NONE', *, *, #346, .F. ) ;
#1476 = ORIENTED_EDGE ( 'NONE', *, *, #1395, .F. ) ;
#1477 = ADVANCED_FACE ( 'NONE', ( #5202 ), #5180, .F. ) ;
#1478 = ADVANCED_FACE ( 'NONE', ( #5250 ), #5232, .T. ) ;
#1479 = EDGE_CURVE ( 'NONE', #1490, #1482, #5073, .T. ) ;
#1480 = ORIENTED_EDGE ( 'NONE', *, *, #713, .F. ) ;
#1481 = ORIENTED_EDGE ( 'NONE', *, *, #1479, .T. ) ;
#1482 = VERTEX_POINT ( 'NONE', #5069 ) ;
#1483 = ORIENTED_EDGE ( 'NONE', *, *, #1486, .F. ) ;
#1484 = EDGE_LOOP ( 'NONE', ( #1480, #1483, #1481, #1624 ) ) ;
#1485 = ORIENTED_EDGE ( 'NONE', *, *, #1489, .T. ) ;
#1486 = EDGE_CURVE ( 'NONE', #1490, #697, #5068, .T. ) ;
#1487 = EDGE_CURVE ( 'NONE', #1528, #718, #5064, .T. ) ;
#1488 = ORIENTED_EDGE ( 'NONE', *, *, #1486, .T. ) ;
#1489 = EDGE_CURVE ( 'NONE', #1528, #1490, #5060, .T. ) ;
#1490 = VERTEX_POINT ( 'NONE', #5056 ) ;
#1491 = EDGE_LOOP ( 'NONE', ( #1739, #1740, #1741, #1744 ) ) ;
#1492 = ORIENTED_EDGE ( 'NONE', *, *, #1539, .F. ) ;
#1493 = ORIENTED_EDGE ( 'NONE', *, *, #1765, .F. ) ;
#1494 = ORIENTED_EDGE ( 'NONE', *, *, #1545, .F. ) ;
#1495 = ORIENTED_EDGE ( 'NONE', *, *, #1503, .F. ) ;
#1496 = ORIENTED_EDGE ( 'NONE', *, *, #1732, .F. ) ;
#1497 = ORIENTED_EDGE ( 'NONE', *, *, #1693, .F. ) ;
#1498 = ORIENTED_EDGE ( 'NONE', *, *, #1609, .F. ) ;
#1499 = ORIENTED_EDGE ( 'NONE', *, *, #1742, .F. ) ;
#1500 = ORIENTED_EDGE ( 'NONE', *, *, #1671, .F. ) ;
#1501 = ORIENTED_EDGE ( 'NONE', *, *, #1758, .F. ) ;
#1502 = ORIENTED_EDGE ( 'NONE', *, *, #1503, .T. ) ;
#1503 = EDGE_CURVE ( 'NONE', #1733, #1504, #5055, .T. ) ;
#1504 = VERTEX_POINT ( 'NONE', #5051 ) ;
#1505 = ORIENTED_EDGE ( 'NONE', *, *, #1506, .T. ) ;
#1506 = EDGE_CURVE ( 'NONE', #1504, #575, #5049, .T. ) ;
#1507 = ADVANCED_FACE ( 'NONE', ( #5045 ), #5164, .T. ) ;
#1508 = EDGE_LOOP ( 'NONE', ( #1542, #1543, #1544, #1547 ) ) ;
#1509 = ORIENTED_EDGE ( 'NONE', *, *, #978, .F. ) ;
#1510 = ORIENTED_EDGE ( 'NONE', *, *, #1644, .F. ) ;
#1511 = ORIENTED_EDGE ( 'NONE', *, *, #1512, .T. ) ;
#1512 = EDGE_CURVE ( 'NONE', #1642, #1631, #5158, .T. ) ;
#1513 = ADVANCED_FACE ( 'NONE', ( #5154 ), #5086, .T. ) ;
#1514 = EDGE_LOOP ( 'NONE', ( #1603, #1639, #1640, #1643 ) ) ;
#1515 = ORIENTED_EDGE ( 'NONE', *, *, #1707, .F. ) ;
#1516 = EDGE_CURVE ( 'NONE', #1341, #973, #5080, .T. ) ;
#1517 = ORIENTED_EDGE ( 'NONE', *, *, #1487, .F. ) ;
#1518 = EDGE_LOOP ( 'NONE', ( #1521, #1517, #1485, #1488 ) ) ;
#1519 = ADVANCED_FACE ( 'NONE', ( #5128 ), #5110, .T. ) ;
#1520 = ADVANCED_FACE ( 'NONE', ( #5477 ), #5458, .T. ) ;
#1521 = ORIENTED_EDGE ( 'NONE', *, *, #696, .F. ) ;
#1522 = EDGE_CURVE ( 'NONE', #1525, #1528, #5453, .T. ) ;
#1523 = EDGE_LOOP ( 'NONE', ( #1527, #1735, #1524, #1736 ) ) ;
#1524 = ORIENTED_EDGE ( 'NONE', *, *, #1522, .T. ) ;
#1525 = VERTEX_POINT ( 'NONE', #5449 ) ;
#1526 = ADVANCED_FACE ( 'NONE', ( #5448 ), #5429, .T. ) ;
#1527 = ORIENTED_EDGE ( 'NONE', *, *, #723, .F. ) ;
#1528 = VERTEX_POINT ( 'NONE', #5424 ) ;
#1529 = ADVANCED_FACE ( 'NONE', ( #5423 ), #5404, .T. ) ;
#1530 = VERTEX_POINT ( 'NONE', #5399 ) ;
#1531 = ORIENTED_EDGE ( 'NONE', *, *, #1532, .T. ) ;
#1532 = EDGE_CURVE ( 'NONE', #1530, #944, #5311, .T. ) ;
#1533 = EDGE_CURVE ( 'NONE', #1534, #645, #5307, .T. ) ;
#1534 = VERTEX_POINT ( 'NONE', #5303 ) ;
#1535 = VERTEX_POINT ( 'NONE', #5302 ) ;
#1536 = ORIENTED_EDGE ( 'NONE', *, *, #590, .F. ) ;
#1537 = ORIENTED_EDGE ( 'NONE', *, *, #1768, .F. ) ;
#1538 = ORIENTED_EDGE ( 'NONE', *, *, #1539, .T. ) ;
#1539 = EDGE_CURVE ( 'NONE', #1766, #1534, #5300, .T. ) ;
#1540 = ORIENTED_EDGE ( 'NONE', *, *, #1533, .T. ) ;
#1541 = ADVANCED_FACE ( 'NONE', ( #5296 ), #5339, .T. ) ;
#1542 = ORIENTED_EDGE ( 'NONE', *, *, #564, .F. ) ;
#1543 = ORIENTED_EDGE ( 'NONE', *, *, #1506, .F. ) ;
#1544 = ORIENTED_EDGE ( 'NONE', *, *, #1545, .T. ) ;
#1545 = EDGE_CURVE ( 'NONE', #1504, #1546, #5334, .T. ) ;
#1546 = VERTEX_POINT ( 'NONE', #5330 ) ;
#1547 = ORIENTED_EDGE ( 'NONE', *, *, #1548, .T. ) ;
#1548 = EDGE_CURVE ( 'NONE', #1546, #566, #5328, .T. ) ;
#1549 = ADVANCED_FACE ( 'NONE', ( #5324 ), #5362, .T. ) ;
#1550 = EDGE_LOOP ( 'NONE', ( #1551, #1552, #1764, #1767 ) ) ;
#1551 = ORIENTED_EDGE ( 'NONE', *, *, #551, .F. ) ;
#1552 = ORIENTED_EDGE ( 'NONE', *, *, #1548, .F. ) ;
#1553 = ADVANCED_FACE ( 'NONE', ( #5360 ), #5277, .T. ) ;
#1554 = ORIENTED_EDGE ( 'NONE', *, *, #1555, .F. ) ;
#1555 = EDGE_CURVE ( 'NONE', #1565, #682, #5272, .T. ) ;
#1556 = ORIENTED_EDGE ( 'NONE', *, *, #1557, .T. ) ;
#1557 = EDGE_CURVE ( 'NONE', #1565, #1589, #5268, .T. ) ;
#1558 = VERTEX_POINT ( 'NONE', #5264 ) ;
#1559 = EDGE_LOOP ( 'NONE', ( #1562, #1563, #1560, #1561 ) ) ;
#1560 = ORIENTED_EDGE ( 'NONE', *, *, #1564, .T. ) ;
#1561 = ORIENTED_EDGE ( 'NONE', *, *, #1555, .T. ) ;
#1562 = ORIENTED_EDGE ( 'NONE', *, *, #669, .F. ) ;
#1563 = ORIENTED_EDGE ( 'NONE', *, *, #1712, .F. ) ;
#1564 = EDGE_CURVE ( 'NONE', #1558, #1565, #5263, .T. ) ;
#1565 = VERTEX_POINT ( 'NONE', #5259 ) ;
#1566 = ORIENTED_EDGE ( 'NONE', *, *, #1653, .F. ) ;
#1567 = ORIENTED_EDGE ( 'NONE', *, *, #1568, .T. ) ;
#1568 = EDGE_CURVE ( 'NONE', #1651, #1530, #5257, .T. ) ;
#1569 = EDGE_LOOP ( 'NONE', ( #1509, #1510, #1511, #1632 ) ) ;
#1570 = ORIENTED_EDGE ( 'NONE', *, *, #1227, .F. ) ;
#1571 = ORIENTED_EDGE ( 'NONE', *, *, #1575, .T. ) ;
#1572 = ADVANCED_FACE ( 'NONE', ( #5396 ), #5378, .T. ) ;
#1573 = ADVANCED_FACE ( 'NONE', ( #5376 ), #5513, .T. ) ;
#1574 = ORIENTED_EDGE ( 'NONE', *, *, #683, .F. ) ;
#1575 = EDGE_CURVE ( 'NONE', #1582, #1578, #5508, .T. ) ;
#1576 = ORIENTED_EDGE ( 'NONE', *, *, #672, .F. ) ;
#1577 = EDGE_CURVE ( 'NONE', #1578, #673, #5504, .T. ) ;
#1578 = VERTEX_POINT ( 'NONE', #5547 ) ;
#1579 = ORIENTED_EDGE ( 'NONE', *, *, #1584, .T. ) ;
#1580 = ADVANCED_FACE ( 'NONE', ( #5546 ), #5527, .T. ) ;
#1581 = EDGE_CURVE ( 'NONE', #1589, #1582, #5580, .T. ) ;
#1582 = VERTEX_POINT ( 'NONE', #5576 ) ;
#1583 = ORIENTED_EDGE ( 'NONE', *, *, #1581, .T. ) ;
#1584 = EDGE_CURVE ( 'NONE', #1589, #656, #5575, .T. ) ;
#1585 = ORIENTED_EDGE ( 'NONE', *, *, #1584, .F. ) ;
#1586 = ORIENTED_EDGE ( 'NONE', *, *, #657, .F. ) ;
#1587 = ORIENTED_EDGE ( 'NONE', *, *, #1227, .T. ) ;
#1588 = EDGE_LOOP ( 'NONE', ( #1586, #1585, #1583, #1587 ) ) ;
#1589 = VERTEX_POINT ( 'NONE', #5571 ) ;
#1590 = EDGE_LOOP ( 'NONE', ( #1591, #1554, #1556, #1579 ) ) ;
#1591 = ORIENTED_EDGE ( 'NONE', *, *, #679, .F. ) ;
#1592 = ORIENTED_EDGE ( 'NONE', *, *, #1612, .F. ) ;
#1593 = ORIENTED_EDGE ( 'NONE', *, *, #1681, .T. ) ;
#1594 = ORIENTED_EDGE ( 'NONE', *, *, #951, .F. ) ;
#1595 = ORIENTED_EDGE ( 'NONE', *, *, #1532, .F. ) ;
#1596 = ORIENTED_EDGE ( 'NONE', *, *, #1597, .T. ) ;
#1597 = EDGE_CURVE ( 'NONE', #1530, #1610, #5569, .T. ) ;
#1598 = EDGE_LOOP ( 'NONE', ( #1762, #1763, #1749, #1664 ) ) ;
#1599 = ORIENTED_EDGE ( 'NONE', *, *, #1597, .F. ) ;
#1600 = ORIENTED_EDGE ( 'NONE', *, *, #1645, .F. ) ;
#1601 = ORIENTED_EDGE ( 'NONE', *, *, #1681, .F. ) ;
#1602 = ORIENTED_EDGE ( 'NONE', *, *, #1516, .T. ) ;
#1603 = ORIENTED_EDGE ( 'NONE', *, *, #501, .F. ) ;
#1604 = ADVANCED_FACE ( 'NONE', ( #5565 ), #5608, .F. ) ;
#1605 = EDGE_LOOP ( 'NONE', ( #1606, #1492, #1493, #1494, #1495, #1496, #1497, #1498, #1499, #1500 ) ) ;
#1606 = ORIENTED_EDGE ( 'NONE', *, *, #1663, .F. ) ;
#1607 = ORIENTED_EDGE ( 'NONE', *, *, #1745, .F. ) ;
#1608 = ORIENTED_EDGE ( 'NONE', *, *, #1609, .T. ) ;
#1609 = EDGE_CURVE ( 'NONE', #1743, #1722, #5603, .T. ) ;
#1610 = VERTEX_POINT ( 'NONE', #5599 ) ;
#1611 = ORIENTED_EDGE ( 'NONE', *, *, #1612, .T. ) ;
#1612 = EDGE_CURVE ( 'NONE', #1610, #977, #5597, .T. ) ;
#1613 = ORIENTED_EDGE ( 'NONE', *, *, #956, .F. ) ;
#1614 = ADVANCED_FACE ( 'NONE', ( #5593 ), #5629, .T. ) ;
#1615 = EDGE_LOOP ( 'NONE', ( #1594, #1595, #1596, #1611 ) ) ;
#1616 = ORIENTED_EDGE ( 'NONE', *, *, #1689, .F. ) ;
#1617 = ORIENTED_EDGE ( 'NONE', *, *, #1650, .T. ) ;
#1618 = ORIENTED_EDGE ( 'NONE', *, *, #1687, .F. ) ;
#1619 = ORIENTED_EDGE ( 'NONE', *, *, #1620, .T. ) ;
#1620 = EDGE_CURVE ( 'NONE', #1715, #706, #5624, .T. ) ;
#1621 = EDGE_CURVE ( 'NONE', #1482, #1715, #5620, .T. ) ;
#1622 = ORIENTED_EDGE ( 'NONE', *, *, #1626, .F. ) ;
#1623 = ORIENTED_EDGE ( 'NONE', *, *, #711, .F. ) ;
#1624 = ORIENTED_EDGE ( 'NONE', *, *, #1626, .T. ) ;
#1625 = EDGE_LOOP ( 'NONE', ( #1623, #1622, #1225, #1619 ) ) ;
#1626 = EDGE_CURVE ( 'NONE', #1482, #690, #5616, .T. ) ;
#1627 = ADVANCED_FACE ( 'NONE', ( #5659 ), #5641, .T. ) ;
#1628 = ORIENTED_EDGE ( 'NONE', *, *, #1441, .F. ) ;
#1629 = ORIENTED_EDGE ( 'NONE', *, *, #1630, .T. ) ;
#1630 = EDGE_CURVE ( 'NONE', #1704, #1705, #5636, .T. ) ;
#1631 = VERTEX_POINT ( 'NONE', #5685 ) ;
#1632 = ORIENTED_EDGE ( 'NONE', *, *, #1633, .T. ) ;
#1633 = EDGE_CURVE ( 'NONE', #1631, #971, #5683, .T. ) ;
#1634 = ADVANCED_FACE ( 'NONE', ( #5679 ), #5661, .T. ) ;
#1635 = ORIENTED_EDGE ( 'NONE', *, *, #1636, .T. ) ;
#1636 = EDGE_CURVE ( 'NONE', #1631, #1647, #5499, .T. ) ;
#1637 = ADVANCED_FACE ( 'NONE', ( #5495 ), #6069, .T. ) ;
#1638 = ORIENTED_EDGE ( 'NONE', *, *, #550, .F. ) ;
#1639 = ORIENTED_EDGE ( 'NONE', *, *, #1700, .F. ) ;
#1640 = ORIENTED_EDGE ( 'NONE', *, *, #1641, .T. ) ;
#1641 = EDGE_CURVE ( 'NONE', #1698, #1642, #6011, .T. ) ;
#1642 = VERTEX_POINT ( 'NONE', #6118 ) ;
#1643 = ORIENTED_EDGE ( 'NONE', *, *, #1644, .T. ) ;
#1644 = EDGE_CURVE ( 'NONE', #1642, #980, #6117, .T. ) ;
#1645 = EDGE_CURVE ( 'NONE', #1705, #1646, #5945, .T. ) ;
#1646 = VERTEX_POINT ( 'NONE', #5951 ) ;
#1647 = VERTEX_POINT ( 'NONE', #5950 ) ;
#1648 = EDGE_LOOP ( 'NONE', ( #1649, #1515, #1709, #1688 ) ) ;
#1649 = ORIENTED_EDGE ( 'NONE', *, *, #958, .F. ) ;
#1650 = EDGE_CURVE ( 'NONE', #1646, #1651, #5949, .T. ) ;
#1651 = VERTEX_POINT ( 'NONE', #5988 ) ;
#1652 = ORIENTED_EDGE ( 'NONE', *, *, #1653, .T. ) ;
#1653 = EDGE_CURVE ( 'NONE', #1651, #531, #5986, .T. ) ;
#1654 = EDGE_LOOP ( 'NONE', ( #1708, #1601, #1599, #1697, #1695, #1600, #1696, #1657, #1655, #1656, #1658, #1659 ) ) ;
#1655 = ORIENTED_EDGE ( 'NONE', *, *, #1636, .F. ) ;
#1656 = ORIENTED_EDGE ( 'NONE', *, *, #1512, .F. ) ;
#1657 = ORIENTED_EDGE ( 'NONE', *, *, #1756, .F. ) ;
#1658 = ORIENTED_EDGE ( 'NONE', *, *, #1641, .F. ) ;
#1659 = ORIENTED_EDGE ( 'NONE', *, *, #1721, .F. ) ;
#1660 = ADVANCED_FACE ( 'NONE', ( #5982 ), #5911, .T. ) ;
#1661 = EDGE_LOOP ( 'NONE', ( #1638, #1616, #1617, #1652 ) ) ;
#1662 = ORIENTED_EDGE ( 'NONE', *, *, #1687, .T. ) ;
#1663 = EDGE_CURVE ( 'NONE', #1534, #1535, #6041, .T. ) ;
#1664 = ORIENTED_EDGE ( 'NONE', *, *, #1665, .T. ) ;
#1665 = EDGE_CURVE ( 'NONE', #1535, #587, #6034, .T. ) ;
#1666 = ADVANCED_FACE ( 'NONE', ( #6029 ), #5971, .T. ) ;
#1667 = EDGE_LOOP ( 'NONE', ( #1668, #1669, #1670, #1673 ) ) ;
#1668 = ORIENTED_EDGE ( 'NONE', *, *, #583, .F. ) ;
#1669 = ORIENTED_EDGE ( 'NONE', *, *, #1665, .F. ) ;
#1670 = ORIENTED_EDGE ( 'NONE', *, *, #1671, .T. ) ;
#1671 = EDGE_CURVE ( 'NONE', #1535, #1672, #5966, .T. ) ;
#1672 = VERTEX_POINT ( 'NONE', #5962 ) ;
#1673 = ORIENTED_EDGE ( 'NONE', *, *, #1674, .T. ) ;
#1674 = EDGE_CURVE ( 'NONE', #1672, #585, #5960, .T. ) ;
#1675 = ADVANCED_FACE ( 'NONE', ( #5956 ), #6074, .T. ) ;
#1676 = EDGE_LOOP ( 'NONE', ( #1677, #1566, #1567, #1531 ) ) ;
#1677 = ORIENTED_EDGE ( 'NONE', *, *, #943, .F. ) ;
#1678 = EDGE_LOOP ( 'NONE', ( #1613, #1618, #1679, #1734 ) ) ;
#1679 = ORIENTED_EDGE ( 'NONE', *, *, #1756, .T. ) ;
#1680 = ADVANCED_FACE ( 'NONE', ( #5938 ), #5906, .T. ) ;
#1681 = EDGE_CURVE ( 'NONE', #1610, #1338, #6111, .T. ) ;
#1682 = ORIENTED_EDGE ( 'NONE', *, *, #1337, .T. ) ;
#1683 = ADVANCED_FACE ( 'NONE', ( #6107 ), #6062, .T. ) ;
#1684 = ADVANCED_FACE ( 'NONE', ( #6060 ), #6006, .T. ) ;
#1685 = EDGE_LOOP ( 'NONE', ( #1686, #1628, #1629, #1706 ) ) ;
#1686 = ORIENTED_EDGE ( 'NONE', *, *, #965, .F. ) ;
#1687 = EDGE_CURVE ( 'NONE', #1647, #962, #6001, .T. ) ;
#1688 = ORIENTED_EDGE ( 'NONE', *, *, #1689, .T. ) ;
#1689 = EDGE_CURVE ( 'NONE', #1646, #959, #5997, .T. ) ;
#1690 = ORIENTED_EDGE ( 'NONE', *, *, #571, .F. ) ;
#1691 = ORIENTED_EDGE ( 'NONE', *, *, #1724, .F. ) ;
#1692 = ORIENTED_EDGE ( 'NONE', *, *, #1693, .T. ) ;
#1693 = EDGE_CURVE ( 'NONE', #1722, #1694, #5993, .T. ) ;
#1694 = VERTEX_POINT ( 'NONE', #5922 ) ;
#1695 = ORIENTED_EDGE ( 'NONE', *, *, #1650, .F. ) ;
#1696 = ORIENTED_EDGE ( 'NONE', *, *, #1630, .F. ) ;
#1697 = ORIENTED_EDGE ( 'NONE', *, *, #1568, .F. ) ;
#1698 = VERTEX_POINT ( 'NONE', #5921 ) ;
#1699 = ORIENTED_EDGE ( 'NONE', *, *, #1700, .T. ) ;
#1700 = EDGE_CURVE ( 'NONE', #1698, #976, #5920, .T. ) ;
#1701 = EDGE_LOOP ( 'NONE', ( #1702, #1703, #1635, #1662 ) ) ;
#1702 = ORIENTED_EDGE ( 'NONE', *, *, #961, .F. ) ;
#1703 = ORIENTED_EDGE ( 'NONE', *, *, #1633, .F. ) ;
#1704 = VERTEX_POINT ( 'NONE', #5916 ) ;
#1705 = VERTEX_POINT ( 'NONE', #5915 ) ;
#1706 = ORIENTED_EDGE ( 'NONE', *, *, #1707, .T. ) ;
#1707 = EDGE_CURVE ( 'NONE', #1705, #966, #6251, .T. ) ;
#1708 = ORIENTED_EDGE ( 'NONE', *, *, #1340, .F. ) ;
#1709 = ORIENTED_EDGE ( 'NONE', *, *, #1645, .T. ) ;
#1710 = ADVANCED_FACE ( 'NONE', ( #6298 ), #6280, .T. ) ;
#1711 = EDGE_CURVE ( 'NONE', #1715, #1558, #6201, .T. ) ;
#1712 = EDGE_CURVE ( 'NONE', #1558, #654, #6197, .T. ) ;
#1713 = ORIENTED_EDGE ( 'NONE', *, *, #1711, .T. ) ;
#1714 = ORIENTED_EDGE ( 'NONE', *, *, #1712, .T. ) ;
#1715 = VERTEX_POINT ( 'NONE', #6193 ) ;
#1716 = EDGE_LOOP ( 'NONE', ( #1717, #1718, #1713, #1714 ) ) ;
#1717 = ORIENTED_EDGE ( 'NONE', *, *, #671, .F. ) ;
#1718 = ORIENTED_EDGE ( 'NONE', *, *, #1620, .F. ) ;
#1719 = ADVANCED_FACE ( 'NONE', ( #6192 ), #6312, .T. ) ;
#1720 = ORIENTED_EDGE ( 'NONE', *, *, #1721, .T. ) ;
#1721 = EDGE_CURVE ( 'NONE', #1341, #1698, #6307, .T. ) ;
#1722 = VERTEX_POINT ( 'NONE', #6303 ) ;
#1723 = ORIENTED_EDGE ( 'NONE', *, *, #1724, .T. ) ;
#1724 = EDGE_CURVE ( 'NONE', #1722, #570, #6301, .T. ) ;
#1725 = ADVANCED_FACE ( 'NONE', ( #6218 ), #6166, .T. ) ;
#1726 = EDGE_LOOP ( 'NONE', ( #1690, #1691, #1692, #1771 ) ) ;
#1727 = ADVANCED_FACE ( 'NONE', ( #6164 ), #6142, .T. ) ;
#1728 = EDGE_LOOP ( 'NONE', ( #1729, #1730, #1731, #1757 ) ) ;
#1729 = ORIENTED_EDGE ( 'NONE', *, *, #558, .F. ) ;
#1730 = ORIENTED_EDGE ( 'NONE', *, *, #1772, .F. ) ;
#1731 = ORIENTED_EDGE ( 'NONE', *, *, #1732, .T. ) ;
#1732 = EDGE_CURVE ( 'NONE', #1694, #1733, #6137, .T. ) ;
#1733 = VERTEX_POINT ( 'NONE', #6133 ) ;
#1734 = ORIENTED_EDGE ( 'NONE', *, *, #1441, .T. ) ;
#1735 = ORIENTED_EDGE ( 'NONE', *, *, #1737, .F. ) ;
#1736 = ORIENTED_EDGE ( 'NONE', *, *, #1487, .T. ) ;
#1737 = EDGE_CURVE ( 'NONE', #1525, #702, #6131, .T. ) ;
#1738 = ADVANCED_FACE ( 'NONE', ( #6127 ), #6331, .T. ) ;
#1739 = ORIENTED_EDGE ( 'NONE', *, *, #580, .F. ) ;
#1740 = ORIENTED_EDGE ( 'NONE', *, *, #1674, .F. ) ;
#1741 = ORIENTED_EDGE ( 'NONE', *, *, #1742, .T. ) ;
#1742 = EDGE_CURVE ( 'NONE', #1672, #1743, #6326, .T. ) ;
#1743 = VERTEX_POINT ( 'NONE', #6322 ) ;
#1744 = ORIENTED_EDGE ( 'NONE', *, *, #1745, .T. ) ;
#1745 = EDGE_CURVE ( 'NONE', #1743, #586, #6249, .T. ) ;
#1746 = ADVANCED_FACE ( 'NONE', ( #6245 ), #6227, .T. ) ;
#1747 = EDGE_LOOP ( 'NONE', ( #1748, #1607, #1608, #1723 ) ) ;
#1748 = ORIENTED_EDGE ( 'NONE', *, *, #568, .F. ) ;
#1749 = ORIENTED_EDGE ( 'NONE', *, *, #1663, .T. ) ;
#1750 = EDGE_LOOP ( 'NONE', ( #1751, #1752, #1720, #1699 ) ) ;
#1751 = ORIENTED_EDGE ( 'NONE', *, *, #975, .F. ) ;
#1752 = ORIENTED_EDGE ( 'NONE', *, *, #1516, .F. ) ;
#1753 = ADVANCED_FACE ( 'NONE', ( #6225 ), #6257, .T. ) ;
#1754 = EDGE_LOOP ( 'NONE', ( #1755, #1592, #1593, #1682 ) ) ;
#1755 = ORIENTED_EDGE ( 'NONE', *, *, #963, .F. ) ;
#1756 = EDGE_CURVE ( 'NONE', #1647, #1704, #6252, .T. ) ;
#1757 = ORIENTED_EDGE ( 'NONE', *, *, #1758, .T. ) ;
#1758 = EDGE_CURVE ( 'NONE', #1733, #559, #6178, .T. ) ;
#1759 = ADVANCED_FACE ( 'NONE', ( #6170 ), #6478, .T. ) ;
#1760 = EDGE_LOOP ( 'NONE', ( #1761, #1501, #1502, #1505 ) ) ;
#1761 = ORIENTED_EDGE ( 'NONE', *, *, #572, .F. ) ;
#1762 = ORIENTED_EDGE ( 'NONE', *, *, #581, .F. ) ;
#1763 = ORIENTED_EDGE ( 'NONE', *, *, #1533, .F. ) ;
#1764 = ORIENTED_EDGE ( 'NONE', *, *, #1765, .T. ) ;
#1765 = EDGE_CURVE ( 'NONE', #1546, #1766, #6473, .T. ) ;
#1766 = VERTEX_POINT ( 'NONE', #6469 ) ;
#1767 = ORIENTED_EDGE ( 'NONE', *, *, #1768, .T. ) ;
#1768 = EDGE_CURVE ( 'NONE', #1766, #633, #6467, .T. ) ;
#1769 = ADVANCED_FACE ( 'NONE', ( #6463 ), #6513, .T. ) ;
#1770 = EDGE_LOOP ( 'NONE', ( #1536, #1537, #1538, #1540 ) ) ;
#1771 = ORIENTED_EDGE ( 'NONE', *, *, #1772, .T. ) ;
#1772 = EDGE_CURVE ( 'NONE', #1694, #569, #6508, .T. ) ;
#1773 = AXIS2_PLACEMENT_3D ( 'NONE', #1774, #2212, #2109 ) ;
#1774 = CARTESIAN_POINT ( 'NONE',  ( -0.07800000000000000000, 0.1546572139692370400, 0.4574644560254732000 ) ) ;
#1775 = FACE_OUTER_BOUND ( 'NONE', #80, .T. ) ;
#1776 = DIRECTION ( 'NONE',  ( 0.0000000000000000000, 0.0000000000000000000, -1.000000000000000000 ) ) ;
#1777 = DIRECTION ( 'NONE',  ( 1.000000000000000000, -0.0000000000000000000, 0.0000000000000000000 ) ) ;
#1778 = CARTESIAN_POINT ( 'NONE',  ( 0.07800000000000000000, 0.1546572139692370400, 0.4574644560254732000 ) ) ;
#1779 = AXIS2_PLACEMENT_3D ( 'NONE', #1778, #1777, #1776 ) ;
#1780 = PLANE ( 'NONE',  #1779 ) ;
#1781 = PLANE ( 'NONE',  #1773 ) ;
#1782 = FACE_OUTER_BOUND ( 'NONE', #72, .T. ) ;
#1783 = DIRECTION ( 'NONE',  ( -0.0000000000000000000, -0.0000000000000000000, -1.000000000000000000 ) ) ;
#1784 = VECTOR ( 'NONE', #1783, 39.37007874015748100 ) ;
#1785 = CARTESIAN_POINT ( 'NONE',  ( -0.06499999999999993300, -0.05500000000000000000, 0.5779999999999999600 ) ) ;
#1786 = LINE ( 'NONE', #1785, #1784 ) ;
#1787 = DIRECTION ( 'NONE',  ( -0.0000000000000000000, 1.000000000000000000, -0.0000000000000000000 ) ) ;
#1788 = VECTOR ( 'NONE', #1787, 39.37007874015748100 ) ;
#1789 = CARTESIAN_POINT ( 'NONE',  ( -0.06499999999999993300, -0.05500000000000000000, 0.5779999999999999600 ) ) ;
#1790 = DIRECTION ( 'NONE',  ( 1.000000000000000000, 0.0000000000000000000, -0.0000000000000000000 ) ) ;
#1791 = DIRECTION ( 'NONE',  ( 0.0000000000000000000, 0.0000000000000000000, 1.000000000000000000 ) ) ;
#1792 = LINE ( 'NONE', #1789, #1788 ) ;
#1793 = CARTESIAN_POINT ( 'NONE',  ( 0.06500000000000009900, -0.05500000000000000000, 0.5779999999999999600 ) ) ;
#1794 = AXIS2_PLACEMENT_3D ( 'NONE', #1793, #1791, #1790 ) ;
#1795 = FACE_OUTER_BOUND ( 'NONE', #12, .T. ) ;
#1796 = DIRECTION ( 'NONE',  ( -1.707404996040164000E-016, 0.0000000000000000000, 1.000000000000000000 ) ) ;
#1797 = DIRECTION ( 'NONE',  ( -1.000000000000000000, 0.0000000000000000000, -1.707404996040164000E-016 ) ) ;
#1798 = CARTESIAN_POINT ( 'NONE',  ( 0.06500000000000008500, -0.05500000000000000000, 0.6280000000000000000 ) ) ;
#1799 = PLANE ( 'NONE',  #1794 ) ;
#1800 = AXIS2_PLACEMENT_3D ( 'NONE', #1798, #1797, #1796 ) ;
#1801 = PLANE ( 'NONE',  #1800 ) ;
#1802 = DIRECTION ( 'NONE',  ( 0.0000000000000000000, 0.0000000000000000000, 1.000000000000000000 ) ) ;
#1803 = DIRECTION ( 'NONE',  ( 0.0000000000000000000, 1.000000000000000000, 0.0000000000000000000 ) ) ;
#1804 = AXIS2_PLACEMENT_3D ( 'NONE', #2000, #1803, #1802 ) ;
#1805 = ORIENTED_EDGE ( 'NONE', *, *, #1816, .T. ) ;
#1806 = ORIENTED_EDGE ( 'NONE', *, *, #1954, .T. ) ;
#1807 = ORIENTED_EDGE ( 'NONE', *, *, #1954, .F. ) ;
#1808 = EDGE_CURVE ( 'NONE', #1817, #539, #6504, .T. ) ;
#1809 = ORIENTED_EDGE ( 'NONE', *, *, #1808, .F. ) ;
#1810 = ADVANCED_FACE ( 'NONE', ( #6499 ), #6381, .T. ) ;
#1811 = ADVANCED_FACE ( 'NONE', ( #6489 ), #6447, .T. ) ;
#1812 = ORIENTED_EDGE ( 'NONE', *, *, #1823, .F. ) ;
#1813 = ORIENTED_EDGE ( 'NONE', *, *, #538, .F. ) ;
#1814 = ORIENTED_EDGE ( 'NONE', *, *, #541, .F. ) ;
#1815 = EDGE_LOOP ( 'NONE', ( #1813, #1812, #1819, #1818 ) ) ;
#1816 = EDGE_CURVE ( 'NONE', #1957, #1948, #6575, .T. ) ;
#1817 = VERTEX_POINT ( 'NONE', #6537 ) ;
#1818 = ORIENTED_EDGE ( 'NONE', *, *, #1808, .T. ) ;
#1819 = ORIENTED_EDGE ( 'NONE', *, *, #1821, .T. ) ;
#1820 = ORIENTED_EDGE ( 'NONE', *, *, #1823, .T. ) ;
#1821 = EDGE_CURVE ( 'NONE', #1831, #1817, #6520, .T. ) ;
#1822 = EDGE_LOOP ( 'NONE', ( #1814, #1809, #1963, #1806 ) ) ;
#1823 = EDGE_CURVE ( 'NONE', #1831, #535, #6521, .T. ) ;
#1824 = EDGE_CURVE ( 'NONE', #1834, #548, #6557, .T. ) ;
#1825 = ORIENTED_EDGE ( 'NONE', *, *, #1824, .T. ) ;
#1826 = EDGE_LOOP ( 'NONE', ( #1835, #1836, #1832, #1820 ) ) ;
#1827 = ORIENTED_EDGE ( 'NONE', *, *, #545, .F. ) ;
#1828 = ORIENTED_EDGE ( 'NONE', *, *, #1838, .F. ) ;
#1829 = ORIENTED_EDGE ( 'NONE', *, *, #1833, .T. ) ;
#1830 = EDGE_CURVE ( 'NONE', #1834, #1831, #6623, .T. ) ;
#1831 = VERTEX_POINT ( 'NONE', #6536 ) ;
#1832 = ORIENTED_EDGE ( 'NONE', *, *, #1830, .T. ) ;
#1833 = EDGE_CURVE ( 'NONE', #1901, #1834, #6534, .T. ) ;
#1834 = VERTEX_POINT ( 'NONE', #6535 ) ;
#1835 = ORIENTED_EDGE ( 'NONE', *, *, #543, .F. ) ;
#1836 = ORIENTED_EDGE ( 'NONE', *, *, #1824, .F. ) ;
#1837 = ADVANCED_FACE ( 'NONE', ( #6532 ), #6612, .T. ) ;
#1838 = EDGE_CURVE ( 'NONE', #1901, #557, #6615, .T. ) ;
#1839 = ADVANCED_FACE ( 'NONE', ( #6688 ), #6726, .T. ) ;
#1840 = ORIENTED_EDGE ( 'NONE', *, *, #1838, .T. ) ;
#1841 = EDGE_LOOP ( 'NONE', ( #1827, #1828, #1829, #1825 ) ) ;
#1842 = ORIENTED_EDGE ( 'NONE', *, *, #1577, .F. ) ;
#1843 = EDGE_LOOP ( 'NONE', ( #1576, #1570, #1571, #1844 ) ) ;
#1844 = ORIENTED_EDGE ( 'NONE', *, *, #1577, .T. ) ;
#1845 = EDGE_LOOP ( 'NONE', ( #1918, #1992, #1924, #1903 ) ) ;
#1846 = ORIENTED_EDGE ( 'NONE', *, *, #1926, .T. ) ;
#1847 = ORIENTED_EDGE ( 'NONE', *, *, #1869, .F. ) ;
#1848 = ORIENTED_EDGE ( 'NONE', *, *, #1849, .T. ) ;
#1849 = EDGE_CURVE ( 'NONE', #1867, #1850, #6717, .T. ) ;
#1850 = VERTEX_POINT ( 'NONE', #6716 ) ;
#1851 = ORIENTED_EDGE ( 'NONE', *, *, #1852, .T. ) ;
#1852 = EDGE_CURVE ( 'NONE', #1850, #527, #6768, .T. ) ;
#1853 = ADVANCED_FACE ( 'NONE', ( #6760 ), #6906, .T. ) ;
#1854 = EDGE_LOOP ( 'NONE', ( #1855, #1856, #1857, #1883 ) ) ;
#1855 = ORIENTED_EDGE ( 'NONE', *, *, #530, .F. ) ;
#1856 = ORIENTED_EDGE ( 'NONE', *, *, #1852, .F. ) ;
#1857 = ORIENTED_EDGE ( 'NONE', *, *, #1858, .T. ) ;
#1858 = EDGE_CURVE ( 'NONE', #1850, #1859, #6800, .T. ) ;
#1859 = VERTEX_POINT ( 'NONE', #6824 ) ;
#1860 = EDGE_CURVE ( 'NONE', #1948, #529, #6801, .T. ) ;
#1861 = ADVANCED_FACE ( 'NONE', ( #6865 ), #6848, .T. ) ;
#1862 = EDGE_LOOP ( 'NONE', ( #1863, #1864, #1865, #1868 ) ) ;
#1863 = ORIENTED_EDGE ( 'NONE', *, *, #526, .F. ) ;
#1864 = ORIENTED_EDGE ( 'NONE', *, *, #1860, .F. ) ;
#1865 = ORIENTED_EDGE ( 'NONE', *, *, #1866, .T. ) ;
#1866 = EDGE_CURVE ( 'NONE', #1948, #1867, #6796, .T. ) ;
#1867 = VERTEX_POINT ( 'NONE', #6792 ) ;
#1868 = ORIENTED_EDGE ( 'NONE', *, *, #1869, .T. ) ;
#1869 = EDGE_CURVE ( 'NONE', #1867, #528, #6790, .T. ) ;
#1870 = ADVANCED_FACE ( 'NONE', ( #6786 ), #6448, .T. ) ;
#1871 = EDGE_LOOP ( 'NONE', ( #1872, #1847, #1848, #1851 ) ) ;
#1872 = ORIENTED_EDGE ( 'NONE', *, *, #521, .F. ) ;
#1873 = ORIENTED_EDGE ( 'NONE', *, *, #1849, .F. ) ;
#1874 = ORIENTED_EDGE ( 'NONE', *, *, #1866, .F. ) ;
#1875 = ORIENTED_EDGE ( 'NONE', *, *, #1816, .F. ) ;
#1876 = ORIENTED_EDGE ( 'NONE', *, *, #1956, .F. ) ;
#1877 = ORIENTED_EDGE ( 'NONE', *, *, #1962, .F. ) ;
#1878 = ORIENTED_EDGE ( 'NONE', *, *, #1821, .F. ) ;
#1879 = ORIENTED_EDGE ( 'NONE', *, *, #1830, .F. ) ;
#1880 = ORIENTED_EDGE ( 'NONE', *, *, #1833, .F. ) ;
#1881 = ORIENTED_EDGE ( 'NONE', *, *, #1900, .F. ) ;
#1882 = CLOSED_SHELL ( 'NONE', ( #790, #782, #624, #602, #596, #479, #472, #468, #769, #730, #756, #719, #685, #512, #946, #1141, #1115, #1118, #1015, #921, #903, #1040, #1034, #1097, #1026, #884, #1071, #1079, #1415, #1088, #868, #873, #1408, #1397, #1172, #1176, #183, #187, #129, #126, #127, #103, #32, #33, #30, #97, #27, #44, #38, #19, #75, #76, #61, #64, #85, #56, #52, #5, #284, #157, #169, #143, #234, #242, #250, #216, #231, #227, #204, #191, #317, #322, #305, #300, #283, #269, #376, #363, #251, #260, #370, #352, #449, #434, #435, #419, #422, #1226, #1287, #1279, #1277, #1295, #1242, #1249, #1267, #1385, #1374, #1358, #1365, #1253, #1349, #1356, #1323, #1466, #1453, #1459, #1320, #1445, #1472, #1477, #1328, #1637, #1683, #1529, #1634, #1478, #1684, #1541, #1513, #1675, #1614, #1753, #1680, #1660, #1666, #1738, #1746, #1725, #1727, #1759, #1507, #1549, #1769, #1604, #1526, #1520, #1519, #1627, #1719, #1710, #1553, #1580, #1572, #1573, #1917, #1994, #1921, #1908, #1895, #1839, #1837, #1810, #1811, #1964, #1961, #1861, #1870, #1853, #1885, #1935, #1942 ) ) ;
#1883 = ORIENTED_EDGE ( 'NONE', *, *, #1884, .T. ) ;
#1884 = EDGE_CURVE ( 'NONE', #1859, #525, #7048, .T. ) ;
#1885 = ADVANCED_FACE ( 'NONE', ( #6939 ), #7025, .T. ) ;
#1886 = ORIENTED_EDGE ( 'NONE', *, *, #1919, .F. ) ;
#1887 = ORIENTED_EDGE ( 'NONE', *, *, #1902, .F. ) ;
#1888 = ORIENTED_EDGE ( 'NONE', *, *, #2031, .F. ) ;
#1889 = VERTEX_POINT ( 'NONE', #6974 ) ;
#1890 = ORIENTED_EDGE ( 'NONE', *, *, #1891, .T. ) ;
#1891 = EDGE_CURVE ( 'NONE', #1889, #1892, #6987, .T. ) ;
#1892 = VERTEX_POINT ( 'NONE', #6986 ) ;
#1893 = ORIENTED_EDGE ( 'NONE', *, *, #1894, .T. ) ;
#1894 = EDGE_CURVE ( 'NONE', #1892, #554, #6917, .T. ) ;
#1895 = ADVANCED_FACE ( 'NONE', ( #6913 ), #7035, .T. ) ;
#1896 = EDGE_LOOP ( 'NONE', ( #1897, #1898, #1899, #1840 ) ) ;
#1897 = ORIENTED_EDGE ( 'NONE', *, *, #556, .F. ) ;
#1898 = ORIENTED_EDGE ( 'NONE', *, *, #1894, .F. ) ;
#1899 = ORIENTED_EDGE ( 'NONE', *, *, #1900, .T. ) ;
#1900 = EDGE_CURVE ( 'NONE', #1892, #1901, #7034, .T. ) ;
#1901 = VERTEX_POINT ( 'NONE', #6932 ) ;
#1902 = EDGE_CURVE ( 'NONE', #1224, #1925, #6930, .T. ) ;
#1903 = ORIENTED_EDGE ( 'NONE', *, *, #1993, .T. ) ;
#1904 = ORIENTED_EDGE ( 'NONE', *, *, #1711, .F. ) ;
#1905 = ORIENTED_EDGE ( 'NONE', *, *, #1621, .F. ) ;
#1906 = ORIENTED_EDGE ( 'NONE', *, *, #1479, .F. ) ;
#1907 = ORIENTED_EDGE ( 'NONE', *, *, #1489, .F. ) ;
#1908 = ADVANCED_FACE ( 'NONE', ( #6926 ), #6844, .T. ) ;
#1909 = EDGE_LOOP ( 'NONE', ( #1910, #1911, #1890, #1893 ) ) ;
#1910 = ORIENTED_EDGE ( 'NONE', *, *, #563, .F. ) ;
#1911 = ORIENTED_EDGE ( 'NONE', *, *, #1912, .F. ) ;
#1912 = EDGE_CURVE ( 'NONE', #1889, #561, #7107, .T. ) ;
#1913 = ORIENTED_EDGE ( 'NONE', *, *, #1575, .F. ) ;
#1914 = ORIENTED_EDGE ( 'NONE', *, *, #1581, .F. ) ;
#1915 = ORIENTED_EDGE ( 'NONE', *, *, #1557, .F. ) ;
#1916 = ORIENTED_EDGE ( 'NONE', *, *, #1564, .F. ) ;
#1917 = ADVANCED_FACE ( 'NONE', ( #7103 ), #7172, .T. ) ;
#1918 = ORIENTED_EDGE ( 'NONE', *, *, #678, .F. ) ;
#1919 = EDGE_CURVE ( 'NONE', #1925, #1525, #7166, .T. ) ;
#1920 = ORIENTED_EDGE ( 'NONE', *, *, #1737, .T. ) ;
#1921 = ADVANCED_FACE ( 'NONE', ( #7162 ), #7100, .F. ) ;
#1922 = EDGE_LOOP ( 'NONE', ( #1923, #1886, #1887, #1888, #1913, #1914, #1915, #1916, #1904, #1905, #1906, #1907 ) ) ;
#1923 = ORIENTED_EDGE ( 'NONE', *, *, #1522, .F. ) ;
#1924 = ORIENTED_EDGE ( 'NONE', *, *, #1902, .T. ) ;
#1925 = VERTEX_POINT ( 'NONE', #7099 ) ;
#1926 = EDGE_CURVE ( 'NONE', #1224, #667, #7144, .T. ) ;
#1927 = EDGE_LOOP ( 'NONE', ( #1928, #1929, #1930, #1933 ) ) ;
#1928 = ORIENTED_EDGE ( 'NONE', *, *, #514, .F. ) ;
#1929 = ORIENTED_EDGE ( 'NONE', *, *, #1884, .F. ) ;
#1930 = ORIENTED_EDGE ( 'NONE', *, *, #1931, .T. ) ;
#1931 = EDGE_CURVE ( 'NONE', #1859, #1932, #7140, .T. ) ;
#1932 = VERTEX_POINT ( 'NONE', #7139 ) ;
#1933 = ORIENTED_EDGE ( 'NONE', *, *, #1934, .T. ) ;
#1934 = EDGE_CURVE ( 'NONE', #1932, #560, #7137, .T. ) ;
#1935 = ADVANCED_FACE ( 'NONE', ( #7122 ), #7200, .T. ) ;
#1936 = EDGE_LOOP ( 'NONE', ( #1937, #1938, #1939, #1941 ) ) ;
#1937 = ORIENTED_EDGE ( 'NONE', *, *, #553, .F. ) ;
#1938 = ORIENTED_EDGE ( 'NONE', *, *, #1934, .F. ) ;
#1939 = ORIENTED_EDGE ( 'NONE', *, *, #1940, .T. ) ;
#1940 = EDGE_CURVE ( 'NONE', #1932, #1889, #7198, .T. ) ;
#1941 = ORIENTED_EDGE ( 'NONE', *, *, #1912, .T. ) ;
#1942 = ADVANCED_FACE ( 'NONE', ( #7256 ), #7293, .T. ) ;
#1943 = EDGE_LOOP ( 'NONE', ( #1944, #1945, #1946, #1947, #1873, #1874, #1875, #1876, #1877, #1878, #1879, #1880, #1881 ) ) ;
#1944 = ORIENTED_EDGE ( 'NONE', *, *, #1891, .F. ) ;
#1945 = ORIENTED_EDGE ( 'NONE', *, *, #1940, .F. ) ;
#1946 = ORIENTED_EDGE ( 'NONE', *, *, #1931, .F. ) ;
#1947 = ORIENTED_EDGE ( 'NONE', *, *, #1858, .F. ) ;
#1948 = VERTEX_POINT ( 'NONE', #7312 ) ;
#1949 = ORIENTED_EDGE ( 'NONE', *, *, #1860, .T. ) ;
#1950 = ORIENTED_EDGE ( 'NONE', *, *, #707, .F. ) ;
#1951 = ORIENTED_EDGE ( 'NONE', *, *, #1952, .T. ) ;
#1952 = EDGE_CURVE ( 'NONE', #1957, #537, #7311, .T. ) ;
#1953 = EDGE_LOOP ( 'NONE', ( #1959, #1807, #1955, #1951 ) ) ;
#1954 = EDGE_CURVE ( 'NONE', #1958, #542, #7307, .T. ) ;
#1955 = ORIENTED_EDGE ( 'NONE', *, *, #1956, .T. ) ;
#1956 = EDGE_CURVE ( 'NONE', #1958, #1957, #7303, .T. ) ;
#1957 = VERTEX_POINT ( 'NONE', #7299 ) ;
#1958 = VERTEX_POINT ( 'NONE', #7298 ) ;
#1959 = ORIENTED_EDGE ( 'NONE', *, *, #533, .F. ) ;
#1960 = EDGE_LOOP ( 'NONE', ( #1950, #1965, #1805, #1949 ) ) ;
#1961 = ADVANCED_FACE ( 'NONE', ( #7348 ), #7347, .T. ) ;
#1962 = EDGE_CURVE ( 'NONE', #1817, #1958, #7365, .T. ) ;
#1963 = ORIENTED_EDGE ( 'NONE', *, *, #1962, .T. ) ;
#1964 = ADVANCED_FACE ( 'NONE', ( #7364 ), #7396, .T. ) ;
#1965 = ORIENTED_EDGE ( 'NONE', *, *, #1952, .F. ) ;
#1966 = SURFACE_STYLE_USAGE ( .BOTH. , #1967 ) ;
#1967 = SURFACE_SIDE_STYLE ('',( #1968 ) ) ;
#1968 = SURFACE_STYLE_FILL_AREA ( #1969 ) ;
#1969 = FILL_AREA_STYLE ('',( #1975 ) ) ;
#1970 = COLOUR_RGB ( '',0.6274509803921568500, 0.6588235294117647000, 0.6784313725490196400 ) ;
#1971 = FACE_OUTER_BOUND ( 'NONE', #23, .T. ) ;
#1972 = DIRECTION ( 'NONE',  ( -1.707404996040164000E-016, -0.0000000000000000000, 1.000000000000000000 ) ) ;
#1973 = VECTOR ( 'NONE', #1972, 39.37007874015748100 ) ;
#1974 = CARTESIAN_POINT ( 'NONE',  ( 0.06500000000000008500, -0.05500000000000000000, 0.6280000000000000000 ) ) ;
#1975 = FILL_AREA_STYLE_COLOUR ( '', #1970 ) ;
#1976 = DIRECTION ( 'NONE',  ( 0.0000000000000000000, -0.0000000000000000000, 1.000000000000000000 ) ) ;
#1977 = DIRECTION ( 'NONE',  ( 0.0000000000000000000, 1.000000000000000000, 0.0000000000000000000 ) ) ;
#1978 = CARTESIAN_POINT ( 'NONE',  ( -0.06499999999999993300, -0.05500000000000000000, 0.6280000000000000000 ) ) ;
#1979 = LINE ( 'NONE', #1974, #1973 ) ;
#1980 = AXIS2_PLACEMENT_3D ( 'NONE', #1978, #1977, #1976 ) ;
#1981 = PLANE ( 'NONE',  #1980 ) ;
#1982 = FACE_OUTER_BOUND ( 'NONE', #290, .T. ) ;
#1983 = DIRECTION ( 'NONE',  ( -0.0000000000000000000, 1.000000000000000000, -0.0000000000000000000 ) ) ;
#1984 = VECTOR ( 'NONE', #1983, 39.37007874015748100 ) ;
#1985 = CARTESIAN_POINT ( 'NONE',  ( 0.06500000000000009900, -0.05500000000000000000, 0.5779999999999999600 ) ) ;
#1986 = LINE ( 'NONE', #1985, #1984 ) ;
#1987 = CARTESIAN_POINT ( 'NONE',  ( 0.06500000000000009900, -0.05500000000000000000, 0.5779999999999999600 ) ) ;
#1988 = DIRECTION ( 'NONE',  ( 1.000000000000000000, -0.0000000000000000000, -0.0000000000000000000 ) ) ;
#1989 = VECTOR ( 'NONE', #1988, 39.37007874015748100 ) ;
#1990 = CARTESIAN_POINT ( 'NONE',  ( 0.06500000000000009900, -0.05500000000000000000, 0.5779999999999999600 ) ) ;
#1991 = LINE ( 'NONE', #1990, #1989 ) ;
#1992 = ORIENTED_EDGE ( 'NONE', *, *, #1926, .F. ) ;
#1993 = EDGE_CURVE ( 'NONE', #1925, #726, #7397, .T. ) ;
#1994 = ADVANCED_FACE ( 'NONE', ( #7441 ), #7329, .T. ) ;
#1995 = EDGE_LOOP ( 'NONE', ( #1996, #1997, #1998, #1920 ) ) ;
#1996 = ORIENTED_EDGE ( 'NONE', *, *, #725, .F. ) ;
#1997 = ORIENTED_EDGE ( 'NONE', *, *, #1993, .F. ) ;
#1998 = ORIENTED_EDGE ( 'NONE', *, *, #1919, .T. ) ;
#1999 = FACE_OUTER_BOUND ( 'NONE', #4, .T. ) ;
#2000 = CARTESIAN_POINT ( 'NONE',  ( -0.1875000000000015500, -0.02000000000000000700, 0.3247595264191635000 ) ) ;
#2001 = TOROIDAL_SURFACE ( 'NONE', #1804, 0.05099999999999996200, 0.02000000000000000000 ) ;
#2002 = DIRECTION ( 'NONE',  ( 0.0000000000000000000, 0.0000000000000000000, 1.000000000000000000 ) ) ;
#2003 = DIRECTION ( 'NONE',  ( 0.0000000000000000000, 1.000000000000000000, 0.0000000000000000000 ) ) ;
#2004 = AXIS2_PLACEMENT_3D ( 'NONE', #2006, #2003, #2002 ) ;
#2005 = FACE_OUTER_BOUND ( 'NONE', #41, .T. ) ;
#2006 = CARTESIAN_POINT ( 'NONE',  ( -0.1875000000000015500, -0.02000000000000000700, -0.3247595264191637200 ) ) ;
#2007 = TOROIDAL_SURFACE ( 'NONE', #2004, 0.05099999999999999700, 0.02000000000000000000 ) ;
#2008 = DIRECTION ( 'NONE',  ( 1.000000000000000000, 0.0000000000000000000, 0.0000000000000000000 ) ) ;
#2009 = DIRECTION ( 'NONE',  ( 0.0000000000000000000, 1.000000000000000000, 0.0000000000000000000 ) ) ;
#2010 = AXIS2_PLACEMENT_3D ( 'NONE', #2012, #2009, #2008 ) ;
#2011 = FACE_OUTER_BOUND ( 'NONE', #35, .T. ) ;
#2012 = CARTESIAN_POINT ( 'NONE',  ( -0.1875000000000015500, -0.06900000000000000600, 0.3247595264191635000 ) ) ;
#2013 = SPHERICAL_SURFACE ( 'NONE', #2010, 0.03100000000000000000 ) ;
#2014 = DIRECTION ( 'NONE',  ( 0.0000000000000000000, 0.0000000000000000000, 1.000000000000000000 ) ) ;
#2015 = DIRECTION ( 'NONE',  ( -0.0000000000000000000, 1.000000000000000000, -0.0000000000000000000 ) ) ;
#2016 = AXIS2_PLACEMENT_3D ( 'NONE', #2018, #2015, #2014 ) ;
#2017 = FACE_OUTER_BOUND ( 'NONE', #98, .T. ) ;
#2018 = CARTESIAN_POINT ( 'NONE',  ( 0.3750000000000000600, -0.1000000000000000100, 0.0000000000000000000 ) ) ;
#2019 = CYLINDRICAL_SURFACE ( 'NONE', #2016, 0.03100000000000002400 ) ;
#2020 = DIRECTION ( 'NONE',  ( 1.000000000000000000, 0.0000000000000000000, 0.0000000000000000000 ) ) ;
#2021 = DIRECTION ( 'NONE',  ( 0.0000000000000000000, 1.000000000000000000, 0.0000000000000000000 ) ) ;
#2022 = AXIS2_PLACEMENT_3D ( 'NONE', #2024, #2021, #2020 ) ;
#2023 = FACE_OUTER_BOUND ( 'NONE', #94, .T. ) ;
#2024 = CARTESIAN_POINT ( 'NONE',  ( 0.3750000000000000600, -0.06900000000000000600, 0.0000000000000000000 ) ) ;
#2025 = SPHERICAL_SURFACE ( 'NONE', #2022, 0.03100000000000000000 ) ;
#2026 = DIRECTION ( 'NONE',  ( 0.0000000000000000000, 0.0000000000000000000, 1.000000000000000000 ) ) ;
#2027 = DIRECTION ( 'NONE',  ( 0.0000000000000000000, 1.000000000000000000, 0.0000000000000000000 ) ) ;
#2028 = FACE_OUTER_BOUND ( 'NONE', #36, .T. ) ;
#2029 = EDGE_LOOP ( 'NONE', ( #1574, #1842, #2030, #1846 ) ) ;
#2030 = ORIENTED_EDGE ( 'NONE', *, *, #2031, .T. ) ;
#2031 = EDGE_CURVE ( 'NONE', #1578, #1224, #7359, .T. ) ;
#2032 = TOROIDAL_SURFACE ( 'NONE', #2034, 0.05100000000000002400, 0.02000000000000000000 ) ;
#2033 = CARTESIAN_POINT ( 'NONE',  ( 0.3750000000000000600, -0.02000000000000000700, 0.0000000000000000000 ) ) ;
#2034 = AXIS2_PLACEMENT_3D ( 'NONE', #2033, #2027, #2026 ) ;
#2035 = DIRECTION ( 'NONE',  ( -0.0000000000000000000, 0.0000000000000000000, -1.000000000000000000 ) ) ;
#2036 = DIRECTION ( 'NONE',  ( 1.000000000000000000, 0.0000000000000000000, -0.0000000000000000000 ) ) ;
#2037 = CARTESIAN_POINT ( 'NONE',  ( -0.06799999999999997700, 0.1000000000000000100, -0.1874999999999999700 ) ) ;
#2038 = AXIS2_PLACEMENT_3D ( 'NONE', #2037, #2036, #2035 ) ;
#2039 = FACE_OUTER_BOUND ( 'NONE', #43, .T. ) ;
#2040 = PLANE ( 'NONE',  #2038 ) ;
#2041 =( GEOMETRIC_REPRESENTATION_CONTEXT ( 3 ) GLOBAL_UNCERTAINTY_ASSIGNED_CONTEXT ( ( #2042 ) ) GLOBAL_UNIT_ASSIGNED_CONTEXT ( ( #2045, #2044, #2043 ) ) REPRESENTATION_CONTEXT ( 'NONE', 'WORKASPACE' ) );
#2042 = UNCERTAINTY_MEASURE_WITH_UNIT (LENGTH_MEASURE( 1.000000000000000100E-005 ), #2045, 'distance_accuracy_value', 'NONE');
#2043 =( NAMED_UNIT ( * ) SI_UNIT ( $, .STERADIAN. ) SOLID_ANGLE_UNIT ( ) );
#2044 =( NAMED_UNIT ( * ) PLANE_ANGLE_UNIT ( ) SI_UNIT ( $, .RADIAN. ) );
#2045 =( CONVERSION_BASED_UNIT ( 'INCH', #2046 ) LENGTH_UNIT ( ) NAMED_UNIT ( #2047 ) );
#2046 = LENGTH_MEASURE_WITH_UNIT ( LENGTH_MEASURE( 0.02539999999999999900 ), #2048 );
#2047 = DIMENSIONAL_EXPONENTS ( 1.000000000000000000, 0.0000000000000000000, 0.0000000000000000000, 0.0000000000000000000, 0.0000000000000000000, 0.0000000000000000000, 0.0000000000000000000 ) ;
#2048 =( LENGTH_UNIT ( ) NAMED_UNIT ( * ) SI_UNIT ( $, .METRE. ) );
#2049 = MECHANICAL_DESIGN_GEOMETRIC_PRESENTATION_REPRESENTATION (  '', ( #2051 ), #2041 ) ;
#2050 = PRESENTATION_LAYER_ASSIGNMENT (  '', '', ( #2051 ) ) ;
#2051 = STYLED_ITEM ( 'NONE', ( #2052 ), #19 ) ;
#2052 = PRESENTATION_STYLE_ASSIGNMENT (( #1966 ) ) ;
#2053 = LINE ( 'NONE', #2059, #2200 ) ;
#2054 = DIRECTION ( 'NONE',  ( 0.0000000000000000000, 0.0000000000000000000, -1.000000000000000000 ) ) ;
#2055 = DIRECTION ( 'NONE',  ( -1.000000000000000000, 0.0000000000000000000, -0.0000000000000000000 ) ) ;
#2056 = CARTESIAN_POINT ( 'NONE',  ( -0.06250000000000000000, 0.03499999999999999600, -0.1871410161513775400 ) ) ;
#2057 = AXIS2_PLACEMENT_3D ( 'NONE', #2056, #2055, #2054 ) ;
#2058 = CIRCLE ( 'NONE', #2057, 0.04000000000000001500 ) ;
#2059 = CARTESIAN_POINT ( 'NONE',  ( -0.06250000000000001400, -0.09199999999999999800, -0.1525000000000000000 ) ) ;
#2060 = DIRECTION ( 'NONE',  ( -3.414809992080327500E-016, -1.000000000000000000, -0.0000000000000000000 ) ) ;
#2061 = VECTOR ( 'NONE', #2060, 39.37007874015748100 ) ;
#2062 = CARTESIAN_POINT ( 'NONE',  ( 0.06249999999999995100, -0.09200000000000001200, -0.1525000000000000000 ) ) ;
#2063 = DIRECTION ( 'NONE',  ( 0.0000000000000000000, 0.0000000000000000000, 1.000000000000000000 ) ) ;
#2064 = DIRECTION ( 'NONE',  ( -1.000000000000000000, 0.0000000000000000000, 0.0000000000000000000 ) ) ;
#2065 = CARTESIAN_POINT ( 'NONE',  ( 0.06250000000000000000, 0.05399999999999999200, -0.1525000000000000000 ) ) ;
#2066 = LINE ( 'NONE', #2062, #2061 ) ;
#2067 = AXIS2_PLACEMENT_3D ( 'NONE', #2065, #2064, #2063 ) ;
#2068 = PLANE ( 'NONE',  #2067 ) ;
#2069 = DIRECTION ( 'NONE',  ( -2.716326130063889900E-015, 0.0000000000000000000, 1.000000000000000000 ) ) ;
#2070 = DIRECTION ( 'NONE',  ( -1.000000000000000000, 0.0000000000000000000, -2.716326130063889900E-015 ) ) ;
#2071 = CARTESIAN_POINT ( 'NONE',  ( -0.06500000000000000200, -0.005000000000000014800, 0.6500000000000000200 ) ) ;
#2072 = AXIS2_PLACEMENT_3D ( 'NONE', #2071, #2070, #2069 ) ;
#2073 = PLANE ( 'NONE',  #2072 ) ;
#2074 = FACE_OUTER_BOUND ( 'NONE', #192, .T. ) ;
#2075 = CARTESIAN_POINT ( 'NONE',  ( -0.06500000000000000200, -0.005000000000000014800, 0.6500000000000000200 ) ) ;
#2076 = AXIS2_PLACEMENT_3D ( 'NONE', #2075, #2133, #2132 ) ;
#2077 = PLANE ( 'NONE',  #2076 ) ;
#2078 = FACE_OUTER_BOUND ( 'NONE', #118, .T. ) ;
#2079 = VECTOR ( 'NONE', #2213, 39.37007874015748100 ) ;
#2080 = LENGTH_MEASURE_WITH_UNIT ( LENGTH_MEASURE( 0.02539999999999999900 ), #2081 );
#2081 =( LENGTH_UNIT ( ) NAMED_UNIT ( * ) SI_UNIT ( $, .METRE. ) );
#2082 =( CONVERSION_BASED_UNIT ( 'INCH', #2080 ) LENGTH_UNIT ( ) NAMED_UNIT ( #2252 ) );
#2083 = DIRECTION ( 'NONE',  ( -0.7071067811865474600, -0.7071067811865474600, 0.0000000000000000000 ) ) ;
#2084 = FACE_OUTER_BOUND ( 'NONE', #224, .T. ) ;
#2085 = CARTESIAN_POINT ( 'NONE',  ( -0.06250000000000001400, -0.08199999999999990600, -0.1725000000000000100 ) ) ;
#2086 = DIRECTION ( 'NONE',  ( 0.0000000000000000000, 0.0000000000000000000, 1.000000000000000000 ) ) ;
#2087 = VECTOR ( 'NONE', #2086, 39.37007874015748100 ) ;
#2088 = CARTESIAN_POINT ( 'NONE',  ( -0.06250000000000000000, -0.08199999999999997600, -0.1525000000000000000 ) ) ;
#2089 = LINE ( 'NONE', #2088, #2087 ) ;
#2090 = CARTESIAN_POINT ( 'NONE',  ( -0.06250000000000001400, -0.08199999999999996200, -0.1525000000000000000 ) ) ;
#2091 = DIRECTION ( 'NONE',  ( -1.138269997360109200E-016, 1.000000000000000000, 0.0000000000000000000 ) ) ;
#2092 = VECTOR ( 'NONE', #2091, 39.37007874015748100 ) ;
#2093 = CARTESIAN_POINT ( 'NONE',  ( -0.06250000000000001400, -0.09199999999999999800, -0.1725000000000000100 ) ) ;
#2094 = LINE ( 'NONE', #2093, #2092 ) ;
#2095 = DIRECTION ( 'NONE',  ( 0.0000000000000000000, 1.000000000000000000, 0.0000000000000000000 ) ) ;
#2096 = VECTOR ( 'NONE', #2095, 39.37007874015748100 ) ;
#2097 = CARTESIAN_POINT ( 'NONE',  ( -0.06250000000000000000, 0.05399999999999999200, -0.2074999999999999600 ) ) ;
#2098 = LINE ( 'NONE', #2097, #2096 ) ;
#2099 = CARTESIAN_POINT ( 'NONE',  ( -0.1875000000000015500, -0.06900000000000000600, -0.3247595264191637200 ) ) ;
#2100 = AXIS2_PLACEMENT_3D ( 'NONE', #2099, #2145, #2144 ) ;
#2101 = FACE_OUTER_BOUND ( 'NONE', #34, .T. ) ;
#2102 = DIRECTION ( 'NONE',  ( 0.0000000000000000000, 0.0000000000000000000, 1.000000000000000000 ) ) ;
#2103 = DIRECTION ( 'NONE',  ( -0.0000000000000000000, 1.000000000000000000, -0.0000000000000000000 ) ) ;
#2104 = CARTESIAN_POINT ( 'NONE',  ( 0.3750000000000000600, -0.06900000000000000600, 0.0000000000000000000 ) ) ;
#2105 = AXIS2_PLACEMENT_3D ( 'NONE', #2104, #2103, #2102 ) ;
#2106 = AXIS2_PLACEMENT_3D ( 'NONE', #2113, #2112, #2111 ) ;
#2107 = MECHANICAL_DESIGN_GEOMETRIC_PRESENTATION_REPRESENTATION (  '', ( #2136 ), #2181 ) ;
#2108 = PRESENTATION_LAYER_ASSIGNMENT (  '', '', ( #2136 ) ) ;
#2109 = DIRECTION ( 'NONE',  ( 0.0000000000000000000, 0.0000000000000000000, -1.000000000000000000 ) ) ;
#2110 = CARTESIAN_POINT ( 'NONE',  ( -0.06499999999999993300, -0.05500000000000000000, 0.5779999999999999600 ) ) ;
#2111 = DIRECTION ( 'NONE',  ( 0.0000000000000000000, 0.0000000000000000000, 1.000000000000000000 ) ) ;
#2112 = DIRECTION ( 'NONE',  ( -1.000000000000000000, 0.0000000000000000000, 0.0000000000000000000 ) ) ;
#2113 = CARTESIAN_POINT ( 'NONE',  ( 0.06799999999999997700, 0.1000000000000000100, -0.1874999999999999700 ) ) ;
#2114 = FILL_AREA_STYLE_COLOUR ( '', #2222 ) ;
#2115 = PLANE ( 'NONE',  #2106 ) ;
#2116 = FACE_OUTER_BOUND ( 'NONE', #16, .T. ) ;
#2117 = DIRECTION ( 'NONE',  ( -0.0000000000000000000, 1.000000000000000000, -0.0000000000000000000 ) ) ;
#2118 = VECTOR ( 'NONE', #2117, 39.37007874015748100 ) ;
#2119 = CARTESIAN_POINT ( 'NONE',  ( 0.06799999999999997700, -0.05500000000000000000, -0.1242791149647758000 ) ) ;
#2120 = LINE ( 'NONE', #2119, #2118 ) ;
#2121 = DIRECTION ( 'NONE',  ( 0.0000000000000000000, -0.0000000000000000000, -1.000000000000000000 ) ) ;
#2122 = DIRECTION ( 'NONE',  ( 0.0000000000000000000, -1.000000000000000000, 0.0000000000000000000 ) ) ;
#2123 = CARTESIAN_POINT ( 'NONE',  ( 0.06799999999999997700, -0.05500000000000000000, -0.1525000000000000000 ) ) ;
#2124 = AXIS2_PLACEMENT_3D ( 'NONE', #2123, #2122, #2121 ) ;
#2125 = DIRECTION ( 'NONE',  ( -0.0000000000000000000, 1.000000000000000000, -0.0000000000000000000 ) ) ;
#2126 = AXIS2_PLACEMENT_3D ( 'NONE', #2129, #2125, #2243 ) ;
#2127 = PLANE ( 'NONE',  #2242 ) ;
#2128 = FACE_OUTER_BOUND ( 'NONE', #119, .T. ) ;
#2129 = CARTESIAN_POINT ( 'NONE',  ( -0.1875000000000015500, -0.1000000000000000100, -0.3247595264191637200 ) ) ;
#2130 = CYLINDRICAL_SURFACE ( 'NONE', #2126, 0.03099999999999998900 ) ;
#2131 = FACE_OUTER_BOUND ( 'NONE', #130, .T. ) ;
#2132 = DIRECTION ( 'NONE',  ( 1.000000000000000000, 0.0000000000000000000, 0.0000000000000000000 ) ) ;
#2133 = DIRECTION ( 'NONE',  ( -0.0000000000000000000, 0.0000000000000000000, 1.000000000000000000 ) ) ;
#2134 = FACE_OUTER_BOUND ( 'NONE', #17, .T. ) ;
#2135 =( NAMED_UNIT ( * ) PLANE_ANGLE_UNIT ( ) SI_UNIT ( $, .RADIAN. ) );
#2136 = STYLED_ITEM ( 'NONE', ( #2137 ), #75 ) ;
#2137 = PRESENTATION_STYLE_ASSIGNMENT (( #2237 ) ) ;
#2138 = DIRECTION ( 'NONE',  ( -0.0000000000000000000, 1.000000000000000000, -0.0000000000000000000 ) ) ;
#2139 = VECTOR ( 'NONE', #2138, 39.37007874015748100 ) ;
#2140 = CARTESIAN_POINT ( 'NONE',  ( 0.06500000000000015500, -0.005000000000000014800, 0.6500000000000000200 ) ) ;
#2141 = LINE ( 'NONE', #2140, #2139 ) ;
#2142 = FACE_OUTER_BOUND ( 'NONE', #104, .T. ) ;
#2143 = CYLINDRICAL_SURFACE ( 'NONE', #2234, 0.03099999999999995500 ) ;
#2144 = DIRECTION ( 'NONE',  ( 1.000000000000000000, 0.0000000000000000000, 0.0000000000000000000 ) ) ;
#2145 = DIRECTION ( 'NONE',  ( 0.0000000000000000000, 1.000000000000000000, 0.0000000000000000000 ) ) ;
#2146 = PLANE ( 'NONE',  #2148 ) ;
#2147 = CARTESIAN_POINT ( 'NONE',  ( -0.06799999999999997700, -0.05500000000000000000, -0.1525000000000000000 ) ) ;
#2148 = AXIS2_PLACEMENT_3D ( 'NONE', #2147, #2173, #2172 ) ;
#2149 = FACE_OUTER_BOUND ( 'NONE', #137, .T. ) ;
#2150 = DIRECTION ( 'NONE',  ( 1.000000000000000000, 0.0000000000000000000, 0.0000000000000000000 ) ) ;
#2151 = VECTOR ( 'NONE', #2150, 39.37007874015748100 ) ;
#2152 = CARTESIAN_POINT ( 'NONE',  ( 0.06799999999999997700, -0.05500000000000000000, -0.1525000000000000000 ) ) ;
#2153 = LINE ( 'NONE', #2152, #2151 ) ;
#2154 = CARTESIAN_POINT ( 'NONE',  ( 0.06250000000000000000, 0.05399999999999999200, -0.1725000000000000100 ) ) ;
#2155 = VECTOR ( 'NONE', #2182, 39.37007874015748100 ) ;
#2156 = DIRECTION ( 'NONE',  ( 0.0000000000000000000, 0.0000000000000000000, 1.000000000000000000 ) ) ;
#2157 = DIRECTION ( 'NONE',  ( -0.0000000000000000000, 1.000000000000000000, -0.0000000000000000000 ) ) ;
#2158 = CARTESIAN_POINT ( 'NONE',  ( -0.1875000000000015500, -0.06900000000000000600, 0.3247595264191635000 ) ) ;
#2159 = AXIS2_PLACEMENT_3D ( 'NONE', #2158, #2157, #2156 ) ;
#2160 = CIRCLE ( 'NONE', #2159, 0.03099999999999995500 ) ;
#2161 = DIRECTION ( 'NONE',  ( 0.0000000000000000000, 0.0000000000000000000, 1.000000000000000000 ) ) ;
#2162 = DIRECTION ( 'NONE',  ( -0.0000000000000000000, 1.000000000000000000, -0.0000000000000000000 ) ) ;
#2163 = AXIS2_PLACEMENT_3D ( 'NONE', #2164, #2267, #2266 ) ;
#2164 = CARTESIAN_POINT ( 'NONE',  ( 0.0000000000000000000, 0.05999999999999999800, 0.0000000000000000000 ) ) ;
#2165 = CYLINDRICAL_SURFACE ( 'NONE', #2163, 0.1250000000000000000 ) ;
#2166 = FACE_OUTER_BOUND ( 'NONE', #180, .T. ) ;
#2167 = DIRECTION ( 'NONE',  ( 0.0000000000000000000, 0.0000000000000000000, -1.000000000000000000 ) ) ;
#2168 = VECTOR ( 'NONE', #2167, 39.37007874015748100 ) ;
#2169 = CARTESIAN_POINT ( 'NONE',  ( 0.06250000000000000000, -0.08199999999999971200, -0.1525000000000000000 ) ) ;
#2170 = LINE ( 'NONE', #2169, #2168 ) ;
#2171 = CARTESIAN_POINT ( 'NONE',  ( 0.06249999999999993100, -0.08199999999999982300, -0.1725000000000000100 ) ) ;
#2172 = DIRECTION ( 'NONE',  ( -0.0000000000000000000, 0.0000000000000000000, -1.000000000000000000 ) ) ;
#2173 = DIRECTION ( 'NONE',  ( 1.000000000000000000, 0.0000000000000000000, -0.0000000000000000000 ) ) ;
#2174 = PLANE ( 'NONE',  #2124 ) ;
#2175 = FACE_OUTER_BOUND ( 'NONE', #140, .T. ) ;
#2176 = CARTESIAN_POINT ( 'NONE',  ( -0.06799999999999997700, -0.05500000000000000000, -0.1242791149647758000 ) ) ;
#2177 = DIRECTION ( 'NONE',  ( -1.000000000000000000, -0.0000000000000000000, -0.0000000000000000000 ) ) ;
#2178 = VECTOR ( 'NONE', #2177, 39.37007874015748100 ) ;
#2179 = CARTESIAN_POINT ( 'NONE',  ( -0.06799999999999997700, -0.05500000000000000000, -0.1242791149647758000 ) ) ;
#2180 = LINE ( 'NONE', #2179, #2178 ) ;
#2181 =( GEOMETRIC_REPRESENTATION_CONTEXT ( 3 ) GLOBAL_UNCERTAINTY_ASSIGNED_CONTEXT ( ( #2191 ) ) GLOBAL_UNIT_ASSIGNED_CONTEXT ( ( #2082, #2135, #2192 ) ) REPRESENTATION_CONTEXT ( 'NONE', 'WORKASPACE' ) );
#2182 = DIRECTION ( 'NONE',  ( -0.0000000000000000000, -0.0000000000000000000, 1.000000000000000000 ) ) ;
#2183 = CARTESIAN_POINT ( 'NONE',  ( 0.06250000000000000000, 0.05399999999999999200, -0.1525000000000000000 ) ) ;
#2184 = LINE ( 'NONE', #2183, #2155 ) ;
#2185 = DIRECTION ( 'NONE',  ( -1.000000000000000000, -0.0000000000000000000, -0.0000000000000000000 ) ) ;
#2186 = VECTOR ( 'NONE', #2185, 39.37007874015748100 ) ;
#2187 = CARTESIAN_POINT ( 'NONE',  ( -0.06499999999999993300, -0.05500000000000000000, 0.6280000000000000000 ) ) ;
#2188 = LINE ( 'NONE', #2187, #2186 ) ;
#2189 = DIRECTION ( 'NONE',  ( 0.0000000000000000000, 0.0000000000000000000, 1.000000000000000000 ) ) ;
#2190 = VECTOR ( 'NONE', #2189, 39.37007874015748100 ) ;
#2191 = UNCERTAINTY_MEASURE_WITH_UNIT (LENGTH_MEASURE( 1.000000000000000100E-005 ), #2082, 'distance_accuracy_value', 'NONE');
#2192 =( NAMED_UNIT ( * ) SI_UNIT ( $, .STERADIAN. ) SOLID_ANGLE_UNIT ( ) );
#2193 = DIRECTION ( 'NONE',  ( 0.0000000000000000000, 0.0000000000000000000, -1.000000000000000000 ) ) ;
#2194 = DIRECTION ( 'NONE',  ( 1.000000000000000000, -0.0000000000000000000, 0.0000000000000000000 ) ) ;
#2195 = CARTESIAN_POINT ( 'NONE',  ( -0.06250000000000000000, 0.05399999999999999200, -0.1525000000000000000 ) ) ;
#2196 = AXIS2_PLACEMENT_3D ( 'NONE', #2195, #2194, #2193 ) ;
#2197 = PLANE ( 'NONE',  #2196 ) ;
#2198 = FACE_OUTER_BOUND ( 'NONE', #205, .T. ) ;
#2199 = DIRECTION ( 'NONE',  ( -1.138269997360109200E-016, 1.000000000000000000, 0.0000000000000000000 ) ) ;
#2200 = VECTOR ( 'NONE', #2199, 39.37007874015748100 ) ;
#2201 = PLANE ( 'NONE',  #2203 ) ;
#2202 = CARTESIAN_POINT ( 'NONE',  ( -0.06499999999999993300, -0.05500000000000000000, 0.5779999999999999600 ) ) ;
#2203 = AXIS2_PLACEMENT_3D ( 'NONE', #2202, #2206, #2205 ) ;
#2204 = FACE_OUTER_BOUND ( 'NONE', #69, .T. ) ;
#2205 = DIRECTION ( 'NONE',  ( -0.0000000000000000000, 0.0000000000000000000, -1.000000000000000000 ) ) ;
#2206 = DIRECTION ( 'NONE',  ( 1.000000000000000000, 0.0000000000000000000, -0.0000000000000000000 ) ) ;
#2207 = DIRECTION ( 'NONE',  ( 0.0000000000000000000, 0.0000000000000000000, 1.000000000000000000 ) ) ;
#2208 = DIRECTION ( 'NONE',  ( -0.0000000000000000000, 1.000000000000000000, -0.0000000000000000000 ) ) ;
#2209 = CARTESIAN_POINT ( 'NONE',  ( -0.1875000000000015500, -0.06900000000000000600, -0.3247595264191637200 ) ) ;
#2210 = AXIS2_PLACEMENT_3D ( 'NONE', #2209, #2208, #2207 ) ;
#2211 = CIRCLE ( 'NONE', #2210, 0.03099999999999998900 ) ;
#2212 = DIRECTION ( 'NONE',  ( 1.000000000000000000, -0.0000000000000000000, 0.0000000000000000000 ) ) ;
#2213 = DIRECTION ( 'NONE',  ( 0.0000000000000000000, 0.0000000000000000000, -1.000000000000000000 ) ) ;
#2214 = CARTESIAN_POINT ( 'NONE',  ( -0.06250000000000000000, 0.05399999999999999200, -0.1525000000000000000 ) ) ;
#2215 = LINE ( 'NONE', #2214, #2079 ) ;
#2216 = DIRECTION ( 'NONE',  ( -0.0000000000000000000, 1.000000000000000000, -0.0000000000000000000 ) ) ;
#2217 = VECTOR ( 'NONE', #2216, 39.37007874015748100 ) ;
#2218 = CARTESIAN_POINT ( 'NONE',  ( -0.06500000000000000200, -0.005000000000000014800, 0.6500000000000000200 ) ) ;
#2219 = LINE ( 'NONE', #2218, #2217 ) ;
#2220 = CIRCLE ( 'NONE', #2105, 0.03100000000000002400 ) ;
#2221 = DIRECTION ( 'NONE',  ( 0.0000000000000000000, -0.5000000000000010000, -0.8660254037844380400 ) ) ;
#2222 = COLOUR_RGB ( '',0.6274509803921568500, 0.6588235294117647000, 0.6784313725490196400 ) ;
#2223 = CARTESIAN_POINT ( 'NONE',  ( 0.06799999999999997700, -0.05500000000000000000, -0.1525000000000000000 ) ) ;
#2224 = LINE ( 'NONE', #2223, #2190 ) ;
#2225 = DIRECTION ( 'NONE',  ( -1.000000000000000000, 0.0000000000000000000, -0.0000000000000000000 ) ) ;
#2226 = DIRECTION ( 'NONE',  ( 0.0000000000000000000, 0.0000000000000000000, -1.000000000000000000 ) ) ;
#2227 = CARTESIAN_POINT ( 'NONE',  ( -0.06799999999999997700, -0.05500000000000000000, -0.1242791149647758000 ) ) ;
#2228 = AXIS2_PLACEMENT_3D ( 'NONE', #2227, #2226, #2225 ) ;
#2229 = PLANE ( 'NONE',  #2228 ) ;
#2230 = FACE_OUTER_BOUND ( 'NONE', #154, .T. ) ;
#2231 = CARTESIAN_POINT ( 'NONE',  ( 0.06799999999999997700, -0.05500000000000000000, -0.1242791149647758000 ) ) ;
#2232 = SPHERICAL_SURFACE ( 'NONE', #2100, 0.03100000000000000000 ) ;
#2233 = CARTESIAN_POINT ( 'NONE',  ( -0.1875000000000015500, -0.1000000000000000100, 0.3247595264191635000 ) ) ;
#2234 = AXIS2_PLACEMENT_3D ( 'NONE', #2233, #2162, #2161 ) ;
#2235 = CARTESIAN_POINT ( 'NONE',  ( 0.07800000000000000000, 0.1950000000000000100, 0.5273402111496344700 ) ) ;
#2236 = PLANE ( 'NONE',  #2251 ) ;
#2237 = SURFACE_STYLE_USAGE ( .BOTH. , #2238 ) ;
#2238 = SURFACE_SIDE_STYLE ('',( #2244 ) ) ;
#2239 = DIRECTION ( 'NONE',  ( -2.716326130063889900E-015, 0.0000000000000000000, -1.000000000000000000 ) ) ;
#2240 = DIRECTION ( 'NONE',  ( 1.000000000000000000, 0.0000000000000000000, -2.716326130063889900E-015 ) ) ;
#2241 = CARTESIAN_POINT ( 'NONE',  ( 0.06500000000000015500, -0.005000000000000014800, 0.6500000000000000200 ) ) ;
#2242 = AXIS2_PLACEMENT_3D ( 'NONE', #2241, #2240, #2239 ) ;
#2243 = DIRECTION ( 'NONE',  ( 0.0000000000000000000, 0.0000000000000000000, 1.000000000000000000 ) ) ;
#2244 = SURFACE_STYLE_FILL_AREA ( #2245 ) ;
#2245 = FILL_AREA_STYLE ('',( #2114 ) ) ;
#2246 = VECTOR ( 'NONE', #2221, 39.37007874015748100 ) ;
#2247 = CARTESIAN_POINT ( 'NONE',  ( 0.07800000000000000000, 0.1950000000000000100, 0.5273402111496344700 ) ) ;
#2248 = LINE ( 'NONE', #2247, #2246 ) ;
#2249 = DIRECTION ( 'NONE',  ( 0.0000000000000000000, 0.5000000000000010000, 0.8660254037844379300 ) ) ;
#2250 = DIRECTION ( 'NONE',  ( 0.0000000000000000000, 0.8660254037844380400, -0.5000000000000011100 ) ) ;
#2251 = AXIS2_PLACEMENT_3D ( 'NONE', #2235, #2250, #2249 ) ;
#2252 = DIMENSIONAL_EXPONENTS ( 1.000000000000000000, 0.0000000000000000000, 0.0000000000000000000, 0.0000000000000000000, 0.0000000000000000000, 0.0000000000000000000, 0.0000000000000000000 ) ;
#2253 = DIRECTION ( 'NONE',  ( -0.0000000000000000000, 1.000000000000000000, -0.0000000000000000000 ) ) ;
#2254 = VECTOR ( 'NONE', #2253, 39.37007874015748100 ) ;
#2255 = CARTESIAN_POINT ( 'NONE',  ( -0.06799999999999997700, -0.05500000000000000000, -0.1242791149647758000 ) ) ;
#2256 = LINE ( 'NONE', #2255, #2254 ) ;
#2257 = DIRECTION ( 'NONE',  ( -0.0000000000000000000, -0.0000000000000000000, -1.000000000000000000 ) ) ;
#2258 = VECTOR ( 'NONE', #2257, 39.37007874015748100 ) ;
#2259 = CARTESIAN_POINT ( 'NONE',  ( -0.06799999999999997700, -0.05500000000000000000, -0.1525000000000000000 ) ) ;
#2260 = LINE ( 'NONE', #2259, #2258 ) ;
#2261 = FACE_OUTER_BOUND ( 'NONE', #177, .T. ) ;
#2262 = DIRECTION ( 'NONE',  ( 0.0000000000000000000, 0.0000000000000000000, 1.000000000000000000 ) ) ;
#2263 = DIRECTION ( 'NONE',  ( 0.0000000000000000000, 1.000000000000000000, 0.0000000000000000000 ) ) ;
#2264 = CARTESIAN_POINT ( 'NONE',  ( 0.0000000000000000000, 0.0000000000000000000, 0.0000000000000000000 ) ) ;
#2265 = AXIS2_PLACEMENT_3D ( 'NONE', #2264, #2263, #2262 ) ;
#2266 = DIRECTION ( 'NONE',  ( 0.0000000000000000000, 0.0000000000000000000, -1.000000000000000000 ) ) ;
#2267 = DIRECTION ( 'NONE',  ( 0.0000000000000000000, -1.000000000000000000, 0.0000000000000000000 ) ) ;
#2268 = CIRCLE ( 'NONE', #2265, 0.1250000000000000000 ) ;
#2269 = DIRECTION ( 'NONE',  ( 0.0000000000000000000, -0.5000000000000010000, -0.8660254037844380400 ) ) ;
#2270 = VECTOR ( 'NONE', #2269, 39.37007874015748100 ) ;
#2271 = CARTESIAN_POINT ( 'NONE',  ( -0.07800000000000000000, 0.1950000000000000100, 0.5273402111496344700 ) ) ;
#2272 = LINE ( 'NONE', #2271, #2270 ) ;
#2273 = DIRECTION ( 'NONE',  ( 0.7071067811865477900, 0.7071067811865472400, -0.0000000000000000000 ) ) ;
#2274 = DIRECTION ( 'NONE',  ( -0.0000000000000000000, -0.0000000000000000000, 1.000000000000000000 ) ) ;
#2275 = VECTOR ( 'NONE', #2274, 39.37007874015748100 ) ;
#2276 = CARTESIAN_POINT ( 'NONE',  ( -0.02500000000000004600, -0.1820000000000000000, -0.1725000000000000100 ) ) ;
#2277 = VECTOR ( 'NONE', #2273, 39.37007874015748100 ) ;
#2278 = LINE ( 'NONE', #2276, #2275 ) ;
#2279 = DIRECTION ( 'NONE',  ( 0.0000000000000000000, -0.0000000000000000000, 1.000000000000000000 ) ) ;
#2280 = VECTOR ( 'NONE', #2279, 39.37007874015748100 ) ;
#2281 = CARTESIAN_POINT ( 'NONE',  ( 0.05249999999999969300, -0.09200000000000001200, -0.1725000000000000100 ) ) ;
#2282 = DIRECTION ( 'NONE',  ( -3.319954158966986900E-016, -1.000000000000000000, 0.0000000000000000000 ) ) ;
#2283 = DIRECTION ( 'NONE',  ( -1.000000000000000000, 3.319954158966986900E-016, 0.0000000000000000000 ) ) ;
#2284 = CARTESIAN_POINT ( 'NONE',  ( 0.02499999999999994200, -0.1820000000000000000, -0.1725000000000000100 ) ) ;
#2285 = LINE ( 'NONE', #2281, #2280 ) ;
#2286 = CYLINDRICAL_SURFACE ( 'NONE', #2315, 0.3125000000000000000 ) ;
#2287 = CARTESIAN_POINT ( 'NONE',  ( 0.0000000000000000000, 0.05399999999999999200, 0.0000000000000000000 ) ) ;
#2288 = LINE ( 'NONE', #2298, #2297 ) ;
#2289 = LINE ( 'NONE', #2394, #2377 ) ;
#2290 = PLANE ( 'NONE',  #2328 ) ;
#2291 = DIRECTION ( 'NONE',  ( -1.000000000000000000, 0.0000000000000000000, -0.0000000000000000000 ) ) ;
#2292 = CARTESIAN_POINT ( 'NONE',  ( -0.09350000000000004100, 0.05399999999999999200, -0.1248749374374217200 ) ) ;
#2293 = CARTESIAN_POINT ( 'NONE',  ( -0.06250000000000000000, 0.05399999999999999200, -0.2074999999999999600 ) ) ;
#2294 = CARTESIAN_POINT ( 'NONE',  ( 0.0000000000000000000, 0.05399999999999999200, 0.0000000000000000000 ) ) ;
#2295 = DIRECTION ( 'NONE',  ( 0.0000000000000000000, 1.000000000000000000, 0.0000000000000000000 ) ) ;
#2296 = DIRECTION ( 'NONE',  ( 0.0000000000000000000, 1.000000000000000000, 0.0000000000000000000 ) ) ;
#2297 = VECTOR ( 'NONE', #2296, 39.37007874015748100 ) ;
#2298 = CARTESIAN_POINT ( 'NONE',  ( -0.09350000000000000000, 0.05399999999999999200, -0.2074999999999999600 ) ) ;
#2299 = AXIS2_PLACEMENT_3D ( 'NONE', #2367, #2366, #2365 ) ;
#2300 = PLANE ( 'NONE',  #2299 ) ;
#2301 = DIRECTION ( 'NONE',  ( -4.132898525183001800E-016, 0.0000000000000000000, 1.000000000000000000 ) ) ;
#2302 = CYLINDRICAL_SURFACE ( 'NONE', #2306, 0.1560000000000000000 ) ;
#2303 = CARTESIAN_POINT ( 'NONE',  ( 0.02499999999999997400, -0.09199999999999999800, -0.1725000000000000100 ) ) ;
#2304 = AXIS2_PLACEMENT_3D ( 'NONE', #2303, #2391, #2390 ) ;
#2305 = PLANE ( 'NONE',  #2304 ) ;
#2306 = AXIS2_PLACEMENT_3D ( 'NONE', #2294, #2340, #2342 ) ;
#2307 = PLANE ( 'NONE',  #2322 ) ;
#2308 = FACE_OUTER_BOUND ( 'NONE', #237, .T. ) ;
#2309 = FACE_OUTER_BOUND ( 'NONE', #232, .T. ) ;
#2310 =( GEOMETRIC_REPRESENTATION_CONTEXT ( 3 ) GLOBAL_UNCERTAINTY_ASSIGNED_CONTEXT ( ( #2311 ) ) GLOBAL_UNIT_ASSIGNED_CONTEXT ( ( #2392, #2351, #2350 ) ) REPRESENTATION_CONTEXT ( 'NONE', 'WORKASPACE' ) );
#2311 = UNCERTAINTY_MEASURE_WITH_UNIT (LENGTH_MEASURE( 1.000000000000000100E-005 ), #2392, 'distance_accuracy_value', 'NONE');
#2312 = VECTOR ( 'NONE', #2295, 39.37007874015748100 ) ;
#2313 = FACE_OUTER_BOUND ( 'NONE', #116, .T. ) ;
#2314 = LINE ( 'NONE', #2292, #2312 ) ;
#2315 = AXIS2_PLACEMENT_3D ( 'NONE', #2287, #2349, #2348 ) ;
#2316 = FACE_OUTER_BOUND ( 'NONE', #239, .T. ) ;
#2317 = DIMENSIONAL_EXPONENTS ( 1.000000000000000000, 0.0000000000000000000, 0.0000000000000000000, 0.0000000000000000000, 0.0000000000000000000, 0.0000000000000000000, 0.0000000000000000000 ) ;
#2318 =( LENGTH_UNIT ( ) NAMED_UNIT ( * ) SI_UNIT ( $, .METRE. ) );
#2319 = MECHANICAL_DESIGN_GEOMETRIC_PRESENTATION_REPRESENTATION (  '', ( #2379 ), #2310 ) ;
#2320 = DIRECTION ( 'NONE',  ( -1.000000000000000000, 0.0000000000000000000, -4.132898525183001800E-016 ) ) ;
#2321 = CARTESIAN_POINT ( 'NONE',  ( -0.09350000000000000000, 0.05399999999999999200, -0.2074999999999999600 ) ) ;
#2322 = AXIS2_PLACEMENT_3D ( 'NONE', #2321, #2320, #2301 ) ;
#2323 = FILL_AREA_STYLE_COLOUR ( '', #2326 ) ;
#2324 = DIRECTION ( 'NONE',  ( 0.0000000000000000000, -0.0000000000000000000, 1.000000000000000000 ) ) ;
#2325 = DIRECTION ( 'NONE',  ( 0.0000000000000000000, 1.000000000000000000, 0.0000000000000000000 ) ) ;
#2326 = COLOUR_RGB ( '',0.9882352941176471000, 1.000000000000000000, 0.9882352941176471000 ) ;
#2327 = FACE_OUTER_BOUND ( 'NONE', #258, .T. ) ;
#2328 = AXIS2_PLACEMENT_3D ( 'NONE', #2293, #2341, #2291 ) ;
#2329 =( LENGTH_UNIT ( ) NAMED_UNIT ( * ) SI_UNIT ( $, .METRE. ) );
#2330 = MECHANICAL_DESIGN_GEOMETRIC_PRESENTATION_REPRESENTATION (  '', ( #2332 ), #2359 ) ;
#2331 = PRESENTATION_LAYER_ASSIGNMENT (  '', '', ( #2332 ) ) ;
#2332 = STYLED_ITEM ( 'NONE', ( #2333 ), #260 ) ;
#2333 = PRESENTATION_STYLE_ASSIGNMENT (( #2334 ) ) ;
#2334 = SURFACE_STYLE_USAGE ( .BOTH. , #2335 ) ;
#2335 = SURFACE_SIDE_STYLE ('',( #2336 ) ) ;
#2336 = SURFACE_STYLE_FILL_AREA ( #2337 ) ;
#2337 = FILL_AREA_STYLE ('',( #2371 ) ) ;
#2338 = COLOUR_RGB ( '',0.9882352941176471000, 1.000000000000000000, 0.9882352941176471000 ) ;
#2339 = FACE_OUTER_BOUND ( 'NONE', #261, .T. ) ;
#2340 = DIRECTION ( 'NONE',  ( 0.0000000000000000000, 1.000000000000000000, 0.0000000000000000000 ) ) ;
#2341 = DIRECTION ( 'NONE',  ( 0.0000000000000000000, 0.0000000000000000000, -1.000000000000000000 ) ) ;
#2342 = DIRECTION ( 'NONE',  ( 0.0000000000000000000, 0.0000000000000000000, 1.000000000000000000 ) ) ;
#2343 = CARTESIAN_POINT ( 'NONE',  ( -0.06250000000000000000, 0.05399999999999999200, -0.1725000000000000100 ) ) ;
#2344 = DIRECTION ( 'NONE',  ( -1.000000000000000000, 0.0000000000000000000, 0.0000000000000000000 ) ) ;
#2345 = VECTOR ( 'NONE', #2344, 39.37007874015748100 ) ;
#2346 = CARTESIAN_POINT ( 'NONE',  ( 0.0000000000000000000, 0.05399999999999999200, -0.1725000000000000100 ) ) ;
#2347 = LINE ( 'NONE', #2346, #2345 ) ;
#2348 = DIRECTION ( 'NONE',  ( 0.0000000000000000000, 0.0000000000000000000, 1.000000000000000000 ) ) ;
#2349 = DIRECTION ( 'NONE',  ( 0.0000000000000000000, 1.000000000000000000, 0.0000000000000000000 ) ) ;
#2350 =( NAMED_UNIT ( * ) SI_UNIT ( $, .STERADIAN. ) SOLID_ANGLE_UNIT ( ) );
#2351 =( NAMED_UNIT ( * ) PLANE_ANGLE_UNIT ( ) SI_UNIT ( $, .RADIAN. ) );
#2352 =( NAMED_UNIT ( * ) SI_UNIT ( $, .STERADIAN. ) SOLID_ANGLE_UNIT ( ) );
#2353 =( NAMED_UNIT ( * ) PLANE_ANGLE_UNIT ( ) SI_UNIT ( $, .RADIAN. ) );
#2354 =( CONVERSION_BASED_UNIT ( 'INCH', #2355 ) LENGTH_UNIT ( ) NAMED_UNIT ( #2356 ) );
#2355 = LENGTH_MEASURE_WITH_UNIT ( LENGTH_MEASURE( 0.02539999999999999900 ), #2329 );
#2356 = DIMENSIONAL_EXPONENTS ( 1.000000000000000000, 0.0000000000000000000, 0.0000000000000000000, 0.0000000000000000000, 0.0000000000000000000, 0.0000000000000000000, 0.0000000000000000000 ) ;
#2357 = AXIS2_PLACEMENT_3D ( 'NONE', #2284, #2283, #2282 ) ;
#2358 = PLANE ( 'NONE',  #2357 ) ;
#2359 =( GEOMETRIC_REPRESENTATION_CONTEXT ( 3 ) GLOBAL_UNCERTAINTY_ASSIGNED_CONTEXT ( ( #2360 ) ) GLOBAL_UNIT_ASSIGNED_CONTEXT ( ( #2354, #2353, #2352 ) ) REPRESENTATION_CONTEXT ( 'NONE', 'WORKASPACE' ) );
#2360 = UNCERTAINTY_MEASURE_WITH_UNIT (LENGTH_MEASURE( 1.000000000000000100E-005 ), #2354, 'distance_accuracy_value', 'NONE');
#2361 = PLANE ( 'NONE',  #2363 ) ;
#2362 = CARTESIAN_POINT ( 'NONE',  ( 0.0000000000000000000, 0.05399999999999999200, 0.0000000000000000000 ) ) ;
#2363 = AXIS2_PLACEMENT_3D ( 'NONE', #2362, #2325, #2324 ) ;
#2364 = FACE_OUTER_BOUND ( 'NONE', #236, .T. ) ;
#2365 = DIRECTION ( 'NONE',  ( 0.0000000000000000000, -0.0000000000000000000, -1.000000000000000000 ) ) ;
#2366 = DIRECTION ( 'NONE',  ( 0.0000000000000000000, -1.000000000000000000, 0.0000000000000000000 ) ) ;
#2367 = CARTESIAN_POINT ( 'NONE',  ( 0.06799999999999997700, 0.0000000000000000000, -0.1525000000000000000 ) ) ;
#2368 = DIRECTION ( 'NONE',  ( -0.0000000000000000000, -0.0000000000000000000, 1.000000000000000000 ) ) ;
#2369 = VECTOR ( 'NONE', #2368, 39.37007874015748100 ) ;
#2370 = CARTESIAN_POINT ( 'NONE',  ( 0.02499999999999997400, -0.09199999999999999800, -0.1725000000000000100 ) ) ;
#2371 = FILL_AREA_STYLE_COLOUR ( '', #2338 ) ;
#2372 = LINE ( 'NONE', #2370, #2369 ) ;
#2373 = DIRECTION ( 'NONE',  ( -0.0000000000000000000, -0.0000000000000000000, 1.000000000000000000 ) ) ;
#2374 = VECTOR ( 'NONE', #2373, 39.37007874015748100 ) ;
#2375 = CARTESIAN_POINT ( 'NONE',  ( 0.02499999999999994200, -0.1820000000000000000, -0.1725000000000000100 ) ) ;
#2376 = DIRECTION ( 'NONE',  ( 0.0000000000000000000, 1.000000000000000000, 0.0000000000000000000 ) ) ;
#2377 = VECTOR ( 'NONE', #2376, 39.37007874015748100 ) ;
#2378 = PRESENTATION_LAYER_ASSIGNMENT (  '', '', ( #2379 ) ) ;
#2379 = STYLED_ITEM ( 'NONE', ( #2380 ), #251 ) ;
#2380 = PRESENTATION_STYLE_ASSIGNMENT (( #2381 ) ) ;
#2381 = SURFACE_STYLE_USAGE ( .BOTH. , #2382 ) ;
#2382 = SURFACE_SIDE_STYLE ('',( #2383 ) ) ;
#2383 = SURFACE_STYLE_FILL_AREA ( #2384 ) ;
#2384 = FILL_AREA_STYLE ('',( #2323 ) ) ;
#2385 = DIRECTION ( 'NONE',  ( 0.0000000000000000000, 0.0000000000000000000, -1.000000000000000000 ) ) ;
#2386 = VECTOR ( 'NONE', #2385, 39.37007874015748100 ) ;
#2387 = CARTESIAN_POINT ( 'NONE',  ( -0.05249999999999983200, -0.09199999999999999800, -0.1725000000000000100 ) ) ;
#2388 = LINE ( 'NONE', #2387, #2386 ) ;
#2389 = LINE ( 'NONE', #2375, #2374 ) ;
#2390 = DIRECTION ( 'NONE',  ( -1.000000000000000000, 4.553079989440441700E-016, 0.0000000000000000000 ) ) ;
#2391 = DIRECTION ( 'NONE',  ( 4.553079989440441700E-016, 1.000000000000000000, 0.0000000000000000000 ) ) ;
#2392 =( CONVERSION_BASED_UNIT ( 'INCH', #2393 ) LENGTH_UNIT ( ) NAMED_UNIT ( #2317 ) );
#2393 = LENGTH_MEASURE_WITH_UNIT ( LENGTH_MEASURE( 0.02539999999999999900 ), #2318 );
#2394 = CARTESIAN_POINT ( 'NONE',  ( 0.06249999999999995100, -0.09200000000000001200, 0.6480000000000000200 ) ) ;
#2395 = DIRECTION ( 'NONE',  ( -4.132898525183001800E-016, 0.0000000000000000000, -1.000000000000000000 ) ) ;
#2396 = DIRECTION ( 'NONE',  ( 1.000000000000000000, 0.0000000000000000000, -4.132898525183001800E-016 ) ) ;
#2397 = LINE ( 'NONE', #2549, #2548 ) ;
#2398 = CARTESIAN_POINT ( 'NONE',  ( 0.09350000000000000000, 0.05399999999999999200, -0.2074999999999999600 ) ) ;
#2399 = AXIS2_PLACEMENT_3D ( 'NONE', #2398, #2396, #2395 ) ;
#2400 = FACE_OUTER_BOUND ( 'NONE', #320, .T. ) ;
#2401 = DIRECTION ( 'NONE',  ( -1.000000000000000000, 0.0000000000000000000, -0.0000000000000000000 ) ) ;
#2402 = DIRECTION ( 'NONE',  ( 0.0000000000000000000, 0.0000000000000000000, -1.000000000000000000 ) ) ;
#2403 = CARTESIAN_POINT ( 'NONE',  ( 0.06250000000000000000, 0.05399999999999999200, -0.2074999999999999600 ) ) ;
#2404 = AXIS2_PLACEMENT_3D ( 'NONE', #2403, #2402, #2401 ) ;
#2405 = PLANE ( 'NONE',  #2404 ) ;
#2406 = PLANE ( 'NONE',  #2399 ) ;
#2407 = FACE_OUTER_BOUND ( 'NONE', #323, .T. ) ;
#2408 = DIRECTION ( 'NONE',  ( 0.0000000000000000000, 1.000000000000000000, 0.0000000000000000000 ) ) ;
#2409 = VECTOR ( 'NONE', #2408, 39.37007874015748100 ) ;
#2410 = CARTESIAN_POINT ( 'NONE',  ( 0.06250000000000000000, 0.05399999999999999200, -0.2074999999999999600 ) ) ;
#2411 = LINE ( 'NONE', #2410, #2409 ) ;
#2412 = DIRECTION ( 'NONE',  ( 0.0000000000000000000, 1.000000000000000000, 0.0000000000000000000 ) ) ;
#2413 = VECTOR ( 'NONE', #2412, 39.37007874015748100 ) ;
#2414 = CARTESIAN_POINT ( 'NONE',  ( 0.09350000000000000000, 0.05399999999999999200, -0.2074999999999999600 ) ) ;
#2415 = LINE ( 'NONE', #2414, #2413 ) ;
#2416 = DIRECTION ( 'NONE',  ( 0.0000000000000000000, 8.537024980200822800E-016, 1.000000000000000000 ) ) ;
#2417 = DIRECTION ( 'NONE',  ( 1.000000000000000000, -0.0000000000000000000, -0.0000000000000000000 ) ) ;
#2418 = CARTESIAN_POINT ( 'NONE',  ( 0.06250000000000000000, 0.03499999999999999600, -0.1871410161513775400 ) ) ;
#2419 = AXIS2_PLACEMENT_3D ( 'NONE', #2418, #2417, #2416 ) ;
#2420 = DIRECTION ( 'NONE',  ( -1.000000000000000000, 0.0000000000000000000, -0.0000000000000000000 ) ) ;
#2421 = DIRECTION ( 'NONE',  ( 0.0000000000000000000, 0.0000000000000000000, -1.000000000000000000 ) ) ;
#2422 = CARTESIAN_POINT ( 'NONE',  ( -5.916451816734643200E-017, -0.2620000000000000100, -0.1725000000000000100 ) ) ;
#2423 = AXIS2_PLACEMENT_3D ( 'NONE', #2422, #2421, #2420 ) ;
#2424 = CIRCLE ( 'NONE', #2419, 0.04000000000000000100 ) ;
#2425 = PLANE ( 'NONE',  #2423 ) ;
#2426 = DIRECTION ( 'NONE',  ( 0.0000000000000000000, 0.0000000000000000000, 1.000000000000000000 ) ) ;
#2427 = DIRECTION ( 'NONE',  ( -1.000000000000000000, 0.0000000000000000000, 0.0000000000000000000 ) ) ;
#2428 = PRESENTATION_LAYER_ASSIGNMENT (  '', '', ( #2429 ) ) ;
#2429 = STYLED_ITEM ( 'NONE', ( #2430 ), #300 ) ;
#2430 = PRESENTATION_STYLE_ASSIGNMENT (( #2431 ) ) ;
#2431 = SURFACE_STYLE_USAGE ( .BOTH. , #2432 ) ;
#2432 = SURFACE_SIDE_STYLE ('',( #2433 ) ) ;
#2433 = SURFACE_STYLE_FILL_AREA ( #2434 ) ;
#2434 = FILL_AREA_STYLE ('',( #2529 ) ) ;
#2435 = COLOUR_RGB ( '',0.9882352941176471000, 1.000000000000000000, 0.9882352941176471000 ) ;
#2436 = FACE_OUTER_BOUND ( 'NONE', #296, .T. ) ;
#2437 = DIRECTION ( 'NONE',  ( -0.7071067811865523500, 0.7071067811865426900, -0.0000000000000000000 ) ) ;
#2438 = VECTOR ( 'NONE', #2437, 39.37007874015748100 ) ;
#2439 =( GEOMETRIC_REPRESENTATION_CONTEXT ( 3 ) GLOBAL_UNCERTAINTY_ASSIGNED_CONTEXT ( ( #2440 ) ) GLOBAL_UNIT_ASSIGNED_CONTEXT ( ( #2443, #2442, #2441 ) ) REPRESENTATION_CONTEXT ( 'NONE', 'WORKASPACE' ) );
#2440 = UNCERTAINTY_MEASURE_WITH_UNIT (LENGTH_MEASURE( 1.000000000000000100E-005 ), #2443, 'distance_accuracy_value', 'NONE');
#2441 =( NAMED_UNIT ( * ) SI_UNIT ( $, .STERADIAN. ) SOLID_ANGLE_UNIT ( ) );
#2442 =( NAMED_UNIT ( * ) PLANE_ANGLE_UNIT ( ) SI_UNIT ( $, .RADIAN. ) );
#2443 =( CONVERSION_BASED_UNIT ( 'INCH', #2444 ) LENGTH_UNIT ( ) NAMED_UNIT ( #2445 ) );
#2444 = LENGTH_MEASURE_WITH_UNIT ( LENGTH_MEASURE( 0.02539999999999999900 ), #2446 );
#2445 = DIMENSIONAL_EXPONENTS ( 1.000000000000000000, 0.0000000000000000000, 0.0000000000000000000, 0.0000000000000000000, 0.0000000000000000000, 0.0000000000000000000, 0.0000000000000000000 ) ;
#2446 =( LENGTH_UNIT ( ) NAMED_UNIT ( * ) SI_UNIT ( $, .METRE. ) );
#2447 = MECHANICAL_DESIGN_GEOMETRIC_PRESENTATION_REPRESENTATION (  '', ( #2499 ), #2439 ) ;
#2448 =( NAMED_UNIT ( * ) PLANE_ANGLE_UNIT ( ) SI_UNIT ( $, .RADIAN. ) );
#2449 = FACE_OUTER_BOUND ( 'NONE', #270, .T. ) ;
#2450 = PLANE ( 'NONE',  #2561 ) ;
#2451 = FILL_AREA_STYLE_COLOUR ( '', #2473 ) ;
#2452 = SURFACE_SIDE_STYLE ('',( #2553 ) ) ;
#2453 = PRESENTATION_LAYER_ASSIGNMENT (  '', '', ( #2454 ) ) ;
#2454 = STYLED_ITEM ( 'NONE', ( #2474 ), #269 ) ;
#2455 = LENGTH_MEASURE_WITH_UNIT ( LENGTH_MEASURE( 0.02539999999999999900 ), #2562 );
#2456 = DIMENSIONAL_EXPONENTS ( 1.000000000000000000, 0.0000000000000000000, 0.0000000000000000000, 0.0000000000000000000, 0.0000000000000000000, 0.0000000000000000000, 0.0000000000000000000 ) ;
#2457 = UNCERTAINTY_MEASURE_WITH_UNIT (LENGTH_MEASURE( 1.000000000000000100E-005 ), #2538, 'distance_accuracy_value', 'NONE');
#2458 =( NAMED_UNIT ( * ) SI_UNIT ( $, .STERADIAN. ) SOLID_ANGLE_UNIT ( ) );
#2459 =( GEOMETRIC_REPRESENTATION_CONTEXT ( 3 ) GLOBAL_UNCERTAINTY_ASSIGNED_CONTEXT ( ( #2518 ) ) GLOBAL_UNIT_ASSIGNED_CONTEXT ( ( #2552, #2448, #2526 ) ) REPRESENTATION_CONTEXT ( 'NONE', 'WORKASPACE' ) );
#2460 = FILL_AREA_STYLE_COLOUR ( '', #2483 ) ;
#2461 = FACE_OUTER_BOUND ( 'NONE', #373, .T. ) ;
#2462 = DIRECTION ( 'NONE',  ( -0.0000000000000000000, -0.0000000000000000000, 1.000000000000000000 ) ) ;
#2463 = VECTOR ( 'NONE', #2462, 39.37007874015748100 ) ;
#2464 = CARTESIAN_POINT ( 'NONE',  ( -0.01700000000000006000, -0.2620000000000000100, -0.1725000000000000100 ) ) ;
#2465 = FILL_AREA_STYLE ('',( #2460 ) ) ;
#2466 = CARTESIAN_POINT ( 'NONE',  ( 0.01699999999999992800, -0.2620000000000000100, -0.1525000000000000000 ) ) ;
#2467 = UNCERTAINTY_MEASURE_WITH_UNIT (LENGTH_MEASURE( 1.000000000000000100E-005 ), #2470, 'distance_accuracy_value', 'NONE');
#2468 =( NAMED_UNIT ( * ) SI_UNIT ( $, .STERADIAN. ) SOLID_ANGLE_UNIT ( ) );
#2469 =( NAMED_UNIT ( * ) PLANE_ANGLE_UNIT ( ) SI_UNIT ( $, .RADIAN. ) );
#2470 =( CONVERSION_BASED_UNIT ( 'INCH', #2554 ) LENGTH_UNIT ( ) NAMED_UNIT ( #2555 ) );
#2471 = LENGTH_MEASURE_WITH_UNIT ( LENGTH_MEASURE( 0.02539999999999999900 ), #2475 );
#2472 = DIMENSIONAL_EXPONENTS ( 1.000000000000000000, 0.0000000000000000000, 0.0000000000000000000, 0.0000000000000000000, 0.0000000000000000000, 0.0000000000000000000, 0.0000000000000000000 ) ;
#2473 = COLOUR_RGB ( '',0.9882352941176471000, 1.000000000000000000, 0.9882352941176471000 ) ;
#2474 = PRESENTATION_STYLE_ASSIGNMENT (( #2550 ) ) ;
#2475 =( LENGTH_UNIT ( ) NAMED_UNIT ( * ) SI_UNIT ( $, .METRE. ) );
#2476 = MECHANICAL_DESIGN_GEOMETRIC_PRESENTATION_REPRESENTATION (  '', ( #2478 ), #2519 ) ;
#2477 = PRESENTATION_LAYER_ASSIGNMENT (  '', '', ( #2478 ) ) ;
#2478 = STYLED_ITEM ( 'NONE', ( #2479 ), #283 ) ;
#2479 = PRESENTATION_STYLE_ASSIGNMENT (( #2480 ) ) ;
#2480 = SURFACE_STYLE_USAGE ( .BOTH. , #2481 ) ;
#2481 = SURFACE_SIDE_STYLE ('',( #2482 ) ) ;
#2482 = SURFACE_STYLE_FILL_AREA ( #2465 ) ;
#2483 = COLOUR_RGB ( '',0.9882352941176471000, 1.000000000000000000, 0.9882352941176471000 ) ;
#2484 = AXIS2_PLACEMENT_3D ( 'NONE', #2493, #2492, #2491 ) ;
#2485 = CYLINDRICAL_SURFACE ( 'NONE', #2484, 0.01699999999999999400 ) ;
#2486 = CARTESIAN_POINT ( 'NONE',  ( 0.02499999999999994200, -0.1820000000000000000, -0.1525000000000000000 ) ) ;
#2487 = LINE ( 'NONE', #2541, #2540 ) ;
#2488 = LINE ( 'NONE', #2466, #2565 ) ;
#2489 = CARTESIAN_POINT ( 'NONE',  ( 0.06799999999999997700, -0.05500000000000000000, -0.1525000000000000000 ) ) ;
#2490 = AXIS2_PLACEMENT_3D ( 'NONE', #2489, #2427, #2426 ) ;
#2491 = DIRECTION ( 'NONE',  ( 1.000000000000000000, 0.0000000000000000000, 0.0000000000000000000 ) ) ;
#2492 = DIRECTION ( 'NONE',  ( -0.0000000000000000000, -0.0000000000000000000, 1.000000000000000000 ) ) ;
#2493 = CARTESIAN_POINT ( 'NONE',  ( -5.916451816734643200E-017, -0.2620000000000000100, -0.1725000000000000100 ) ) ;
#2494 = PLANE ( 'NONE',  #2490 ) ;
#2495 = FACE_OUTER_BOUND ( 'NONE', #146, .T. ) ;
#2496 = FILL_AREA_STYLE ('',( #2451 ) ) ;
#2497 = LINE ( 'NONE', #2536, #2535 ) ;
#2498 = PRESENTATION_LAYER_ASSIGNMENT (  '', '', ( #2499 ) ) ;
#2499 = STYLED_ITEM ( 'NONE', ( #2500 ), #305 ) ;
#2500 = PRESENTATION_STYLE_ASSIGNMENT (( #2501 ) ) ;
#2501 = SURFACE_STYLE_USAGE ( .BOTH. , #2502 ) ;
#2502 = SURFACE_SIDE_STYLE ('',( #2503 ) ) ;
#2503 = SURFACE_STYLE_FILL_AREA ( #2504 ) ;
#2504 = FILL_AREA_STYLE ('',( #2505 ) ) ;
#2505 = FILL_AREA_STYLE_COLOUR ( '', #2506 ) ;
#2506 = COLOUR_RGB ( '',0.9882352941176471000, 1.000000000000000000, 0.9882352941176471000 ) ;
#2507 = FACE_OUTER_BOUND ( 'NONE', #306, .T. ) ;
#2508 = CARTESIAN_POINT ( 'NONE',  ( -0.05249999999999979700, -0.09199999999999999800, -0.1725000000000000100 ) ) ;
#2509 = DIRECTION ( 'NONE',  ( -1.000000000000000000, 0.0000000000000000000, 0.0000000000000000000 ) ) ;
#2510 = VECTOR ( 'NONE', #2509, 39.37007874015748100 ) ;
#2511 = CARTESIAN_POINT ( 'NONE',  ( -0.02500000000000005000, -0.09199999999999999800, -0.1725000000000000100 ) ) ;
#2512 = LINE ( 'NONE', #2511, #2510 ) ;
#2513 = CARTESIAN_POINT ( 'NONE',  ( 0.05249999999999969300, -0.09200000000000001200, -0.1525000000000000000 ) ) ;
#2514 = DIRECTION ( 'NONE',  ( -1.000000000000000000, 0.0000000000000000000, -0.0000000000000000000 ) ) ;
#2515 = DIRECTION ( 'NONE',  ( 0.0000000000000000000, 0.0000000000000000000, -1.000000000000000000 ) ) ;
#2516 = CARTESIAN_POINT ( 'NONE',  ( -5.916451816734643200E-017, -0.2620000000000000100, -0.1525000000000000000 ) ) ;
#2517 = AXIS2_PLACEMENT_3D ( 'NONE', #2516, #2515, #2514 ) ;
#2518 = UNCERTAINTY_MEASURE_WITH_UNIT (LENGTH_MEASURE( 1.000000000000000100E-005 ), #2552, 'distance_accuracy_value', 'NONE');
#2519 =( GEOMETRIC_REPRESENTATION_CONTEXT ( 3 ) GLOBAL_UNCERTAINTY_ASSIGNED_CONTEXT ( ( #2457 ) ) GLOBAL_UNIT_ASSIGNED_CONTEXT ( ( #2538, #2537, #2458 ) ) REPRESENTATION_CONTEXT ( 'NONE', 'WORKASPACE' ) );
#2520 = CARTESIAN_POINT ( 'NONE',  ( 0.01699999999999992800, -0.2620000000000000100, -0.1725000000000000100 ) ) ;
#2521 = CARTESIAN_POINT ( 'NONE',  ( 0.06249999999999995100, -0.08199999999999971200, -0.1525000000000000000 ) ) ;
#2522 = DIRECTION ( 'NONE',  ( -1.000000000000000000, -0.0000000000000000000, -0.0000000000000000000 ) ) ;
#2523 = VECTOR ( 'NONE', #2522, 39.37007874015748100 ) ;
#2524 = CARTESIAN_POINT ( 'NONE',  ( -0.06799999999999997700, 0.0000000000000000000, -0.1242791149647758000 ) ) ;
#2525 = LINE ( 'NONE', #2524, #2523 ) ;
#2526 =( NAMED_UNIT ( * ) SI_UNIT ( $, .STERADIAN. ) SOLID_ANGLE_UNIT ( ) );
#2527 = CARTESIAN_POINT ( 'NONE',  ( 0.05875000000000042000, -0.2032499999999987100, -0.1725000000000000100 ) ) ;
#2528 = LINE ( 'NONE', #2527, #2438 ) ;
#2529 = FILL_AREA_STYLE_COLOUR ( '', #2435 ) ;
#2530 = DIRECTION ( 'NONE',  ( -0.7071067811865477900, -0.7071067811865472400, -0.0000000000000000000 ) ) ;
#2531 = VECTOR ( 'NONE', #2530, 39.37007874015748100 ) ;
#2532 = CARTESIAN_POINT ( 'NONE',  ( -0.05875000000000018400, -0.2032499999999998500, -0.1725000000000000100 ) ) ;
#2533 = LINE ( 'NONE', #2532, #2531 ) ;
#2534 = DIRECTION ( 'NONE',  ( -0.0000000000000000000, -0.0000000000000000000, 1.000000000000000000 ) ) ;
#2535 = VECTOR ( 'NONE', #2534, 39.37007874015748100 ) ;
#2536 = CARTESIAN_POINT ( 'NONE',  ( 0.01699999999999992800, -0.2620000000000000100, -0.1725000000000000100 ) ) ;
#2537 =( NAMED_UNIT ( * ) PLANE_ANGLE_UNIT ( ) SI_UNIT ( $, .RADIAN. ) );
#2538 =( CONVERSION_BASED_UNIT ( 'INCH', #2471 ) LENGTH_UNIT ( ) NAMED_UNIT ( #2472 ) );
#2539 = DIRECTION ( 'NONE',  ( -3.319954158966986400E-016, -1.000000000000000000, -0.0000000000000000000 ) ) ;
#2540 = VECTOR ( 'NONE', #2539, 39.37007874015748100 ) ;
#2541 = CARTESIAN_POINT ( 'NONE',  ( 0.02499999999999994200, -0.1820000000000000000, -0.1525000000000000000 ) ) ;
#2542 = VECTOR ( 'NONE', #2083, 39.37007874015748900 ) ;
#2543 = CARTESIAN_POINT ( 'NONE',  ( 0.06249999999999995100, -0.08199999999999971200, 0.6280000000000000000 ) ) ;
#2544 = LINE ( 'NONE', #2543, #2542 ) ;
#2545 = CARTESIAN_POINT ( 'NONE',  ( 0.2140271136198766700, 0.07499999999999998300, 0.03437166461596692000 ) ) ;
#2546 = CARTESIAN_POINT ( 'NONE',  ( 0.05249999999999965100, -0.09200000000000001200, 0.6280000000000000000 ) ) ;
#2547 = DIRECTION ( 'NONE',  ( -3.414809992080327500E-016, -1.000000000000000000, -0.0000000000000000000 ) ) ;
#2548 = VECTOR ( 'NONE', #2547, 39.37007874015748100 ) ;
#2549 = CARTESIAN_POINT ( 'NONE',  ( 0.06249999999999995100, -0.09200000000000001200, -0.1725000000000000100 ) ) ;
#2550 = SURFACE_STYLE_USAGE ( .BOTH. , #2452 ) ;
#2551 = MECHANICAL_DESIGN_GEOMETRIC_PRESENTATION_REPRESENTATION (  '', ( #2454 ), #2459 ) ;
#2552 =( CONVERSION_BASED_UNIT ( 'INCH', #2455 ) LENGTH_UNIT ( ) NAMED_UNIT ( #2456 ) );
#2553 = SURFACE_STYLE_FILL_AREA ( #2496 ) ;
#2554 = LENGTH_MEASURE_WITH_UNIT ( LENGTH_MEASURE( 0.02539999999999999900 ), #2556 );
#2555 = DIMENSIONAL_EXPONENTS ( 1.000000000000000000, 0.0000000000000000000, 0.0000000000000000000, 0.0000000000000000000, 0.0000000000000000000, 0.0000000000000000000, 0.0000000000000000000 ) ;
#2556 =( LENGTH_UNIT ( ) NAMED_UNIT ( * ) SI_UNIT ( $, .METRE. ) );
#2557 = MECHANICAL_DESIGN_GEOMETRIC_PRESENTATION_REPRESENTATION (  '', ( #2429 ), #2567 ) ;
#2558 = DIRECTION ( 'NONE',  ( -0.09950371902099873500, 0.9950371902099891500, 0.0000000000000000000 ) ) ;
#2559 = DIRECTION ( 'NONE',  ( 0.9950371902099891500, 0.09950371902099873500, 0.0000000000000000000 ) ) ;
#2560 = CARTESIAN_POINT ( 'NONE',  ( -0.01700000000000006000, -0.2620000000000000100, -0.1725000000000000100 ) ) ;
#2561 = AXIS2_PLACEMENT_3D ( 'NONE', #2560, #2559, #2558 ) ;
#2562 =( LENGTH_UNIT ( ) NAMED_UNIT ( * ) SI_UNIT ( $, .METRE. ) );
#2563 = LINE ( 'NONE', #2464, #2463 ) ;
#2564 = DIRECTION ( 'NONE',  ( -0.09950371902099909600, -0.9950371902099890400, -0.0000000000000000000 ) ) ;
#2565 = VECTOR ( 'NONE', #2564, 39.37007874015748900 ) ;
#2566 = PLANE ( 'NONE',  #2517 ) ;
#2567 =( GEOMETRIC_REPRESENTATION_CONTEXT ( 3 ) GLOBAL_UNCERTAINTY_ASSIGNED_CONTEXT ( ( #2467 ) ) GLOBAL_UNIT_ASSIGNED_CONTEXT ( ( #2470, #2469, #2468 ) ) REPRESENTATION_CONTEXT ( 'NONE', 'WORKASPACE' ) );
#2568 = CARTESIAN_POINT ( 'NONE',  ( 0.02499999999999994200, -0.1820000000000000000, 0.6280000000000000000 ) ) ;
#2569 = CARTESIAN_POINT ( 'NONE',  ( 0.01699999999999992500, -0.2620000000000000100, 0.6280000000000000000 ) ) ;
#2570 = LINE ( 'NONE', #2568, #2572 ) ;
#2571 = DIRECTION ( 'NONE',  ( 3.319954158966986400E-016, 1.000000000000000000, 0.0000000000000000000 ) ) ;
#2572 = VECTOR ( 'NONE', #2571, 39.37007874015748100 ) ;
#2573 = SURFACE_STYLE_FILL_AREA ( #2574 ) ;
#2574 = FILL_AREA_STYLE ('',( #2575 ) ) ;
#2575 = FILL_AREA_STYLE_COLOUR ( '', #2576 ) ;
#2576 = COLOUR_RGB ( '',0.9882352941176471000, 1.000000000000000000, 0.9882352941176471000 ) ;
#2577 = FACE_OUTER_BOUND ( 'NONE', #357, .T. ) ;
#2578 = CARTESIAN_POINT ( 'NONE',  ( 0.06249999999999995100, -0.08199999999999971200, 0.6280000000000000000 ) ) ;
#2579 = CARTESIAN_POINT ( 'NONE',  ( -0.06250000000000001400, -0.08199999999999999000, 0.6280000000000000000 ) ) ;
#2580 = DIRECTION ( 'NONE',  ( -0.7071067811865477900, 0.7071067811865472400, -0.0000000000000000000 ) ) ;
#2581 = VECTOR ( 'NONE', #2580, 39.37007874015748100 ) ;
#2582 = CARTESIAN_POINT ( 'NONE',  ( -0.05250000000000011600, -0.09199999999999988700, 0.6280000000000000000 ) ) ;
#2583 = LINE ( 'NONE', #2582, #2581 ) ;
#2584 = DIRECTION ( 'NONE',  ( -2.330928322239133200E-016, -1.000000000000000000, -0.0000000000000000000 ) ) ;
#2585 = VECTOR ( 'NONE', #2584, 39.37007874015748100 ) ;
#2586 = CARTESIAN_POINT ( 'NONE',  ( -0.06250000000000001400, -0.09199999999999988700, 0.6280000000000000000 ) ) ;
#2587 = LINE ( 'NONE', #2586, #2585 ) ;
#2588 = DIRECTION ( 'NONE',  ( 0.0000000000000000000, 1.000000000000000000, 0.0000000000000000000 ) ) ;
#2589 = VECTOR ( 'NONE', #2588, 39.37007874015748100 ) ;
#2590 = CARTESIAN_POINT ( 'NONE',  ( 0.06249999999999995100, -0.09200000000000001200, 0.6280000000000000000 ) ) ;
#2591 = LINE ( 'NONE', #2590, #2589 ) ;
#2592 = CARTESIAN_POINT ( 'NONE',  ( -0.02500000000000004600, -0.1819999999999997200, 0.6280000000000000000 ) ) ;
#2593 = DIRECTION ( 'NONE',  ( 0.09950371902099891500, -0.9950371902099891500, -0.0000000000000000000 ) ) ;
#2594 = VECTOR ( 'NONE', #2593, 39.37007874015748100 ) ;
#2595 = CARTESIAN_POINT ( 'NONE',  ( -0.01700000000000004300, -0.2619999999999997300, 0.6280000000000000000 ) ) ;
#2596 = DIRECTION ( 'NONE',  ( 1.000000000000000000, 0.0000000000000000000, 0.0000000000000000000 ) ) ;
#2597 = DIRECTION ( 'NONE',  ( 0.0000000000000000000, 0.0000000000000000000, 1.000000000000000000 ) ) ;
#2598 = CARTESIAN_POINT ( 'NONE',  ( -5.916451816734643200E-017, -0.2620000000000000100, 0.6280000000000000000 ) ) ;
#2599 = AXIS2_PLACEMENT_3D ( 'NONE', #2598, #2597, #2596 ) ;
#2600 = CIRCLE ( 'NONE', #2599, 0.01699999999999998400 ) ;
#2601 = LINE ( 'NONE', #2595, #2594 ) ;
#2602 = CARTESIAN_POINT ( 'NONE',  ( 0.05249999999999968600, -0.09200000000000001200, -0.1525000000000000000 ) ) ;
#2603 = LINE ( 'NONE', #2602, #2277 ) ;
#2604 = CARTESIAN_POINT ( 'NONE',  ( 0.2119352091872752100, 0.07500000000000001100, 0.03521771324434502100 ) ) ;
#2605 = CARTESIAN_POINT ( 'NONE',  ( 0.05249999999999971400, -0.09200000000000001200, -0.1725000000000000100 ) ) ;
#2606 = DIRECTION ( 'NONE',  ( -0.09950371902099873500, 0.9950371902099891500, 0.0000000000000000000 ) ) ;
#2607 = VECTOR ( 'NONE', #2606, 39.37007874015748100 ) ;
#2608 = CARTESIAN_POINT ( 'NONE',  ( -0.01700000000000006000, -0.2620000000000000100, -0.1725000000000000100 ) ) ;
#2609 = LINE ( 'NONE', #2608, #2607 ) ;
#2610 = CARTESIAN_POINT ( 'NONE',  ( -0.02500000000000005000, -0.09199999999999999800, -0.1525000000000000000 ) ) ;
#2611 = CARTESIAN_POINT ( 'NONE',  ( -0.05249999999999983200, -0.09199999999999999800, -0.1525000000000000000 ) ) ;
#2612 = DIRECTION ( 'NONE',  ( -1.000000000000000000, 0.0000000000000000000, 0.0000000000000000000 ) ) ;
#2613 = VECTOR ( 'NONE', #2612, 39.37007874015748100 ) ;
#2614 = CARTESIAN_POINT ( 'NONE',  ( -0.02500000000000005000, -0.09199999999999999800, -0.1525000000000000000 ) ) ;
#2615 = LINE ( 'NONE', #2614, #2613 ) ;
#2616 = CARTESIAN_POINT ( 'NONE',  ( -0.01700000000000006000, -0.2620000000000000100, -0.1525000000000000000 ) ) ;
#2617 = DIRECTION ( 'NONE',  ( -0.09950371902099873500, 0.9950371902099891500, 0.0000000000000000000 ) ) ;
#2618 = VECTOR ( 'NONE', #2617, 39.37007874015748100 ) ;
#2619 = CARTESIAN_POINT ( 'NONE',  ( -0.01700000000000006000, -0.2620000000000000100, -0.1525000000000000000 ) ) ;
#2620 = LINE ( 'NONE', #2619, #2618 ) ;
#2621 = DIRECTION ( 'NONE',  ( -4.742791655667123600E-017, 1.000000000000000000, 0.0000000000000000000 ) ) ;
#2622 = VECTOR ( 'NONE', #2621, 39.37007874015748100 ) ;
#2623 = CARTESIAN_POINT ( 'NONE',  ( -0.02500000000000004600, -0.1820000000000000000, -0.1525000000000000000 ) ) ;
#2624 = LINE ( 'NONE', #2623, #2622 ) ;
#2625 = CARTESIAN_POINT ( 'NONE',  ( -0.02500000000000004600, -0.1820000000000000000, -0.1525000000000000000 ) ) ;
#2626 = DIRECTION ( 'NONE',  ( 0.7071067811865523500, -0.7071067811865426900, -0.0000000000000000000 ) ) ;
#2627 = VECTOR ( 'NONE', #2626, 39.37007874015748100 ) ;
#2628 = CARTESIAN_POINT ( 'NONE',  ( -0.06250000000000000000, -0.08199999999999997600, -0.1525000000000000000 ) ) ;
#2629 = LINE ( 'NONE', #2628, #2627 ) ;
#2630 = DIRECTION ( 'NONE',  ( -1.000000000000000000, 0.0000000000000000000, 0.0000000000000000000 ) ) ;
#2631 = DIRECTION ( 'NONE',  ( 0.0000000000000000000, 0.0000000000000000000, -1.000000000000000000 ) ) ;
#2632 = CARTESIAN_POINT ( 'NONE',  ( -5.916451816734643200E-017, -0.2620000000000000100, -0.1525000000000000000 ) ) ;
#2633 = AXIS2_PLACEMENT_3D ( 'NONE', #2632, #2631, #2630 ) ;
#2634 = DIRECTION ( 'NONE',  ( 1.000000000000000000, 4.553079989440442600E-016, -0.0000000000000000000 ) ) ;
#2635 = VECTOR ( 'NONE', #2634, 39.37007874015748100 ) ;
#2636 = CARTESIAN_POINT ( 'NONE',  ( -0.02500000000000005000, -0.09199999999999986000, 0.6280000000000000000 ) ) ;
#2637 = LINE ( 'NONE', #2636, #2635 ) ;
#2638 = FILL_AREA_STYLE_COLOUR ( '', #2683 ) ;
#2639 = CARTESIAN_POINT ( 'NONE',  ( -0.02500000000000005000, -0.09199999999999986000, 0.6280000000000000000 ) ) ;
#2640 = DIRECTION ( 'NONE',  ( 1.000000000000000000, 0.0000000000000000000, -0.0000000000000000000 ) ) ;
#2641 = DIRECTION ( 'NONE',  ( 0.0000000000000000000, 0.0000000000000000000, 1.000000000000000000 ) ) ;
#2642 = CARTESIAN_POINT ( 'NONE',  ( -5.916451816734643200E-017, -0.2620000000000000100, 0.6280000000000000000 ) ) ;
#2643 = AXIS2_PLACEMENT_3D ( 'NONE', #2642, #2641, #2640 ) ;
#2644 = PLANE ( 'NONE',  #2643 ) ;
#2645 =( GEOMETRIC_REPRESENTATION_CONTEXT ( 3 ) GLOBAL_UNCERTAINTY_ASSIGNED_CONTEXT ( ( #2646 ) ) GLOBAL_UNIT_ASSIGNED_CONTEXT ( ( #2649, #2648, #2647 ) ) REPRESENTATION_CONTEXT ( 'NONE', 'WORKASPACE' ) );
#2646 = UNCERTAINTY_MEASURE_WITH_UNIT (LENGTH_MEASURE( 1.000000000000000100E-005 ), #2649, 'distance_accuracy_value', 'NONE');
#2647 =( NAMED_UNIT ( * ) SI_UNIT ( $, .STERADIAN. ) SOLID_ANGLE_UNIT ( ) );
#2648 =( NAMED_UNIT ( * ) PLANE_ANGLE_UNIT ( ) SI_UNIT ( $, .RADIAN. ) );
#2649 =( CONVERSION_BASED_UNIT ( 'INCH', #2650 ) LENGTH_UNIT ( ) NAMED_UNIT ( #2651 ) );
#2650 = LENGTH_MEASURE_WITH_UNIT ( LENGTH_MEASURE( 0.02539999999999999900 ), #2652 );
#2651 = DIMENSIONAL_EXPONENTS ( 1.000000000000000000, 0.0000000000000000000, 0.0000000000000000000, 0.0000000000000000000, 0.0000000000000000000, 0.0000000000000000000, 0.0000000000000000000 ) ;
#2652 =( LENGTH_UNIT ( ) NAMED_UNIT ( * ) SI_UNIT ( $, .METRE. ) );
#2653 = MECHANICAL_DESIGN_GEOMETRIC_PRESENTATION_REPRESENTATION (  '', ( #2655 ), #2645 ) ;
#2654 = PRESENTATION_LAYER_ASSIGNMENT (  '', '', ( #2655 ) ) ;
#2655 = STYLED_ITEM ( 'NONE', ( #2656 ), #352 ) ;
#2656 = PRESENTATION_STYLE_ASSIGNMENT (( #2657 ) ) ;
#2657 = SURFACE_STYLE_USAGE ( .BOTH. , #2658 ) ;
#2658 = SURFACE_SIDE_STYLE ('',( #2573 ) ) ;
#2659 = FILL_AREA_STYLE_COLOUR ( '', #2664 ) ;
#2660 = DIRECTION ( 'NONE',  ( 0.0000000000000000000, -0.0000000000000000000, 1.000000000000000000 ) ) ;
#2661 = DIRECTION ( 'NONE',  ( 0.0000000000000000000, 1.000000000000000000, 0.0000000000000000000 ) ) ;
#2662 = CARTESIAN_POINT ( 'NONE',  ( -0.02500000000000005000, -0.09199999999999999800, -0.1725000000000000100 ) ) ;
#2663 = AXIS2_PLACEMENT_3D ( 'NONE', #2662, #2661, #2660 ) ;
#2664 = COLOUR_RGB ( '',0.9882352941176471000, 1.000000000000000000, 0.9882352941176471000 ) ;
#2665 = FACE_OUTER_BOUND ( 'NONE', #367, .T. ) ;
#2666 = PLANE ( 'NONE',  #2663 ) ;
#2667 =( GEOMETRIC_REPRESENTATION_CONTEXT ( 3 ) GLOBAL_UNCERTAINTY_ASSIGNED_CONTEXT ( ( #2668 ) ) GLOBAL_UNIT_ASSIGNED_CONTEXT ( ( #2671, #2670, #2669 ) ) REPRESENTATION_CONTEXT ( 'NONE', 'WORKASPACE' ) );
#2668 = UNCERTAINTY_MEASURE_WITH_UNIT (LENGTH_MEASURE( 1.000000000000000100E-005 ), #2671, 'distance_accuracy_value', 'NONE');
#2669 =( NAMED_UNIT ( * ) SI_UNIT ( $, .STERADIAN. ) SOLID_ANGLE_UNIT ( ) );
#2670 =( NAMED_UNIT ( * ) PLANE_ANGLE_UNIT ( ) SI_UNIT ( $, .RADIAN. ) );
#2671 =( CONVERSION_BASED_UNIT ( 'INCH', #2672 ) LENGTH_UNIT ( ) NAMED_UNIT ( #2673 ) );
#2672 = LENGTH_MEASURE_WITH_UNIT ( LENGTH_MEASURE( 0.02539999999999999900 ), #2674 );
#2673 = DIMENSIONAL_EXPONENTS ( 1.000000000000000000, 0.0000000000000000000, 0.0000000000000000000, 0.0000000000000000000, 0.0000000000000000000, 0.0000000000000000000, 0.0000000000000000000 ) ;
#2674 =( LENGTH_UNIT ( ) NAMED_UNIT ( * ) SI_UNIT ( $, .METRE. ) );
#2675 = MECHANICAL_DESIGN_GEOMETRIC_PRESENTATION_REPRESENTATION (  '', ( #2677 ), #2667 ) ;
#2676 = PRESENTATION_LAYER_ASSIGNMENT (  '', '', ( #2677 ) ) ;
#2677 = STYLED_ITEM ( 'NONE', ( #2678 ), #363 ) ;
#2678 = PRESENTATION_STYLE_ASSIGNMENT (( #2679 ) ) ;
#2679 = SURFACE_STYLE_USAGE ( .BOTH. , #2680 ) ;
#2680 = SURFACE_SIDE_STYLE ('',( #2681 ) ) ;
#2681 = SURFACE_STYLE_FILL_AREA ( #2682 ) ;
#2682 = FILL_AREA_STYLE ('',( #2638 ) ) ;
#2683 = COLOUR_RGB ( '',0.9882352941176471000, 1.000000000000000000, 0.9882352941176471000 ) ;
#2684 = FACE_OUTER_BOUND ( 'NONE', #368, .T. ) ;
#2685 = CARTESIAN_POINT ( 'NONE',  ( -0.05250000000000012300, -0.09199999999999988700, 0.6280000000000000000 ) ) ;
#2686 = FILL_AREA_STYLE_COLOUR ( '', #2735 ) ;
#2687 = DIRECTION ( 'NONE',  ( -0.0000000000000000000, -0.0000000000000000000, 1.000000000000000000 ) ) ;
#2688 = VECTOR ( 'NONE', #2687, 39.37007874015748100 ) ;
#2689 = CARTESIAN_POINT ( 'NONE',  ( -0.02500000000000005000, -0.09199999999999999800, -0.1725000000000000100 ) ) ;
#2690 = LINE ( 'NONE', #2689, #2688 ) ;
#2691 = DIRECTION ( 'NONE',  ( -0.09950371902099909600, -0.9950371902099890400, 0.0000000000000000000 ) ) ;
#2692 = DIRECTION ( 'NONE',  ( -0.9950371902099891500, 0.09950371902099911000, 0.0000000000000000000 ) ) ;
#2693 = CARTESIAN_POINT ( 'NONE',  ( 0.01699999999999992800, -0.2620000000000000100, -0.1725000000000000100 ) ) ;
#2694 = AXIS2_PLACEMENT_3D ( 'NONE', #2693, #2692, #2691 ) ;
#2695 = PLANE ( 'NONE',  #2694 ) ;
#2696 =( GEOMETRIC_REPRESENTATION_CONTEXT ( 3 ) GLOBAL_UNCERTAINTY_ASSIGNED_CONTEXT ( ( #2697 ) ) GLOBAL_UNIT_ASSIGNED_CONTEXT ( ( #2700, #2699, #2698 ) ) REPRESENTATION_CONTEXT ( 'NONE', 'WORKASPACE' ) );
#2697 = UNCERTAINTY_MEASURE_WITH_UNIT (LENGTH_MEASURE( 1.000000000000000100E-005 ), #2700, 'distance_accuracy_value', 'NONE');
#2698 =( NAMED_UNIT ( * ) SI_UNIT ( $, .STERADIAN. ) SOLID_ANGLE_UNIT ( ) );
#2699 =( NAMED_UNIT ( * ) PLANE_ANGLE_UNIT ( ) SI_UNIT ( $, .RADIAN. ) );
#2700 =( CONVERSION_BASED_UNIT ( 'INCH', #2701 ) LENGTH_UNIT ( ) NAMED_UNIT ( #2702 ) );
#2701 = LENGTH_MEASURE_WITH_UNIT ( LENGTH_MEASURE( 0.02539999999999999900 ), #2703 );
#2702 = DIMENSIONAL_EXPONENTS ( 1.000000000000000000, 0.0000000000000000000, 0.0000000000000000000, 0.0000000000000000000, 0.0000000000000000000, 0.0000000000000000000, 0.0000000000000000000 ) ;
#2703 =( LENGTH_UNIT ( ) NAMED_UNIT ( * ) SI_UNIT ( $, .METRE. ) );
#2704 = MECHANICAL_DESIGN_GEOMETRIC_PRESENTATION_REPRESENTATION (  '', ( #2706 ), #2696 ) ;
#2705 = PRESENTATION_LAYER_ASSIGNMENT (  '', '', ( #2706 ) ) ;
#2706 = STYLED_ITEM ( 'NONE', ( #2707 ), #370 ) ;
#2707 = PRESENTATION_STYLE_ASSIGNMENT (( #2708 ) ) ;
#2708 = SURFACE_STYLE_USAGE ( .BOTH. , #2709 ) ;
#2709 = SURFACE_SIDE_STYLE ('',( #2710 ) ) ;
#2710 = SURFACE_STYLE_FILL_AREA ( #2711 ) ;
#2711 = FILL_AREA_STYLE ('',( #2659 ) ) ;
#2712 = CIRCLE ( 'NONE', #2633, 0.01699999999999999400 ) ;
#2713 = CARTESIAN_POINT ( 'NONE',  ( 0.01699999999999992800, -0.2620000000000000100, -0.1525000000000000000 ) ) ;
#2714 = DIRECTION ( 'NONE',  ( -4.742791655667123600E-017, 1.000000000000000000, 0.0000000000000000000 ) ) ;
#2715 = DIRECTION ( 'NONE',  ( 1.000000000000000000, 4.742791655667123600E-017, 0.0000000000000000000 ) ) ;
#2716 = CARTESIAN_POINT ( 'NONE',  ( -0.02500000000000004600, -0.1820000000000000000, -0.1725000000000000100 ) ) ;
#2717 = AXIS2_PLACEMENT_3D ( 'NONE', #2716, #2715, #2714 ) ;
#2718 = PLANE ( 'NONE',  #2717 ) ;
#2719 =( GEOMETRIC_REPRESENTATION_CONTEXT ( 3 ) GLOBAL_UNCERTAINTY_ASSIGNED_CONTEXT ( ( #2720 ) ) GLOBAL_UNIT_ASSIGNED_CONTEXT ( ( #2723, #2722, #2721 ) ) REPRESENTATION_CONTEXT ( 'NONE', 'WORKASPACE' ) );
#2720 = UNCERTAINTY_MEASURE_WITH_UNIT (LENGTH_MEASURE( 1.000000000000000100E-005 ), #2723, 'distance_accuracy_value', 'NONE');
#2721 =( NAMED_UNIT ( * ) SI_UNIT ( $, .STERADIAN. ) SOLID_ANGLE_UNIT ( ) );
#2722 =( NAMED_UNIT ( * ) PLANE_ANGLE_UNIT ( ) SI_UNIT ( $, .RADIAN. ) );
#2723 =( CONVERSION_BASED_UNIT ( 'INCH', #2724 ) LENGTH_UNIT ( ) NAMED_UNIT ( #2725 ) );
#2724 = LENGTH_MEASURE_WITH_UNIT ( LENGTH_MEASURE( 0.02539999999999999900 ), #2726 );
#2725 = DIMENSIONAL_EXPONENTS ( 1.000000000000000000, 0.0000000000000000000, 0.0000000000000000000, 0.0000000000000000000, 0.0000000000000000000, 0.0000000000000000000, 0.0000000000000000000 ) ;
#2726 =( LENGTH_UNIT ( ) NAMED_UNIT ( * ) SI_UNIT ( $, .METRE. ) );
#2727 = MECHANICAL_DESIGN_GEOMETRIC_PRESENTATION_REPRESENTATION (  '', ( #2729 ), #2719 ) ;
#2728 = PRESENTATION_LAYER_ASSIGNMENT (  '', '', ( #2729 ) ) ;
#2729 = STYLED_ITEM ( 'NONE', ( #2730 ), #376 ) ;
#2730 = PRESENTATION_STYLE_ASSIGNMENT (( #2731 ) ) ;
#2731 = SURFACE_STYLE_USAGE ( .BOTH. , #2732 ) ;
#2732 = SURFACE_SIDE_STYLE ('',( #2733 ) ) ;
#2733 = SURFACE_STYLE_FILL_AREA ( #2734 ) ;
#2734 = FILL_AREA_STYLE ('',( #2686 ) ) ;
#2735 = COLOUR_RGB ( '',0.9882352941176471000, 1.000000000000000000, 0.9882352941176471000 ) ;
#2736 = FACE_OUTER_BOUND ( 'NONE', #380, .T. ) ;
#2737 = UNCERTAINTY_MEASURE_WITH_UNIT (LENGTH_MEASURE( 1.000000000000000100E-005 ), #2740, 'distance_accuracy_value', 'NONE');
#2738 =( NAMED_UNIT ( * ) SI_UNIT ( $, .STERADIAN. ) SOLID_ANGLE_UNIT ( ) );
#2739 =( NAMED_UNIT ( * ) PLANE_ANGLE_UNIT ( ) SI_UNIT ( $, .RADIAN. ) );
#2740 =( CONVERSION_BASED_UNIT ( 'INCH', #2741 ) LENGTH_UNIT ( ) NAMED_UNIT ( #2742 ) );
#2741 = LENGTH_MEASURE_WITH_UNIT ( LENGTH_MEASURE( 0.02539999999999999900 ), #2743 );
#2742 = DIMENSIONAL_EXPONENTS ( 1.000000000000000000, 0.0000000000000000000, 0.0000000000000000000, 0.0000000000000000000, 0.0000000000000000000, 0.0000000000000000000, 0.0000000000000000000 ) ;
#2743 =( LENGTH_UNIT ( ) NAMED_UNIT ( * ) SI_UNIT ( $, .METRE. ) );
#2744 = VECTOR ( 'NONE', #2899, 39.37007874015748100 ) ;
#2745 = CARTESIAN_POINT ( 'NONE',  ( -0.02500000000000004600, -0.1820000000000000000, -0.1725000000000000100 ) ) ;
#2746 = LINE ( 'NONE', #2745, #2744 ) ;
#2747 = CARTESIAN_POINT ( 'NONE',  ( 0.02499999999999997400, -0.09199999999999999800, 0.6480000000000000200 ) ) ;
#2748 = AXIS2_PLACEMENT_3D ( 'NONE', #2747, #2868, #2867 ) ;
#2749 = COLOUR_RGB ( '',0.9882352941176471000, 1.000000000000000000, 0.9882352941176471000 ) ;
#2750 = FACE_OUTER_BOUND ( 'NONE', #547, .T. ) ;
#2751 = PLANE ( 'NONE',  #2748 ) ;
#2752 = FILL_AREA_STYLE_COLOUR ( '', #2848 ) ;
#2753 = CARTESIAN_POINT ( 'NONE',  ( -0.01700000000000004300, -0.2619999999999997300, 0.6480000000000000200 ) ) ;
#2754 = CARTESIAN_POINT ( 'NONE',  ( 0.01699999999999992500, -0.2620000000000000100, 0.6480000000000000200 ) ) ;
#2755 = DIRECTION ( 'NONE',  ( -0.0000000000000000000, -0.0000000000000000000, -1.000000000000000000 ) ) ;
#2756 = VECTOR ( 'NONE', #2755, 39.37007874015748100 ) ;
#2757 = CARTESIAN_POINT ( 'NONE',  ( 0.01699999999999992500, -0.2620000000000000100, 0.6480000000000000200 ) ) ;
#2758 = LINE ( 'NONE', #2757, #2756 ) ;
#2759 = DIRECTION ( 'NONE',  ( -0.0000000000000000000, -0.0000000000000000000, -1.000000000000000000 ) ) ;
#2760 = VECTOR ( 'NONE', #2759, 39.37007874015748100 ) ;
#2761 = CARTESIAN_POINT ( 'NONE',  ( -0.01700000000000004300, -0.2619999999999997300, 0.6480000000000000200 ) ) ;
#2762 = LINE ( 'NONE', #2773, #2772 ) ;
#2763 = UNCERTAINTY_MEASURE_WITH_UNIT (LENGTH_MEASURE( 1.000000000000000100E-005 ), #2766, 'distance_accuracy_value', 'NONE');
#2764 =( NAMED_UNIT ( * ) SI_UNIT ( $, .STERADIAN. ) SOLID_ANGLE_UNIT ( ) );
#2765 =( NAMED_UNIT ( * ) PLANE_ANGLE_UNIT ( ) SI_UNIT ( $, .RADIAN. ) );
#2766 =( CONVERSION_BASED_UNIT ( 'INCH', #2767 ) LENGTH_UNIT ( ) NAMED_UNIT ( #2768 ) );
#2767 = LENGTH_MEASURE_WITH_UNIT ( LENGTH_MEASURE( 0.02539999999999999900 ), #2839 );
#2768 = DIMENSIONAL_EXPONENTS ( 1.000000000000000000, 0.0000000000000000000, 0.0000000000000000000, 0.0000000000000000000, 0.0000000000000000000, 0.0000000000000000000, 0.0000000000000000000 ) ;
#2769 = CARTESIAN_POINT ( 'NONE',  ( 0.02499999999999997400, -0.09199999999999999800, -0.1525000000000000000 ) ) ;
#2770 = LINE ( 'NONE', #2769, #2876 ) ;
#2771 = DIRECTION ( 'NONE',  ( -0.09950371902099909600, -0.9950371902099890400, -0.0000000000000000000 ) ) ;
#2772 = VECTOR ( 'NONE', #2771, 39.37007874015748900 ) ;
#2773 = CARTESIAN_POINT ( 'NONE',  ( 0.01699999999999992800, -0.2620000000000000100, -0.1725000000000000100 ) ) ;
#2774 = CARTESIAN_POINT ( 'NONE',  ( -0.02500000000000004600, -0.1820000000000000000, -0.1725000000000000100 ) ) ;
#2775 = CARTESIAN_POINT ( 'NONE',  ( 0.02499999999999997400, -0.09199999999999999800, -0.1725000000000000100 ) ) ;
#2776 = DIRECTION ( 'NONE',  ( -1.000000000000000000, 4.553079989440441700E-016, -0.0000000000000000000 ) ) ;
#2777 = VECTOR ( 'NONE', #2776, 39.37007874015748100 ) ;
#2778 = CARTESIAN_POINT ( 'NONE',  ( -5.916451816734643200E-017, -0.2620000000000000100, -0.1725000000000000100 ) ) ;
#2779 = LINE ( 'NONE', #2761, #2760 ) ;
#2780 = DIRECTION ( 'NONE',  ( -0.0000000000000000000, -0.0000000000000000000, -1.000000000000000000 ) ) ;
#2781 = VECTOR ( 'NONE', #2780, 39.37007874015748100 ) ;
#2782 = CARTESIAN_POINT ( 'NONE',  ( 0.02499999999999994200, -0.1820000000000000000, 0.6480000000000000200 ) ) ;
#2783 = LINE ( 'NONE', #2782, #2781 ) ;
#2784 = DIRECTION ( 'NONE',  ( -3.319954158966986900E-016, -1.000000000000000000, 0.0000000000000000000 ) ) ;
#2785 = DIRECTION ( 'NONE',  ( -1.000000000000000000, 3.319954158966986900E-016, 0.0000000000000000000 ) ) ;
#2786 = CARTESIAN_POINT ( 'NONE',  ( 0.02499999999999994200, -0.1820000000000000000, 0.6480000000000000200 ) ) ;
#2787 = AXIS2_PLACEMENT_3D ( 'NONE', #2786, #2785, #2784 ) ;
#2788 = PLANE ( 'NONE',  #2787 ) ;
#2789 =( GEOMETRIC_REPRESENTATION_CONTEXT ( 3 ) GLOBAL_UNCERTAINTY_ASSIGNED_CONTEXT ( ( #2790 ) ) GLOBAL_UNIT_ASSIGNED_CONTEXT ( ( #2900, #2792, #2791 ) ) REPRESENTATION_CONTEXT ( 'NONE', 'WORKASPACE' ) );
#2790 = UNCERTAINTY_MEASURE_WITH_UNIT (LENGTH_MEASURE( 1.000000000000000100E-005 ), #2900, 'distance_accuracy_value', 'NONE');
#2791 =( NAMED_UNIT ( * ) SI_UNIT ( $, .STERADIAN. ) SOLID_ANGLE_UNIT ( ) );
#2792 =( NAMED_UNIT ( * ) PLANE_ANGLE_UNIT ( ) SI_UNIT ( $, .RADIAN. ) );
#2793 =( NAMED_UNIT ( * ) SI_UNIT ( $, .STERADIAN. ) SOLID_ANGLE_UNIT ( ) );
#2794 =( NAMED_UNIT ( * ) PLANE_ANGLE_UNIT ( ) SI_UNIT ( $, .RADIAN. ) );
#2795 =( CONVERSION_BASED_UNIT ( 'INCH', #2825 ) LENGTH_UNIT ( ) NAMED_UNIT ( #2826 ) );
#2796 = MECHANICAL_DESIGN_GEOMETRIC_PRESENTATION_REPRESENTATION (  '', ( #2798 ), #2820 ) ;
#2797 = PRESENTATION_LAYER_ASSIGNMENT (  '', '', ( #2798 ) ) ;
#2798 = STYLED_ITEM ( 'NONE', ( #2799 ), #434 ) ;
#2799 = PRESENTATION_STYLE_ASSIGNMENT (( #2800 ) ) ;
#2800 = SURFACE_STYLE_USAGE ( .BOTH. , #2801 ) ;
#2801 = SURFACE_SIDE_STYLE ('',( #2802 ) ) ;
#2802 = SURFACE_STYLE_FILL_AREA ( #2803 ) ;
#2803 = FILL_AREA_STYLE ('',( #2805 ) ) ;
#2804 = COLOUR_RGB ( '',0.9882352941176471000, 1.000000000000000000, 0.9882352941176471000 ) ;
#2805 = FILL_AREA_STYLE_COLOUR ( '', #2804 ) ;
#2806 = FACE_OUTER_BOUND ( 'NONE', #439, .T. ) ;
#2807 = CARTESIAN_POINT ( 'NONE',  ( 0.02499999999999994200, -0.1820000000000000000, 0.6480000000000000200 ) ) ;
#2808 = DIRECTION ( 'NONE',  ( 0.09950371902099912300, 0.9950371902099890400, 0.0000000000000000000 ) ) ;
#2809 = VECTOR ( 'NONE', #2808, 39.37007874015748900 ) ;
#2810 = CARTESIAN_POINT ( 'NONE',  ( 0.01699999999999992500, -0.2620000000000000100, 0.6480000000000000200 ) ) ;
#2811 = LINE ( 'NONE', #2810, #2809 ) ;
#2812 = VECTOR ( 'NONE', #2829, 39.37007874015748100 ) ;
#2813 = DIRECTION ( 'NONE',  ( -0.09950371902099912300, -0.9950371902099890400, 0.0000000000000000000 ) ) ;
#2814 = DIRECTION ( 'NONE',  ( -0.9950371902099891500, 0.09950371902099913700, 0.0000000000000000000 ) ) ;
#2815 = CARTESIAN_POINT ( 'NONE',  ( 0.01699999999999992500, -0.2620000000000000100, 0.6480000000000000200 ) ) ;
#2816 = AXIS2_PLACEMENT_3D ( 'NONE', #2815, #2814, #2813 ) ;
#2817 = COLOUR_RGB ( '',0.9882352941176471000, 1.000000000000000000, 0.9882352941176471000 ) ;
#2818 = FACE_OUTER_BOUND ( 'NONE', #111, .T. ) ;
#2819 = PLANE ( 'NONE',  #2816 ) ;
#2820 =( GEOMETRIC_REPRESENTATION_CONTEXT ( 3 ) GLOBAL_UNCERTAINTY_ASSIGNED_CONTEXT ( ( #2737 ) ) GLOBAL_UNIT_ASSIGNED_CONTEXT ( ( #2740, #2739, #2738 ) ) REPRESENTATION_CONTEXT ( 'NONE', 'WORKASPACE' ) );
#2821 =( GEOMETRIC_REPRESENTATION_CONTEXT ( 3 ) GLOBAL_UNCERTAINTY_ASSIGNED_CONTEXT ( ( #2822 ) ) GLOBAL_UNIT_ASSIGNED_CONTEXT ( ( #2913, #2890, #2889 ) ) REPRESENTATION_CONTEXT ( 'NONE', 'WORKASPACE' ) );
#2822 = UNCERTAINTY_MEASURE_WITH_UNIT (LENGTH_MEASURE( 1.000000000000000100E-005 ), #2913, 'distance_accuracy_value', 'NONE');
#2823 = CARTESIAN_POINT ( 'NONE',  ( 0.02499999999999994200, -0.1820000000000000000, -0.1725000000000000100 ) ) ;
#2824 = DIRECTION ( 'NONE',  ( -3.319954158966986400E-016, -1.000000000000000000, -0.0000000000000000000 ) ) ;
#2825 = LENGTH_MEASURE_WITH_UNIT ( LENGTH_MEASURE( 0.02539999999999999900 ), #2827 );
#2826 = DIMENSIONAL_EXPONENTS ( 1.000000000000000000, 0.0000000000000000000, 0.0000000000000000000, 0.0000000000000000000, 0.0000000000000000000, 0.0000000000000000000, 0.0000000000000000000 ) ;
#2827 =( LENGTH_UNIT ( ) NAMED_UNIT ( * ) SI_UNIT ( $, .METRE. ) );
#2828 = CIRCLE ( 'NONE', #2838, 0.01699999999999999400 ) ;
#2829 = DIRECTION ( 'NONE',  ( -0.0000000000000000000, -0.0000000000000000000, -1.000000000000000000 ) ) ;
#2830 = CARTESIAN_POINT ( 'NONE',  ( 0.02499999999999997400, -0.09199999999999999800, 0.6480000000000000200 ) ) ;
#2831 = LINE ( 'NONE', #2830, #2812 ) ;
#2832 = CARTESIAN_POINT ( 'NONE',  ( 0.02499999999999997400, -0.09199999999999999800, 0.6480000000000000200 ) ) ;
#2833 = CARTESIAN_POINT ( 'NONE',  ( 0.06249999999999997900, -0.08199999999999968400, 0.6480000000000000200 ) ) ;
#2834 = CARTESIAN_POINT ( 'NONE',  ( 0.05249999999999967900, -0.09199999999999999800, 0.6480000000000000200 ) ) ;
#2835 = DIRECTION ( 'NONE',  ( 3.319954158966986400E-016, 1.000000000000000000, 0.0000000000000000000 ) ) ;
#2836 = VECTOR ( 'NONE', #2835, 39.37007874015748100 ) ;
#2837 = CARTESIAN_POINT ( 'NONE',  ( 0.02499999999999994200, -0.1820000000000000000, 0.6480000000000000200 ) ) ;
#2838 = AXIS2_PLACEMENT_3D ( 'NONE', #2778, #2888, #2887 ) ;
#2839 =( LENGTH_UNIT ( ) NAMED_UNIT ( * ) SI_UNIT ( $, .METRE. ) );
#2840 = MECHANICAL_DESIGN_GEOMETRIC_PRESENTATION_REPRESENTATION (  '', ( #2842 ), #3129 ) ;
#2841 = PRESENTATION_LAYER_ASSIGNMENT (  '', '', ( #2842 ) ) ;
#2842 = STYLED_ITEM ( 'NONE', ( #2843 ), #449 ) ;
#2843 = PRESENTATION_STYLE_ASSIGNMENT (( #2844 ) ) ;
#2844 = SURFACE_STYLE_USAGE ( .BOTH. , #2845 ) ;
#2845 = SURFACE_SIDE_STYLE ('',( #2846 ) ) ;
#2846 = SURFACE_STYLE_FILL_AREA ( #2847 ) ;
#2847 = FILL_AREA_STYLE ('',( #2752 ) ) ;
#2848 = COLOUR_RGB ( '',0.9882352941176471000, 1.000000000000000000, 0.9882352941176471000 ) ;
#2849 = FACE_OUTER_BOUND ( 'NONE', #443, .T. ) ;
#2850 = DIRECTION ( 'NONE',  ( 4.742791655667130400E-017, -1.000000000000000000, -0.0000000000000000000 ) ) ;
#2851 = VECTOR ( 'NONE', #2850, 39.37007874015748100 ) ;
#2852 = CARTESIAN_POINT ( 'NONE',  ( -0.02500000000000004600, -0.1819999999999997200, 0.6280000000000000000 ) ) ;
#2853 = LINE ( 'NONE', #2852, #2851 ) ;
#2854 = CARTESIAN_POINT ( 'NONE',  ( 0.06249999999999995100, -0.09200000000000001200, 0.6480000000000000200 ) ) ;
#2855 = PLANE ( 'NONE',  #2896 ) ;
#2856 =( GEOMETRIC_REPRESENTATION_CONTEXT ( 3 ) GLOBAL_UNCERTAINTY_ASSIGNED_CONTEXT ( ( #2857 ) ) GLOBAL_UNIT_ASSIGNED_CONTEXT ( ( #2795, #2794, #2793 ) ) REPRESENTATION_CONTEXT ( 'NONE', 'WORKASPACE' ) );
#2857 = UNCERTAINTY_MEASURE_WITH_UNIT (LENGTH_MEASURE( 1.000000000000000100E-005 ), #2795, 'distance_accuracy_value', 'NONE');
#2858 = MECHANICAL_DESIGN_GEOMETRIC_PRESENTATION_REPRESENTATION (  '', ( #2860 ), #2856 ) ;
#2859 = PRESENTATION_LAYER_ASSIGNMENT (  '', '', ( #2860 ) ) ;
#2860 = STYLED_ITEM ( 'NONE', ( #2861 ), #422 ) ;
#2861 = PRESENTATION_STYLE_ASSIGNMENT (( #2862 ) ) ;
#2862 = SURFACE_STYLE_USAGE ( .BOTH. , #2863 ) ;
#2863 = SURFACE_SIDE_STYLE ('',( #2864 ) ) ;
#2864 = SURFACE_STYLE_FILL_AREA ( #2865 ) ;
#2865 = FILL_AREA_STYLE ('',( #2866 ) ) ;
#2866 = FILL_AREA_STYLE_COLOUR ( '', #2749 ) ;
#2867 = DIRECTION ( 'NONE',  ( -1.000000000000000000, 4.553079989440441700E-016, 0.0000000000000000000 ) ) ;
#2868 = DIRECTION ( 'NONE',  ( 4.553079989440441700E-016, 1.000000000000000000, -0.0000000000000000000 ) ) ;
#2869 = SURFACE_STYLE_FILL_AREA ( #2870 ) ;
#2870 = FILL_AREA_STYLE ('',( #2871 ) ) ;
#2871 = FILL_AREA_STYLE_COLOUR ( '', #2872 ) ;
#2872 = COLOUR_RGB ( '',0.9882352941176471000, 1.000000000000000000, 0.9882352941176471000 ) ;
#2873 = FACE_OUTER_BOUND ( 'NONE', #546, .T. ) ;
#2874 = CARTESIAN_POINT ( 'NONE',  ( 0.02499999999999997400, -0.09199999999999999800, -0.1525000000000000000 ) ) ;
#2875 = DIRECTION ( 'NONE',  ( -1.000000000000000000, 4.553079989440441700E-016, -0.0000000000000000000 ) ) ;
#2876 = VECTOR ( 'NONE', #2875, 39.37007874015748100 ) ;
#2877 =( LENGTH_UNIT ( ) NAMED_UNIT ( * ) SI_UNIT ( $, .METRE. ) );
#2878 = MECHANICAL_DESIGN_GEOMETRIC_PRESENTATION_REPRESENTATION (  '', ( #2880 ), #2821 ) ;
#2879 = PRESENTATION_LAYER_ASSIGNMENT (  '', '', ( #2880 ) ) ;
#2880 = STYLED_ITEM ( 'NONE', ( #2881 ), #419 ) ;
#2881 = PRESENTATION_STYLE_ASSIGNMENT (( #2882 ) ) ;
#2882 = SURFACE_STYLE_USAGE ( .BOTH. , #2883 ) ;
#2883 = SURFACE_SIDE_STYLE ('',( #2869 ) ) ;
#2884 = LINE ( 'NONE', #2892, #2891 ) ;
#2885 = CARTESIAN_POINT ( 'NONE',  ( -0.02500000000000005000, -0.09199999999999999800, -0.1725000000000000100 ) ) ;
#2886 = CARTESIAN_POINT ( 'NONE',  ( -0.01700000000000006000, -0.2620000000000000100, -0.1725000000000000100 ) ) ;
#2887 = DIRECTION ( 'NONE',  ( -1.000000000000000000, 0.0000000000000000000, 0.0000000000000000000 ) ) ;
#2888 = DIRECTION ( 'NONE',  ( 0.0000000000000000000, 0.0000000000000000000, -1.000000000000000000 ) ) ;
#2889 =( NAMED_UNIT ( * ) SI_UNIT ( $, .STERADIAN. ) SOLID_ANGLE_UNIT ( ) );
#2890 =( NAMED_UNIT ( * ) PLANE_ANGLE_UNIT ( ) SI_UNIT ( $, .RADIAN. ) );
#2891 = VECTOR ( 'NONE', #2824, 39.37007874015748100 ) ;
#2892 = CARTESIAN_POINT ( 'NONE',  ( 0.02499999999999994200, -0.1820000000000000000, -0.1725000000000000100 ) ) ;
#2893 = LINE ( 'NONE', #2837, #2836 ) ;
#2894 = DIRECTION ( 'NONE',  ( 0.0000000000000000000, 0.0000000000000000000, 1.000000000000000000 ) ) ;
#2895 = DIRECTION ( 'NONE',  ( -1.000000000000000000, 0.0000000000000000000, 0.0000000000000000000 ) ) ;
#2896 = AXIS2_PLACEMENT_3D ( 'NONE', #2854, #2895, #2894 ) ;
#2897 = CARTESIAN_POINT ( 'NONE',  ( 0.02499999999999997400, -0.09199999999999999800, -0.1725000000000000100 ) ) ;
#2898 = LINE ( 'NONE', #2897, #2777 ) ;
#2899 = DIRECTION ( 'NONE',  ( -4.742791655667123600E-017, 1.000000000000000000, 0.0000000000000000000 ) ) ;
#2900 =( CONVERSION_BASED_UNIT ( 'INCH', #2901 ) LENGTH_UNIT ( ) NAMED_UNIT ( #2902 ) );
#2901 = LENGTH_MEASURE_WITH_UNIT ( LENGTH_MEASURE( 0.02539999999999999900 ), #2903 );
#2902 = DIMENSIONAL_EXPONENTS ( 1.000000000000000000, 0.0000000000000000000, 0.0000000000000000000, 0.0000000000000000000, 0.0000000000000000000, 0.0000000000000000000, 0.0000000000000000000 ) ;
#2903 =( LENGTH_UNIT ( ) NAMED_UNIT ( * ) SI_UNIT ( $, .METRE. ) );
#2904 = MECHANICAL_DESIGN_GEOMETRIC_PRESENTATION_REPRESENTATION (  '', ( #2906 ), #2789 ) ;
#2905 = PRESENTATION_LAYER_ASSIGNMENT (  '', '', ( #2906 ) ) ;
#2906 = STYLED_ITEM ( 'NONE', ( #2907 ), #435 ) ;
#2907 = PRESENTATION_STYLE_ASSIGNMENT (( #2908 ) ) ;
#2908 = SURFACE_STYLE_USAGE ( .BOTH. , #2909 ) ;
#2909 = SURFACE_SIDE_STYLE ('',( #2910 ) ) ;
#2910 = SURFACE_STYLE_FILL_AREA ( #2911 ) ;
#2911 = FILL_AREA_STYLE ('',( #2912 ) ) ;
#2912 = FILL_AREA_STYLE_COLOUR ( '', #2817 ) ;
#2913 =( CONVERSION_BASED_UNIT ( 'INCH', #2914 ) LENGTH_UNIT ( ) NAMED_UNIT ( #2915 ) );
#2914 = LENGTH_MEASURE_WITH_UNIT ( LENGTH_MEASURE( 0.02539999999999999900 ), #2877 );
#2915 = DIMENSIONAL_EXPONENTS ( 1.000000000000000000, 0.0000000000000000000, 0.0000000000000000000, 0.0000000000000000000, 0.0000000000000000000, 0.0000000000000000000, 0.0000000000000000000 ) ;
#2916 = CIRCLE ( 'NONE', #3100, 0.05100000000000002400 ) ;
#2917 = DIRECTION ( 'NONE',  ( -0.0000000000000000000, 1.000000000000000000, -0.0000000000000000000 ) ) ;
#2918 = VECTOR ( 'NONE', #2917, 39.37007874015748100 ) ;
#2919 = CARTESIAN_POINT ( 'NONE',  ( 0.3750000000000000600, -0.1000000000000000100, 0.03100000000000002400 ) ) ;
#2920 = LINE ( 'NONE', #2919, #2918 ) ;
#2921 = DIRECTION ( 'NONE',  ( 0.0000000000000000000, 0.0000000000000000000, 1.000000000000000000 ) ) ;
#2922 = DIRECTION ( 'NONE',  ( -0.0000000000000000000, -1.000000000000000000, -0.0000000000000000000 ) ) ;
#2923 = CARTESIAN_POINT ( 'NONE',  ( 0.3750000000000000600, -0.02000000000000000700, 0.0000000000000000000 ) ) ;
#2924 = AXIS2_PLACEMENT_3D ( 'NONE', #2923, #2922, #2921 ) ;
#2925 = CIRCLE ( 'NONE', #2924, 0.03100000000000002400 ) ;
#2926 = DIRECTION ( 'NONE',  ( 0.0000000000000000000, 0.0000000000000000000, 1.000000000000000000 ) ) ;
#2927 = DIRECTION ( 'NONE',  ( -0.0000000000000000000, 1.000000000000000000, -0.0000000000000000000 ) ) ;
#2928 = CARTESIAN_POINT ( 'NONE',  ( 0.3750000000000000600, -0.06900000000000000600, 0.0000000000000000000 ) ) ;
#2929 = AXIS2_PLACEMENT_3D ( 'NONE', #2928, #2927, #2926 ) ;
#2930 = CIRCLE ( 'NONE', #2929, 0.03100000000000002400 ) ;
#2931 = DIRECTION ( 'NONE',  ( 0.0000000000000000000, 0.0000000000000000000, 1.000000000000000000 ) ) ;
#2932 = DIRECTION ( 'NONE',  ( -0.0000000000000000000, 1.000000000000000000, -0.0000000000000000000 ) ) ;
#2933 = AXIS2_PLACEMENT_3D ( 'NONE', #2935, #2932, #2931 ) ;
#2934 = CARTESIAN_POINT ( 'NONE',  ( 0.3750000000000000600, -0.06900000000000000600, -0.03100000000000002400 ) ) ;
#2935 = CARTESIAN_POINT ( 'NONE',  ( 0.3750000000000000600, -0.1000000000000000100, 0.0000000000000000000 ) ) ;
#2936 = CYLINDRICAL_SURFACE ( 'NONE', #2933, 0.03100000000000002400 ) ;
#2937 = FACE_OUTER_BOUND ( 'NONE', #486, .T. ) ;
#2938 = DIRECTION ( 'NONE',  ( -0.0000000000000000000, 1.000000000000000000, -0.0000000000000000000 ) ) ;
#2939 = VECTOR ( 'NONE', #2938, 39.37007874015748100 ) ;
#2940 = CARTESIAN_POINT ( 'NONE',  ( 0.3750000000000000600, -0.1000000000000000100, -0.03100000000000002400 ) ) ;
#2941 = LINE ( 'NONE', #2940, #2939 ) ;
#2942 = DIRECTION ( 'NONE',  ( 0.0000000000000000000, 0.0000000000000000000, 1.000000000000000000 ) ) ;
#2943 = DIRECTION ( 'NONE',  ( -1.000000000000000000, 0.0000000000000000000, 0.0000000000000000000 ) ) ;
#2944 = CARTESIAN_POINT ( 'NONE',  ( 0.3750000000000000600, -0.02000000000000000700, 0.05100000000000002400 ) ) ;
#2945 = AXIS2_PLACEMENT_3D ( 'NONE', #2944, #2943, #2942 ) ;
#2946 = CARTESIAN_POINT ( 'NONE',  ( 0.2241206395965424600, 0.07500000000000001100, 0.03246732440942324400 ) ) ;
#2947 = CARTESIAN_POINT ( 'NONE',  ( 0.2248582170930369400, 0.07499999999999999700, 0.03244989692801970200 ) ) ;
#2948 = DIRECTION ( 'NONE',  ( 1.000000000000000000, 0.0000000000000000000, 0.0000000000000000000 ) ) ;
#2949 = VECTOR ( 'NONE', #2948, 39.37007874015748100 ) ;
#2950 = FACE_OUTER_BOUND ( 'NONE', #601, .T. ) ;
#2951 = CARTESIAN_POINT ( 'NONE',  ( -0.1875000000000015500, -4.268512490100411300E-018, 0.3757595264191634400 ) ) ;
#2952 = DIRECTION ( 'NONE',  ( 0.0000000000000000000, 0.0000000000000000000, 1.000000000000000000 ) ) ;
#2953 = DIRECTION ( 'NONE',  ( 0.0000000000000000000, 1.000000000000000000, 0.0000000000000000000 ) ) ;
#2954 = CARTESIAN_POINT ( 'NONE',  ( -0.1875000000000015500, 0.0000000000000000000, 0.3247595264191635000 ) ) ;
#2955 = AXIS2_PLACEMENT_3D ( 'NONE', #2954, #2953, #2952 ) ;
#2956 = CARTESIAN_POINT ( 'NONE',  ( 0.2161360738386387800, 0.07499999999999999700, 0.03365409679966664700 ) ) ;
#2957 = CARTESIAN_POINT ( 'NONE',  ( 0.2182857062290871300, 0.07500000000000001100, 0.03313888443172916700 ) ) ;
#2958 = CARTESIAN_POINT ( 'NONE',  ( 0.2204481620370872500, 0.07499999999999995600, 0.03272064057857127600 ) ) ;
#2959 = CARTESIAN_POINT ( 'NONE',  ( 0.2226474986822917200, 0.07500000000000002500, 0.03250213178357701900 ) ) ;
#2960 = CIRCLE ( 'NONE', #2955, 0.05099999999999994800 ) ;
#2961 = B_SPLINE_CURVE_WITH_KNOTS ( 'NONE', 3,
 ( #2947, #2946, #2959, #2958, #2957, #2956, #2545, #2604, #3246, #3247, #3175, #3344, #3165, #3164, #3163, #3166, #3230, #3372, #3374, #3373, #3231, #3216, #3333, #3332, #3331, #3341, #3340 ),
 .UNSPECIFIED., .F., .F.,
 ( 4, 1, 1, 1, 1, 1, 1, 1, 1, 1, 1, 1, 1, 1, 1, 1, 1, 1, 1, 1, 1, 1, 1, 1, 4 ),
 ( 0.0000000000000000000, 0.03899344646090452400, 0.07788041479331193900, 0.1166493024159087500, 0.1553440778236206700, 0.1946339249847586500, 0.2342763266573204600, 0.2745611885595862200, 0.3156805916222300600, 0.3570320364220081500, 0.3980941950926086800, 0.4391087510790839800, 0.4798433742437601100, 0.5212834238805891300, 0.5628493131539064100, 0.6052997225012710600, 0.6484154838095416200, 0.6917332756807533800, 0.7351540258205742100, 0.7783732266842977600, 0.8216643198087404400, 0.8655263091479362700, 0.9097332496255159400, 0.9545234475223318700, 0.9999999999999998900 ),
 .UNSPECIFIED. ) ;
#2962 = CARTESIAN_POINT ( 'NONE',  ( 0.2152748837597036100, 0.07499999999999999700, 0.07552682000494279100 ) ) ;
#2963 = CARTESIAN_POINT ( 'NONE',  ( 0.1975825760673959300, 0.07499999999999999700, 0.03507810205622483000 ) ) ;
#2964 = CARTESIAN_POINT ( 'NONE',  ( 0.1969677975861879000, 0.07499999999999998300, 0.03561665320155776200 ) ) ;
#2965 = CARTESIAN_POINT ( 'NONE',  ( 0.1957477059382046200, 0.07499999999999999700, 0.03668546379678464000 ) ) ;
#2966 = CARTESIAN_POINT ( 'NONE',  ( 0.1940295089155736900, 0.07499999999999998300, 0.03839170100975399700 ) ) ;
#2967 = CARTESIAN_POINT ( 'NONE',  ( 0.1924275907674653000, 0.07499999999999999700, 0.04016617972073424600 ) ) ;
#2968 = CARTESIAN_POINT ( 'NONE',  ( 0.1909468488207199700, 0.07499999999999998300, 0.04201883392588622700 ) ) ;
#2969 = CARTESIAN_POINT ( 'NONE',  ( 0.1895843152041457300, 0.07499999999999999700, 0.04393771769675600100 ) ) ;
#2970 = CARTESIAN_POINT ( 'NONE',  ( 0.1883501812441990300, 0.07500000000000001100, 0.04593282914214090500 ) ) ;
#2971 = CARTESIAN_POINT ( 'NONE',  ( 0.1872231037701900500, 0.07499999999999999700, 0.04799057810150354800 ) ) ;
#2972 = CARTESIAN_POINT ( 'NONE',  ( 0.1862088944749092100, 0.07499999999999999700, 0.05012233917082103300 ) ) ;
#2973 = CARTESIAN_POINT ( 'NONE',  ( 0.1853335647955181900, 0.07499999999999999700, 0.05233760741406327100 ) ) ;
#2974 = CARTESIAN_POINT ( 'NONE',  ( 0.1845639945247138900, 0.07500000000000001100, 0.05461627580372722900 ) ) ;
#2975 = CARTESIAN_POINT ( 'NONE',  ( 0.1838991552383208700, 0.07499999999999998300, 0.05696186631625189300 ) ) ;
#2976 = CARTESIAN_POINT ( 'NONE',  ( 0.2248582170930369400, 0.07499999999999999700, 0.03244989692801970200 ) ) ;
#2977 = DIRECTION ( 'NONE',  ( 0.0000000000000000000, 0.0000000000000000000, -1.000000000000000000 ) ) ;
#2978 = VECTOR ( 'NONE', #2977, 39.37007874015748100 ) ;
#2979 = CARTESIAN_POINT ( 'NONE',  ( 0.2152748837597036100, 0.07499999999999999700, 0.1021934866716094500 ) ) ;
#2980 = B_SPLINE_CURVE_WITH_KNOTS ( 'NONE', 3,
 ( #2988, #2987, #2986, #2985, #2984, #2983, #2975, #2974, #2973, #2972, #2971, #2970, #2969, #2968, #2967, #2966, #2965, #2964, #2963 ),
 .UNSPECIFIED., .F., .F.,
 ( 4, 1, 1, 1, 1, 1, 1, 1, 1, 1, 1, 1, 1, 1, 1, 1, 4 ),
 ( 0.0000000000000000000, 0.06923652370836581900, 0.1365567393230026100, 0.2020941572673308200, 0.2664642603660575300, 0.3297688228727742600, 0.3918789659214279600, 0.4532705931030384700, 0.5141146640704625800, 0.5743895103654869100, 0.6341416638513263100, 0.6939232874993249700, 0.7541521963073880600, 0.8144701641300349200, 0.8756606301311731200, 0.9373480106280021000, 1.000000000000000000 ),
 .UNSPECIFIED. ) ;
#2981 = LINE ( 'NONE', #2979, #2978 ) ;
#2982 = CARTESIAN_POINT ( 'NONE',  ( -0.006937693086198524000, 0.2261317882260202600, 0.5397279278679777400 ) ) ;
#2983 = CARTESIAN_POINT ( 'NONE',  ( 0.1833799631432934700, 0.07499999999999999700, 0.05938331413748046400 ) ) ;
#2984 = CARTESIAN_POINT ( 'NONE',  ( 0.1829560746066678000, 0.07499999999999998300, 0.06186852576925051100 ) ) ;
#2985 = CARTESIAN_POINT ( 'NONE',  ( 0.1826753757198861800, 0.07500000000000001100, 0.06442664281102616900 ) ) ;
#2986 = CARTESIAN_POINT ( 'NONE',  ( 0.1824930363500798500, 0.07499999999999995600, 0.06705729259555612300 ) ) ;
#2987 = CARTESIAN_POINT ( 'NONE',  ( 0.1824673794244943100, 0.07499999999999998300, 0.06883847478636792600 ) ) ;
#2988 = CARTESIAN_POINT ( 'NONE',  ( 0.1824543709391907900, 0.07499999999999999700, 0.06974156359468637600 ) ) ;
#2989 = CARTESIAN_POINT ( 'NONE',  ( 0.2234800119648318000, 0.07499999999999999700, 0.07552682000494279100 ) ) ;
#2990 = CARTESIAN_POINT ( 'NONE',  ( 0.1824543709391907900, 0.07499999999999999700, 0.06974156359468637600 ) ) ;
#2991 = CARTESIAN_POINT ( 'NONE',  ( 0.1824881707766849700, 0.07500000000000001100, 0.07120673254120367400 ) ) ;
#2992 = CARTESIAN_POINT ( 'NONE',  ( 0.1825542594487073700, 0.07499999999999999700, 0.07407157087010274300 ) ) ;
#2993 = CARTESIAN_POINT ( 'NONE',  ( 0.1830715157537905200, 0.07500000000000002500, 0.07825172174288391700 ) ) ;
#2994 = CARTESIAN_POINT ( 'NONE',  ( 0.1839348660779853200, 0.07500000000000001100, 0.08220802756641555600 ) ) ;
#2995 = CARTESIAN_POINT ( 'NONE',  ( 0.1851525573903249900, 0.07500000000000001100, 0.08593512318787965800 ) ) ;
#2996 = CARTESIAN_POINT ( 'NONE',  ( 0.1867128011024148100, 0.07499999999999999700, 0.08944163307335513400 ) ) ;
#2997 = CARTESIAN_POINT ( 'NONE',  ( 0.1886305751674227100, 0.07499999999999995600, 0.09271607806426954100 ) ) ;
#2998 = CARTESIAN_POINT ( 'NONE',  ( 0.1909072823204600300, 0.07500000000000001100, 0.09575536080661428700 ) ) ;
#2999 = CARTESIAN_POINT ( 'NONE',  ( 0.1934976643129858500, 0.07499999999999998300, 0.09856450269886613000 ) ) ;
#3000 = CARTESIAN_POINT ( 'NONE',  ( 0.1964016415384122200, 0.07500000000000001100, 0.1010675985047997400 ) ) ;
#3001 = CARTESIAN_POINT ( 'NONE',  ( 0.1995416799582266100, 0.07499999999999999700, 0.1032886755577458200 ) ) ;
#3002 = CARTESIAN_POINT ( 'NONE',  ( 0.2029434140414565800, 0.07499999999999996900, 0.1051486190651646100 ) ) ;
#3003 = CARTESIAN_POINT ( 'NONE',  ( 0.2065848675901674200, 0.07499999999999999700, 0.1066771969006340700 ) ) ;
#3004 = CARTESIAN_POINT ( 'NONE',  ( 0.2104697377996582700, 0.07499999999999998300, 0.1078580040289135200 ) ) ;
#3005 = CARTESIAN_POINT ( 'NONE',  ( 0.2145925193610746000, 0.07499999999999998300, 0.1087223814521439400 ) ) ;
#3006 = CARTESIAN_POINT ( 'NONE',  ( 0.2189575541230096300, 0.07500000000000001100, 0.1092576709528067800 ) ) ;
#3007 = CARTESIAN_POINT ( 'NONE',  ( 0.2219506979346408400, 0.07499999999999999700, 0.1093339830310063500 ) ) ;
#3008 = CARTESIAN_POINT ( 'NONE',  ( 0.2234800119648318000, 0.07499999999999999700, 0.1093729738510966400 ) ) ;
#3009 = CARTESIAN_POINT ( 'NONE',  ( 0.2234800119648318000, 0.07499999999999999700, 0.1093729738510966400 ) ) ;
#3010 = CARTESIAN_POINT ( 'NONE',  ( 0.1824543709391907900, 0.07499999999999999700, 0.06974156359468637600 ) ) ;
#3011 = DIRECTION ( 'NONE',  ( 0.0000000000000000000, 0.0000000000000000000, 1.000000000000000000 ) ) ;
#3012 = VECTOR ( 'NONE', #3011, 39.37007874015748100 ) ;
#3013 = CARTESIAN_POINT ( 'NONE',  ( 0.2234800119648318000, 0.07499999999999999700, 0.07552682000494279100 ) ) ;
#3014 = LINE ( 'NONE', #3013, #3012 ) ;
#3015 = CARTESIAN_POINT ( 'NONE',  ( 0.1975825760673959300, 0.07499999999999999700, 0.03507810205622483000 ) ) ;
#3016 = B_SPLINE_CURVE_WITH_KNOTS ( 'NONE', 3,
 ( #3008, #3007, #3006, #3005, #3004, #3003, #3002, #3001, #3000, #2999, #2998, #2997, #2996, #2995, #2994, #2993, #2992, #2991, #2990 ),
 .UNSPECIFIED., .F., .F.,
 ( 4, 1, 1, 1, 1, 1, 1, 1, 1, 1, 1, 1, 1, 1, 1, 1, 4 ),
 ( 0.0000000000000000000, 0.07127227789184098500, 0.1394927224241747600, 0.2046354187153388000, 0.2674057403862638600, 0.3284455975269841600, 0.3883971631415408800, 0.4477339312582658300, 0.5073916212312173900, 0.5667675553634347100, 0.6254783375164181300, 0.6840665059187971400, 0.7432484458153416600, 0.8040333573982576500, 0.8664987506996733000, 0.9317232379841589000, 1.000000000000000000 ),
 .UNSPECIFIED. ) ;
#3017 = UNCERTAINTY_MEASURE_WITH_UNIT (LENGTH_MEASURE( 1.000000000000000100E-005 ), #3020, 'distance_accuracy_value', 'NONE');
#3018 =( NAMED_UNIT ( * ) SI_UNIT ( $, .STERADIAN. ) SOLID_ANGLE_UNIT ( ) );
#3019 =( NAMED_UNIT ( * ) PLANE_ANGLE_UNIT ( ) SI_UNIT ( $, .RADIAN. ) );
#3020 =( CONVERSION_BASED_UNIT ( 'INCH', #3021 ) LENGTH_UNIT ( ) NAMED_UNIT ( #3022 ) );
#3021 = LENGTH_MEASURE_WITH_UNIT ( LENGTH_MEASURE( 0.02539999999999999900 ), #3023 );
#3022 = DIMENSIONAL_EXPONENTS ( 1.000000000000000000, 0.0000000000000000000, 0.0000000000000000000, 0.0000000000000000000, 0.0000000000000000000, 0.0000000000000000000, 0.0000000000000000000 ) ;
#3023 =( LENGTH_UNIT ( ) NAMED_UNIT ( * ) SI_UNIT ( $, .METRE. ) );
#3024 = MECHANICAL_DESIGN_GEOMETRIC_PRESENTATION_REPRESENTATION (  '', ( #3026 ), #3069 ) ;
#3025 = PRESENTATION_LAYER_ASSIGNMENT (  '', '', ( #3026 ) ) ;
#3026 = STYLED_ITEM ( 'NONE', ( #3027 ), #512 ) ;
#3027 = PRESENTATION_STYLE_ASSIGNMENT (( #3028 ) ) ;
#3028 = SURFACE_STYLE_USAGE ( .BOTH. , #3029 ) ;
#3029 = SURFACE_SIDE_STYLE ('',( #3030 ) ) ;
#3030 = SURFACE_STYLE_FILL_AREA ( #3031 ) ;
#3031 = FILL_AREA_STYLE ('',( #3034 ) ) ;
#3032 = COLOUR_RGB ( '',0.9882352941176471000, 1.000000000000000000, 0.9882352941176471000 ) ;
#3033 = FACE_BOUND ( 'NONE', #504, .T. ) ;
#3034 = FILL_AREA_STYLE_COLOUR ( '', #3032 ) ;
#3035 = FACE_OUTER_BOUND ( 'NONE', #505, .T. ) ;
#3036 = CARTESIAN_POINT ( 'NONE',  ( -0.06249999999999995100, 0.2350000000000001000, 0.6028285334162479800 ) ) ;
#3037 = DIRECTION ( 'NONE',  ( 0.0000000000000000000, -0.1391731009600584700, -0.9902680687415712500 ) ) ;
#3038 = VECTOR ( 'NONE', #3037, 39.37007874015748100 ) ;
#3039 = CARTESIAN_POINT ( 'NONE',  ( -0.06249999999999995100, 0.2350000000000001000, 0.6028285334162479800 ) ) ;
#3040 = LINE ( 'NONE', #3039, #3038 ) ;
#3041 = DIRECTION ( 'NONE',  ( 0.0000000000000000000, -0.1391731009600584700, -0.9902680687415712500 ) ) ;
#3042 = VECTOR ( 'NONE', #3041, 39.37007874015748100 ) ;
#3043 = CARTESIAN_POINT ( 'NONE',  ( 0.06249999999999995100, 0.2350000000000001000, 0.6028285334162479800 ) ) ;
#3044 = LINE ( 'NONE', #3043, #3042 ) ;
#3045 = CARTESIAN_POINT ( 'NONE',  ( 0.06249999999999995100, 0.2057736487983878300, 0.3948722389805179900 ) ) ;
#3046 = CARTESIAN_POINT ( 'NONE',  ( -0.06249999999999995100, 0.2057736487983878300, 0.3948722389805180400 ) ) ;
#3047 = DIRECTION ( 'NONE',  ( -1.000000000000000000, 0.0000000000000000000, 0.0000000000000000000 ) ) ;
#3048 = VECTOR ( 'NONE', #3047, 39.37007874015748100 ) ;
#3049 = CARTESIAN_POINT ( 'NONE',  ( 0.06249999999999995100, 0.2057736487983878300, 0.3948722389805179900 ) ) ;
#3050 = CARTESIAN_POINT ( 'NONE',  ( 0.2245377042725241200, 0.07499999999999999700, 0.02527040974853252500 ) ) ;
#3051 = CARTESIAN_POINT ( 'NONE',  ( 0.2232811246937767300, 0.07499999999999998300, 0.02530340738477006000 ) ) ;
#3052 = CARTESIAN_POINT ( 'NONE',  ( 0.2207973472156896400, 0.07499999999999998300, 0.02536863109769926800 ) ) ;
#3053 = CARTESIAN_POINT ( 'NONE',  ( 0.2171269556605425500, 0.07499999999999998300, 0.02582136913629934400 ) ) ;
#3054 = CARTESIAN_POINT ( 'NONE',  ( 0.2135723204324841700, 0.07500000000000001100, 0.02659408348481212900 ) ) ;
#3055 = CARTESIAN_POINT ( 'NONE',  ( 0.2101288641388576200, 0.07499999999999998300, 0.02767152545834735500 ) ) ;
#3056 = CARTESIAN_POINT ( 'NONE',  ( 0.2068009869192626900, 0.07499999999999999700, 0.02905136139286800300 ) ) ;
#3057 = CARTESIAN_POINT ( 'NONE',  ( 0.2035918015439602300, 0.07499999999999999700, 0.03075196488614266600 ) ) ;
#3058 = CARTESIAN_POINT ( 'NONE',  ( 0.2004923742427381600, 0.07500000000000001100, 0.03274689418029781700 ) ) ;
#3059 = CARTESIAN_POINT ( 'NONE',  ( 0.1985579052790620600, 0.07499999999999999700, 0.03429670932626673100 ) ) ;
#3060 = CARTESIAN_POINT ( 'NONE',  ( 0.1975825760673959300, 0.07499999999999999700, 0.03507810205622483000 ) ) ;
#3061 = LINE ( 'NONE', #3049, #3048 ) ;
#3062 = CARTESIAN_POINT ( 'NONE',  ( 0.06249999999999995100, 0.2350000000000001000, 0.6028285334162479800 ) ) ;
#3063 = B_SPLINE_CURVE_WITH_KNOTS ( 'NONE', 3,
 ( #3060, #3059, #3058, #3057, #3056, #3055, #3054, #3053, #3052, #3051, #3050 ),
 .UNSPECIFIED., .F., .F.,
 ( 4, 1, 1, 1, 1, 1, 1, 1, 4 ),
 ( 0.0000000000000000000, 0.1278956773735364900, 0.2536684183228693500, 0.3767384322070096400, 0.4993444727460719700, 0.6219993068560795100, 0.7456985475131268100, 0.8713451527522128000, 1.000000000000000000 ),
 .UNSPECIFIED. ) ;
#3064 = DIRECTION ( 'NONE',  ( 0.0000000000000000000, 0.1391731009600584700, 0.9902680687415712500 ) ) ;
#3065 = DIRECTION ( 'NONE',  ( 0.0000000000000000000, 0.9902680687415712500, -0.1391731009600584700 ) ) ;
#3066 = CARTESIAN_POINT ( 'NONE',  ( 0.06249999999999995100, 0.2350000000000001000, 0.6028285334162479800 ) ) ;
#3067 = AXIS2_PLACEMENT_3D ( 'NONE', #3066, #3065, #3064 ) ;
#3068 = PLANE ( 'NONE',  #3067 ) ;
#3069 =( GEOMETRIC_REPRESENTATION_CONTEXT ( 3 ) GLOBAL_UNCERTAINTY_ASSIGNED_CONTEXT ( ( #3017 ) ) GLOBAL_UNIT_ASSIGNED_CONTEXT ( ( #3020, #3019, #3018 ) ) REPRESENTATION_CONTEXT ( 'NONE', 'WORKASPACE' ) );
#3070 = DIRECTION ( 'NONE',  ( 1.000000000000000000, 0.0000000000000000000, 0.0000000000000000000 ) ) ;
#3071 = VECTOR ( 'NONE', #3070, 39.37007874015748100 ) ;
#3072 = CARTESIAN_POINT ( 'NONE',  ( 0.06249999999999995100, 0.2350000000000001000, 0.6028285334162479800 ) ) ;
#3073 = LINE ( 'NONE', #3072, #3071 ) ;
#3074 = DIRECTION ( 'NONE',  ( 1.000000000000000000, 0.0000000000000000000, 0.0000000000000000000 ) ) ;
#3075 = VECTOR ( 'NONE', #3074, 39.37007874015748100 ) ;
#3076 = CARTESIAN_POINT ( 'NONE',  ( -0.006937693086198524000, 0.2131009936428934800, 0.4470090066325841900 ) ) ;
#3077 = LINE ( 'NONE', #3076, #3075 ) ;
#3078 = DIRECTION ( 'NONE',  ( 0.0000000000000000000, 0.0000000000000000000, 1.000000000000000000 ) ) ;
#3079 = DIRECTION ( 'NONE',  ( -1.000000000000000000, 0.0000000000000000000, 0.0000000000000000000 ) ) ;
#3080 = CARTESIAN_POINT ( 'NONE',  ( -0.1875000000000015500, -0.02000000000000000700, 0.3757595264191634400 ) ) ;
#3081 = AXIS2_PLACEMENT_3D ( 'NONE', #3080, #3079, #3078 ) ;
#3082 = CIRCLE ( 'NONE', #3081, 0.01999999999999999000 ) ;
#3083 = DIRECTION ( 'NONE',  ( 0.0000000000000000000, 0.0000000000000000000, 1.000000000000000000 ) ) ;
#3084 = DIRECTION ( 'NONE',  ( -0.0000000000000000000, -1.000000000000000000, -0.0000000000000000000 ) ) ;
#3085 = CARTESIAN_POINT ( 'NONE',  ( -0.1875000000000015500, -0.02000000000000000700, 0.3247595264191635000 ) ) ;
#3086 = AXIS2_PLACEMENT_3D ( 'NONE', #3085, #3084, #3083 ) ;
#3087 = CIRCLE ( 'NONE', #3086, 0.03099999999999995500 ) ;
#3088 = CARTESIAN_POINT ( 'NONE',  ( -0.1875000000000015500, -4.268512490100411300E-018, 0.2737595264191635700 ) ) ;
#3089 = DIRECTION ( 'NONE',  ( 0.0000000000000000000, 0.0000000000000000000, -1.000000000000000000 ) ) ;
#3090 = DIRECTION ( 'NONE',  ( 1.000000000000000000, -0.0000000000000000000, 1.224606353822377300E-016 ) ) ;
#3091 = CARTESIAN_POINT ( 'NONE',  ( 0.3750000000000000600, -0.02000000000000000700, -0.05100000000000002400 ) ) ;
#3092 = AXIS2_PLACEMENT_3D ( 'NONE', #3091, #3090, #3089 ) ;
#3093 = CIRCLE ( 'NONE', #3092, 0.02000000000000000000 ) ;
#3094 = CARTESIAN_POINT ( 'NONE',  ( 0.3750000000000000600, -0.02000000000000000700, -0.03100000000000002400 ) ) ;
#3095 = CARTESIAN_POINT ( 'NONE',  ( 0.3750000000000000600, -4.268512490100411300E-018, 0.05100000000000002400 ) ) ;
#3096 = CARTESIAN_POINT ( 'NONE',  ( 0.3750000000000000600, -4.268512490100411300E-018, -0.05100000000000002400 ) ) ;
#3097 = DIRECTION ( 'NONE',  ( 0.0000000000000000000, 0.0000000000000000000, 1.000000000000000000 ) ) ;
#3098 = DIRECTION ( 'NONE',  ( 0.0000000000000000000, 1.000000000000000000, 0.0000000000000000000 ) ) ;
#3099 = CARTESIAN_POINT ( 'NONE',  ( 0.3750000000000000600, 0.0000000000000000000, 0.0000000000000000000 ) ) ;
#3100 = AXIS2_PLACEMENT_3D ( 'NONE', #3099, #3098, #3097 ) ;
#3101 = DIRECTION ( 'NONE',  ( 0.0000000000000000000, 0.0000000000000000000, 1.000000000000000000 ) ) ;
#3102 = DIRECTION ( 'NONE',  ( -0.0000000000000000000, 1.000000000000000000, -0.0000000000000000000 ) ) ;
#3103 = CARTESIAN_POINT ( 'NONE',  ( -0.1875000000000015500, -0.06900000000000000600, 0.3247595264191635000 ) ) ;
#3104 = AXIS2_PLACEMENT_3D ( 'NONE', #3103, #3102, #3101 ) ;
#3105 = CIRCLE ( 'NONE', #3104, 0.03099999999999995500 ) ;
#3106 = CIRCLE ( 'NONE', #2945, 0.02000000000000000000 ) ;
#3107 = DIRECTION ( 'NONE',  ( 0.0000000000000000000, 0.0000000000000000000, 1.000000000000000000 ) ) ;
#3108 = DIRECTION ( 'NONE',  ( -0.0000000000000000000, 1.000000000000000000, -0.0000000000000000000 ) ) ;
#3109 = AXIS2_PLACEMENT_3D ( 'NONE', #3110, #3108, #3107 ) ;
#3110 = CARTESIAN_POINT ( 'NONE',  ( -0.1875000000000015500, -0.1000000000000000100, 0.3247595264191635000 ) ) ;
#3111 = CYLINDRICAL_SURFACE ( 'NONE', #3109, 0.03099999999999995500 ) ;
#3112 = FACE_OUTER_BOUND ( 'NONE', #485, .T. ) ;
#3113 = CARTESIAN_POINT ( 'NONE',  ( 0.3750000000000000600, -0.06900000000000000600, 0.03100000000000002400 ) ) ;
#3114 = DIRECTION ( 'NONE',  ( -0.0000000000000000000, 1.000000000000000000, -0.0000000000000000000 ) ) ;
#3115 = VECTOR ( 'NONE', #3114, 39.37007874015748100 ) ;
#3116 = CARTESIAN_POINT ( 'NONE',  ( -0.1875000000000015500, -0.1000000000000000100, 0.3557595264191634700 ) ) ;
#3117 = LINE ( 'NONE', #3116, #3115 ) ;
#3118 = DIRECTION ( 'NONE',  ( -0.0000000000000000000, 1.000000000000000000, -0.0000000000000000000 ) ) ;
#3119 = VECTOR ( 'NONE', #3118, 39.37007874015748100 ) ;
#3120 = CARTESIAN_POINT ( 'NONE',  ( -0.1875000000000015500, -0.1000000000000000100, 0.2937595264191635300 ) ) ;
#3121 = LINE ( 'NONE', #3120, #3119 ) ;
#3122 = DIRECTION ( 'NONE',  ( 0.0000000000000000000, 0.0000000000000000000, 1.000000000000000000 ) ) ;
#3123 = DIRECTION ( 'NONE',  ( -0.0000000000000000000, 1.000000000000000000, -0.0000000000000000000 ) ) ;
#3124 = AXIS2_PLACEMENT_3D ( 'NONE', #3125, #3123, #3122 ) ;
#3125 = CARTESIAN_POINT ( 'NONE',  ( -0.1875000000000015500, -0.1000000000000000100, -0.3247595264191637200 ) ) ;
#3126 = CYLINDRICAL_SURFACE ( 'NONE', #3124, 0.03099999999999998900 ) ;
#3127 = FACE_OUTER_BOUND ( 'NONE', #463, .T. ) ;
#3128 = DIRECTION ( 'NONE',  ( 0.0000000000000000000, 0.0000000000000000000, 1.000000000000000000 ) ) ;
#3129 =( GEOMETRIC_REPRESENTATION_CONTEXT ( 3 ) GLOBAL_UNCERTAINTY_ASSIGNED_CONTEXT ( ( #2763 ) ) GLOBAL_UNIT_ASSIGNED_CONTEXT ( ( #2766, #2765, #2764 ) ) REPRESENTATION_CONTEXT ( 'NONE', 'WORKASPACE' ) );
#3130 = DIRECTION ( 'NONE',  ( -0.0000000000000000000, -1.000000000000000000, -0.0000000000000000000 ) ) ;
#3131 = CARTESIAN_POINT ( 'NONE',  ( -0.1875000000000015500, -0.02000000000000000700, 0.3247595264191635000 ) ) ;
#3132 = AXIS2_PLACEMENT_3D ( 'NONE', #3131, #3130, #3128 ) ;
#3133 = CIRCLE ( 'NONE', #3132, 0.03099999999999995500 ) ;
#3134 = CARTESIAN_POINT ( 'NONE',  ( -0.1875000000000015500, -0.06900000000000000600, -0.2937595264191637500 ) ) ;
#3135 = DIRECTION ( 'NONE',  ( -0.0000000000000000000, 1.000000000000000000, -0.0000000000000000000 ) ) ;
#3136 = VECTOR ( 'NONE', #3135, 39.37007874015748100 ) ;
#3137 = CARTESIAN_POINT ( 'NONE',  ( -0.1875000000000015500, -0.1000000000000000100, -0.3557595264191637500 ) ) ;
#3138 = LINE ( 'NONE', #3137, #3136 ) ;
#3139 = CARTESIAN_POINT ( 'NONE',  ( -0.1875000000000015500, -0.06900000000000000600, 0.2937595264191635300 ) ) ;
#3140 = CARTESIAN_POINT ( 'NONE',  ( -0.01700000000000004300, -0.2619999999999997300, 0.6280000000000000000 ) ) ;
#3141 = DIRECTION ( 'NONE',  ( 0.09950371902099912300, 0.9950371902099890400, 0.0000000000000000000 ) ) ;
#3142 = VECTOR ( 'NONE', #3141, 39.37007874015748900 ) ;
#3143 = CARTESIAN_POINT ( 'NONE',  ( 0.01699999999999992500, -0.2620000000000000100, 0.6280000000000000000 ) ) ;
#3144 = LINE ( 'NONE', #3143, #3142 ) ;
#3145 = CARTESIAN_POINT ( 'NONE',  ( 0.02499999999999997400, -0.09199999999999999800, 0.6280000000000000000 ) ) ;
#3146 = DIRECTION ( 'NONE',  ( 1.000000000000000000, -4.553079989440441700E-016, 0.0000000000000000000 ) ) ;
#3147 = VECTOR ( 'NONE', #3146, 39.37007874015748100 ) ;
#3148 = CARTESIAN_POINT ( 'NONE',  ( 0.02499999999999997400, -0.09199999999999999800, 0.6280000000000000000 ) ) ;
#3149 = LINE ( 'NONE', #3148, #3147 ) ;
#3150 = CARTESIAN_POINT ( 'NONE',  ( 0.02499999999999994200, -0.1820000000000000000, 0.6280000000000000000 ) ) ;
#3151 = DIRECTION ( 'NONE',  ( 1.000000000000000000, 0.0000000000000000000, 0.0000000000000000000 ) ) ;
#3152 = DIRECTION ( 'NONE',  ( 0.0000000000000000000, 0.0000000000000000000, 1.000000000000000000 ) ) ;
#3153 = CARTESIAN_POINT ( 'NONE',  ( -5.916451816734643200E-017, -0.2620000000000000100, 0.6480000000000000200 ) ) ;
#3154 = AXIS2_PLACEMENT_3D ( 'NONE', #3153, #3152, #3151 ) ;
#3155 = DIRECTION ( 'NONE',  ( -1.000000000000000000, 0.0000000000000000000, 0.0000000000000000000 ) ) ;
#3156 = DIRECTION ( 'NONE',  ( -0.0000000000000000000, -0.0000000000000000000, -1.000000000000000000 ) ) ;
#3157 = CARTESIAN_POINT ( 'NONE',  ( -5.916451816734643200E-017, -0.2620000000000000100, 0.6480000000000000200 ) ) ;
#3158 = AXIS2_PLACEMENT_3D ( 'NONE', #3157, #3156, #3155 ) ;
#3159 = CYLINDRICAL_SURFACE ( 'NONE', #3158, 0.01699999999999998400 ) ;
#3160 = CIRCLE ( 'NONE', #3154, 0.01699999999999998400 ) ;
#3161 = B_SPLINE_CURVE_WITH_KNOTS ( 'NONE', 3,
 ( #3330, #3329, #3328, #3327, #3326, #3245, #3244, #3243, #3242, #3241, #3240, #3239, #3215, #3214, #3213, #3212, #3211, #3210, #3209, #3208, #3238, #3237, #3236, #3235, #3234, #3233, #3232 ),
 .UNSPECIFIED., .F., .F.,
 ( 4, 1, 1, 1, 1, 1, 1, 1, 1, 1, 1, 1, 1, 1, 1, 1, 1, 1, 1, 1, 1, 1, 1, 1, 4 ),
 ( 0.0000000000000000000, 0.04284771357433693500, 0.08558429970488989900, 0.1277380939349250000, 0.1700942539717111000, 0.2125358189146089300, 0.2555146790367426900, 0.2986455337159916700, 0.3426357050605065600, 0.3865653378499365200, 0.4295766685481419700, 0.4717025096739228500, 0.5135519628973208600, 0.5551179430498615100, 0.5963847622346315500, 0.6379759249896654900, 0.6796844055173626400, 0.7211999746389913300, 0.7617630397424133300, 0.8020801350554230800, 0.8417822321351944300, 0.8810423215979825700, 0.9206211541214169800, 0.9600951301757806300, 1.000000000000000000 ),
 .UNSPECIFIED. ) ;
#3162 = CARTESIAN_POINT ( 'NONE',  ( 0.2152748837597036100, 0.07499999999999999700, 0.1021934866716094500 ) ) ;
#3163 = CARTESIAN_POINT ( 'NONE',  ( 0.1991591385897572600, 0.07499999999999999700, 0.04509218979665165900 ) ) ;
#3164 = CARTESIAN_POINT ( 'NONE',  ( 0.2006993416430322400, 0.07500000000000001100, 0.04332717075867730000 ) ) ;
#3165 = CARTESIAN_POINT ( 'NONE',  ( 0.2023239315978603000, 0.07499999999999999700, 0.04165371360890020300 ) ) ;
#3166 = CARTESIAN_POINT ( 'NONE',  ( 0.1977457551522859000, 0.07499999999999999700, 0.04700149871016137700 ) ) ;
#3167 = CARTESIAN_POINT ( 'NONE',  ( 0.2583518068366266700, 0.07499999999999999700, 0.06805887128699406000 ) ) ;
#3168 = CARTESIAN_POINT ( 'NONE',  ( 0.2583122963770118100, 0.07499999999999999700, 0.06932228030607147400 ) ) ;
#3169 = CARTESIAN_POINT ( 'NONE',  ( 0.2582322780945856500, 0.07499999999999999700, 0.07188099059934252600 ) ) ;
#3170 = CARTESIAN_POINT ( 'NONE',  ( 0.2575480790264883000, 0.07499999999999999700, 0.07573449846151303300 ) ) ;
#3171 = CARTESIAN_POINT ( 'NONE',  ( 0.2564916484756971100, 0.07499999999999999700, 0.07964287377113164800 ) ) ;
#3172 = CARTESIAN_POINT ( 'NONE',  ( 0.2549997792432007700, 0.07499999999999999700, 0.08356391933431117600 ) ) ;
#3173 = CARTESIAN_POINT ( 'NONE',  ( 0.2531129269650866400, 0.07499999999999998300, 0.08743474302553172500 ) ) ;
#3174 = LINE ( 'NONE', #3182, #3366 ) ;
#3175 = CARTESIAN_POINT ( 'NONE',  ( 0.2059177322943120100, 0.07500000000000001100, 0.03868680791918077000 ) ) ;
#3176 = CARTESIAN_POINT ( 'NONE',  ( 0.2508335952033351500, 0.07499999999999998300, 0.09118624512312460700 ) ) ;
#3177 = CARTESIAN_POINT ( 'NONE',  ( 0.2481253004559821100, 0.07500000000000001100, 0.09476262744534641500 ) ) ;
#3178 = CARTESIAN_POINT ( 'NONE',  ( 0.2460642454138821700, 0.07499999999999998300, 0.09697060347708504100 ) ) ;
#3179 = CARTESIAN_POINT ( 'NONE',  ( 0.2450184735032933700, 0.07499999999999999700, 0.09809092256904535000 ) ) ;
#3180 = CARTESIAN_POINT ( 'NONE',  ( 0.2583518068366266700, 0.07499999999999999700, 0.06805887128699406000 ) ) ;
#3181 = B_SPLINE_CURVE_WITH_KNOTS ( 'NONE', 3,
 ( #3179, #3178, #3177, #3176, #3173, #3172, #3171, #3170, #3169, #3168, #3167 ),
 .UNSPECIFIED., .F., .F.,
 ( 4, 1, 1, 1, 1, 1, 1, 1, 4 ),
 ( 0.0000000000000000000, 0.1365056850436481300, 0.2690316383389064800, 0.3989195614459561900, 0.5270819905998563900, 0.6522723430909017600, 0.7721365248474613100, 0.8874883294200509600, 1.000000000000000000 ),
 .UNSPECIFIED. ) ;
#3182 = CARTESIAN_POINT ( 'NONE',  ( 0.005428549595004794100, 0.2261317882260202600, 0.5397279278679777400 ) ) ;
#3183 = CARTESIAN_POINT ( 'NONE',  ( 0.1845056529904728300, 0.07499999999999999700, -0.05226164153351877500 ) ) ;
#3184 = DIRECTION ( 'NONE',  ( 0.0000000000000000000, 0.0000000000000000000, -1.000000000000000000 ) ) ;
#3185 = VECTOR ( 'NONE', #3184, 39.37007874015748100 ) ;
#3186 = CARTESIAN_POINT ( 'NONE',  ( 0.1845056529904728300, 0.07499999999999999700, -0.05062702614890338800 ) ) ;
#3187 = CARTESIAN_POINT ( 'NONE',  ( 0.2508518068366266700, 0.07499999999999999700, 0.1042447687228915100 ) ) ;
#3188 = CARTESIAN_POINT ( 'NONE',  ( 0.2515208828289137700, 0.07499999999999998300, 0.1035511063925571600 ) ) ;
#3189 = CARTESIAN_POINT ( 'NONE',  ( 0.2528393327489139000, 0.07499999999999996900, 0.1021842077824154900 ) ) ;
#3190 = CARTESIAN_POINT ( 'NONE',  ( 0.2546729957238922400, 0.07499999999999999700, 0.1000584261962008700 ) ) ;
#3191 = CARTESIAN_POINT ( 'NONE',  ( 0.2564045803221522400, 0.07499999999999998300, 0.09794723438345355500 ) ) ;
#3192 = CARTESIAN_POINT ( 'NONE',  ( 0.2579658010939811500, 0.07499999999999998300, 0.09579967187193039200 ) ) ;
#3193 = CARTESIAN_POINT ( 'NONE',  ( 0.2594013112197868200, 0.07499999999999999700, 0.09364970674259275000 ) ) ;
#3194 = CARTESIAN_POINT ( 'NONE',  ( 0.2606864515152623700, 0.07500000000000001100, 0.09148378054382944000 ) ) ;
#3195 = CARTESIAN_POINT ( 'NONE',  ( 0.2618250536645636000, 0.07499999999999999700, 0.08929814055836332600 ) ) ;
#3196 = CARTESIAN_POINT ( 'NONE',  ( 0.2628365300536361600, 0.07499999999999998300, 0.08710024233489165000 ) ) ;
#3197 = CARTESIAN_POINT ( 'NONE',  ( 0.2637278321525546300, 0.07499999999999999700, 0.08487791011473071200 ) ) ;
#3198 = CARTESIAN_POINT ( 'NONE',  ( 0.2644745957121998300, 0.07499999999999999700, 0.08261603454506583100 ) ) ;
#3199 = CARTESIAN_POINT ( 'NONE',  ( 0.2651195768798834100, 0.07499999999999998300, 0.08031730647773859000 ) ) ;
#3200 = CARTESIAN_POINT ( 'NONE',  ( 0.2656488092887612200, 0.07499999999999998300, 0.07798607360159984200 ) ) ;
#3201 = CARTESIAN_POINT ( 'NONE',  ( 0.2660488828177609000, 0.07500000000000001100, 0.07561527300201662000 ) ) ;
#3202 = CARTESIAN_POINT ( 'NONE',  ( 0.2645056529904728500, 0.07499999999999999700, -0.05780651332839056900 ) ) ;
#3203 = DIRECTION ( 'NONE',  ( -0.7659313974733097400, 0.0000000000000000000, 0.6429223081870643100 ) ) ;
#3204 = VECTOR ( 'NONE', #3203, 39.37007874015748900 ) ;
#3205 = CARTESIAN_POINT ( 'NONE',  ( 0.2645056529904728500, 0.07499999999999999700, -0.1106590774309546800 ) ) ;
#3206 = LINE ( 'NONE', #3205, #3204 ) ;
#3207 = CARTESIAN_POINT ( 'NONE',  ( 0.1906594991443189800, 0.07499999999999999700, 0.07036656359468637700 ) ) ;
#3208 = CARTESIAN_POINT ( 'NONE',  ( 0.2374371662747789000, 0.07499999999999998300, 0.03505516667681998800 ) ) ;
#3209 = CARTESIAN_POINT ( 'NONE',  ( 0.2394346634898109600, 0.07499999999999998300, 0.03601258937802592100 ) ) ;
#3210 = CARTESIAN_POINT ( 'NONE',  ( 0.2413954667911468200, 0.07500000000000002500, 0.03709498913343792200 ) ) ;
#3211 = CARTESIAN_POINT ( 'NONE',  ( 0.2433016905722211200, 0.07499999999999998300, 0.03830725518768903600 ) ) ;
#3212 = CARTESIAN_POINT ( 'NONE',  ( 0.2451100026961608700, 0.07500000000000001100, 0.03965377392635289300 ) ) ;
#3213 = CARTESIAN_POINT ( 'NONE',  ( 0.2468202361534684300, 0.07499999999999999700, 0.04111902867350030600 ) ) ;
#3214 = CARTESIAN_POINT ( 'NONE',  ( 0.2484199775602097300, 0.07499999999999999700, 0.04271036878990141400 ) ) ;
#3215 = CARTESIAN_POINT ( 'NONE',  ( 0.2499309938171508900, 0.07499999999999998300, 0.04440711828571437800 ) ) ;
#3216 = CARTESIAN_POINT ( 'NONE',  ( 0.1917909068090816200, 0.07499999999999998300, 0.06034000649338543100 ) ) ;
#3217 = CARTESIAN_POINT ( 'NONE',  ( 0.0000000000000000000, 0.1400000000000000100, 0.0000000000000000000 ) ) ;
#3218 = AXIS2_PLACEMENT_3D ( 'NONE', #3217, #3376, #3375 ) ;
#3219 = DIRECTION ( 'NONE',  ( 0.0000000000000000000, 0.0000000000000000000, 1.000000000000000000 ) ) ;
#3220 = DIRECTION ( 'NONE',  ( -1.000000000000000000, 0.0000000000000000000, 0.0000000000000000000 ) ) ;
#3221 = CARTESIAN_POINT ( 'NONE',  ( -0.1875000000000015500, -0.02000000000000000700, -0.2737595264191636800 ) ) ;
#3222 = AXIS2_PLACEMENT_3D ( 'NONE', #3221, #3220, #3219 ) ;
#3223 = CIRCLE ( 'NONE', #3218, 0.4924999999999999900 ) ;
#3224 = DIRECTION ( 'NONE',  ( 0.0000000000000000000, 0.0000000000000000000, 1.000000000000000000 ) ) ;
#3225 = DIRECTION ( 'NONE',  ( 0.0000000000000000000, 1.000000000000000000, 0.0000000000000000000 ) ) ;
#3226 = CARTESIAN_POINT ( 'NONE',  ( 0.3750000000000000600, -0.02000000000000000700, 0.0000000000000000000 ) ) ;
#3227 = AXIS2_PLACEMENT_3D ( 'NONE', #3226, #3225, #3224 ) ;
#3228 = TOROIDAL_SURFACE ( 'NONE', #3227, 0.05100000000000002400, 0.02000000000000000000 ) ;
#3229 = CIRCLE ( 'NONE', #3222, 0.01999999999999999000 ) ;
#3230 = CARTESIAN_POINT ( 'NONE',  ( 0.1964319672132723800, 0.07499999999999998300, 0.04901755501874723700 ) ) ;
#3231 = CARTESIAN_POINT ( 'NONE',  ( 0.1924294920436869800, 0.07500000000000001100, 0.05795685930148758400 ) ) ;
#3232 = CARTESIAN_POINT ( 'NONE',  ( 0.2248582170930369400, 0.07499999999999999700, 0.03244989692801970200 ) ) ;
#3233 = CARTESIAN_POINT ( 'NONE',  ( 0.2255797858123759200, 0.07499999999999998300, 0.03246798939467888900 ) ) ;
#3234 = CARTESIAN_POINT ( 'NONE',  ( 0.2270151317342026000, 0.07499999999999998300, 0.03250397896509547900 ) ) ;
#3235 = CARTESIAN_POINT ( 'NONE',  ( 0.2291587704593751300, 0.07499999999999999700, 0.03271120519670943400 ) ) ;
#3236 = CARTESIAN_POINT ( 'NONE',  ( 0.2312680286490027300, 0.07499999999999999700, 0.03308139043164904500 ) ) ;
#3237 = CARTESIAN_POINT ( 'NONE',  ( 0.2333501060126416100, 0.07500000000000001100, 0.03359881725716374500 ) ) ;
#3238 = CARTESIAN_POINT ( 'NONE',  ( 0.2354050570337533100, 0.07499999999999998300, 0.03425928133386794300 ) ) ;
#3239 = CARTESIAN_POINT ( 'NONE',  ( 0.2513292697629971300, 0.07499999999999999700, 0.04623097886296063200 ) ) ;
#3240 = CARTESIAN_POINT ( 'NONE',  ( 0.2526328344716463100, 0.07499999999999998300, 0.04816946911455574600 ) ) ;
#3241 = CARTESIAN_POINT ( 'NONE',  ( 0.2538016570983736600, 0.07499999999999999700, 0.05023055903532690200 ) ) ;
#3242 = CARTESIAN_POINT ( 'NONE',  ( 0.2548723317594800400, 0.07500000000000001100, 0.05234578678625069500 ) ) ;
#3243 = CARTESIAN_POINT ( 'NONE',  ( 0.2558114458628599200, 0.07499999999999996900, 0.05450489698474332600 ) ) ;
#3244 = CARTESIAN_POINT ( 'NONE',  ( 0.2565915788676972900, 0.07500000000000003900, 0.05669653333104741900 ) ) ;
#3245 = CARTESIAN_POINT ( 'NONE',  ( 0.2572377316461721400, 0.07499999999999998300, 0.05891646535980325100 ) ) ;
#3246 = CARTESIAN_POINT ( 'NONE',  ( 0.2098794984396389900, 0.07499999999999998300, 0.03623191549125937000 ) ) ;
#3247 = CARTESIAN_POINT ( 'NONE',  ( 0.2078724879746394700, 0.07499999999999999700, 0.03740237174157111400 ) ) ;
#3248 = DIRECTION ( 'NONE',  ( 0.0000000000000000000, 0.0000000000000000000, -1.000000000000000000 ) ) ;
#3249 = VECTOR ( 'NONE', #3248, 39.37007874015748100 ) ;
#3250 = CARTESIAN_POINT ( 'NONE',  ( 0.1845056529904728300, 0.07499999999999999700, -0.1049860005078777500 ) ) ;
#3251 = LINE ( 'NONE', #3250, #3249 ) ;
#3252 = DIRECTION ( 'NONE',  ( 0.0000000000000000000, 0.0000000000000000000, 1.000000000000000000 ) ) ;
#3253 = VECTOR ( 'NONE', #3252, 39.37007874015748100 ) ;
#3254 = CARTESIAN_POINT ( 'NONE',  ( 0.2645056529904728500, 0.07499999999999999700, -0.1121654876873649200 ) ) ;
#3255 = LINE ( 'NONE', #3254, #3253 ) ;
#3256 = CARTESIAN_POINT ( 'NONE',  ( 0.1845056529904728300, 0.07499999999999999700, -0.05062702614890338800 ) ) ;
#3257 = CARTESIAN_POINT ( 'NONE',  ( 0.2662299130048246300, 0.07500000000000001100, 0.06231704769087745300 ) ) ;
#3258 = CARTESIAN_POINT ( 'NONE',  ( 0.2658036559776506000, 0.07499999999999999700, 0.05943806397773270000 ) ) ;
#3259 = CARTESIAN_POINT ( 'NONE',  ( 0.2652158812984608000, 0.07499999999999999700, 0.05662852115337655600 ) ) ;
#3260 = CARTESIAN_POINT ( 'NONE',  ( 0.2644210521864744900, 0.07499999999999998300, 0.05390880720397611000 ) ) ;
#3261 = CARTESIAN_POINT ( 'NONE',  ( 0.2634842901866817400, 0.07499999999999999700, 0.05125833674217299100 ) ) ;
#3262 = CARTESIAN_POINT ( 'NONE',  ( 0.2623508243539254300, 0.07499999999999999700, 0.04869696289404600000 ) ) ;
#3263 = CARTESIAN_POINT ( 'NONE',  ( 0.2610579346341923000, 0.07499999999999995600, 0.04622548188428513700 ) ) ;
#3264 = CARTESIAN_POINT ( 'NONE',  ( 0.2596186498353108000, 0.07500000000000002500, 0.04384976484911456300 ) ) ;
#3265 = CARTESIAN_POINT ( 'NONE',  ( 0.2580274653426637400, 0.07499999999999999700, 0.04160546663087066200 ) ) ;
#3266 = CARTESIAN_POINT ( 'NONE',  ( 0.2563100055526041400, 0.07499999999999999700, 0.03948480503715322300 ) ) ;
#3267 = CARTESIAN_POINT ( 'NONE',  ( 0.2544618808592102300, 0.07499999999999999700, 0.03748881639260001600 ) ) ;
#3268 = CARTESIAN_POINT ( 'NONE',  ( 0.2524762436442425400, 0.07500000000000001100, 0.03562855274564000900 ) ) ;
#3269 = CARTESIAN_POINT ( 'NONE',  ( 0.2503444468637334200, 0.07499999999999999700, 0.03391455248109553200 ) ) ;
#3270 = CARTESIAN_POINT ( 'NONE',  ( 0.2481051053316623000, 0.07499999999999996900, 0.03229835595515381100 ) ) ;
#3271 = CARTESIAN_POINT ( 'NONE',  ( 0.2457194764940462100, 0.07500000000000002500, 0.03085954637842560100 ) ) ;
#3272 = CARTESIAN_POINT ( 'NONE',  ( 0.2432605974355200900, 0.07499999999999999700, 0.02953813147849325800 ) ) ;
#3273 = CARTESIAN_POINT ( 'NONE',  ( 0.2407298680556834700, 0.07499999999999998300, 0.02840566964958783600 ) ) ;
#3274 = CARTESIAN_POINT ( 'NONE',  ( 0.2381495696695810300, 0.07499999999999999700, 0.02743884361091502400 ) ) ;
#3275 = CARTESIAN_POINT ( 'NONE',  ( 0.2645056529904728500, 0.07499999999999999700, -0.05780651332839056900 ) ) ;
#3276 = LINE ( 'NONE', #3275, #3322 ) ;
#3277 = CARTESIAN_POINT ( 'NONE',  ( 0.2450184735032933700, 0.07499999999999999700, 0.09809092256904535000 ) ) ;
#3278 = DIRECTION ( 'NONE',  ( -0.6879543109165519000, 0.0000000000000000000, -0.7257539983295525600 ) ) ;
#3279 = VECTOR ( 'NONE', #3278, 39.37007874015748100 ) ;
#3280 = CARTESIAN_POINT ( 'NONE',  ( 0.2508518068366266700, 0.07499999999999999700, 0.1042447687228915100 ) ) ;
#3281 = FACE_OUTER_BOUND ( 'NONE', #591, .T. ) ;
#3282 = CARTESIAN_POINT ( 'NONE',  ( -0.1875000000000015500, -0.02000000000000000700, 0.2937595264191635300 ) ) ;
#3283 = DIRECTION ( 'NONE',  ( 0.0000000000000000000, 0.0000000000000000000, -1.000000000000000000 ) ) ;
#3284 = DIRECTION ( 'NONE',  ( 1.000000000000000000, -0.0000000000000000000, 1.224606353822377300E-016 ) ) ;
#3285 = CARTESIAN_POINT ( 'NONE',  ( -0.1875000000000015500, -0.02000000000000000700, 0.2737595264191635700 ) ) ;
#3286 = AXIS2_PLACEMENT_3D ( 'NONE', #3285, #3284, #3283 ) ;
#3287 = CIRCLE ( 'NONE', #3286, 0.01999999999999999000 ) ;
#3288 = DIRECTION ( 'NONE',  ( -1.000000000000000000, 0.0000000000000000000, 0.0000000000000000000 ) ) ;
#3289 = VECTOR ( 'NONE', #3288, 39.37007874015748100 ) ;
#3290 = CARTESIAN_POINT ( 'NONE',  ( 0.2473261658109856500, 0.07499999999999999700, -0.1049860005078777500 ) ) ;
#3291 = LINE ( 'NONE', #3290, #3289 ) ;
#3292 = DIRECTION ( 'NONE',  ( -4.132898525183001800E-016, -0.0000000000000000000, -1.000000000000000000 ) ) ;
#3293 = VECTOR ( 'NONE', #3292, 39.37007874015748100 ) ;
#3294 = CARTESIAN_POINT ( 'NONE',  ( 0.09350000000000000000, 0.07499999999999999700, -0.2074999999999999600 ) ) ;
#3295 = LINE ( 'NONE', #3294, #3293 ) ;
#3296 = CARTESIAN_POINT ( 'NONE',  ( 0.1845056529904728300, 0.07499999999999999700, -0.1121654876873649200 ) ) ;
#3297 = CARTESIAN_POINT ( 'NONE',  ( 0.2645056529904728500, 0.07499999999999999700, -0.1106590774309546800 ) ) ;
#3298 = CARTESIAN_POINT ( 'NONE',  ( 0.2645056529904728500, 0.07499999999999999700, -0.1121654876873649200 ) ) ;
#3299 = DIRECTION ( 'NONE',  ( 1.000000000000000000, 0.0000000000000000000, 0.0000000000000000000 ) ) ;
#3300 = VECTOR ( 'NONE', #3299, 39.37007874015748100 ) ;
#3301 = CARTESIAN_POINT ( 'NONE',  ( 0.1845056529904728300, 0.07499999999999999700, -0.1121654876873649200 ) ) ;
#3302 = LINE ( 'NONE', #3301, #3300 ) ;
#3303 = DIRECTION ( 'NONE',  ( -1.000000000000000000, 0.0000000000000000000, 0.0000000000000000000 ) ) ;
#3304 = VECTOR ( 'NONE', #3303, 39.37007874015748100 ) ;
#3305 = CARTESIAN_POINT ( 'NONE',  ( 0.2645056529904728500, 0.07499999999999999700, -0.05062702614890338800 ) ) ;
#3306 = LINE ( 'NONE', #3305, #3304 ) ;
#3307 = DIRECTION ( 'NONE',  ( 1.000000000000000000, 0.0000000000000000000, 0.0000000000000000000 ) ) ;
#3308 = VECTOR ( 'NONE', #3307, 39.37007874015748100 ) ;
#3309 = CARTESIAN_POINT ( 'NONE',  ( 0.2015409094007292500, 0.07499999999999999700, -0.05780651332839056900 ) ) ;
#3310 = LINE ( 'NONE', #3309, #3308 ) ;
#3311 = CARTESIAN_POINT ( 'NONE',  ( 0.2015409094007292500, 0.07499999999999999700, -0.05780651332839056900 ) ) ;
#3312 = LINE ( 'NONE', #3186, #3185 ) ;
#3313 = B_SPLINE_CURVE_WITH_KNOTS ( 'NONE', 3,
 ( #3317, #3316, #3315, #3314, #3201, #3200, #3199, #3198, #3197, #3196, #3195, #3194, #3193, #3192, #3191, #3190, #3189, #3188, #3187 ),
 .UNSPECIFIED., .F., .F.,
 ( 4, 1, 1, 1, 1, 1, 1, 1, 1, 1, 1, 1, 1, 1, 1, 1, 4 ),
 ( 0.0000000000000000000, 0.06161720700066753600, 0.1221796806916236900, 0.1822170457787557800, 0.2414733477827188100, 0.3009570811868602100, 0.3599663445410477600, 0.4190304461222744700, 0.4780664661946931700, 0.5379906152311281200, 0.5989585239045209800, 0.6613196378030689000, 0.7252463998147855600, 0.7912192657937667800, 0.8587453708087639000, 0.9283172764034408600, 1.000000000000000000 ),
 .UNSPECIFIED. ) ;
#3314 = CARTESIAN_POINT ( 'NONE',  ( 0.2663349903907843400, 0.07499999999999999700, 0.07321393169980729100 ) ) ;
#3315 = CARTESIAN_POINT ( 'NONE',  ( 0.2665175239397185000, 0.07499999999999998300, 0.07077000363045560200 ) ) ;
#3316 = CARTESIAN_POINT ( 'NONE',  ( 0.2665437226198103000, 0.07499999999999999700, 0.06912756467364701600 ) ) ;
#3317 = CARTESIAN_POINT ( 'NONE',  ( 0.2665569350417548700, 0.07499999999999999700, 0.06829925590237868900 ) ) ;
#3318 = CARTESIAN_POINT ( 'NONE',  ( 0.2665569350417548700, 0.07499999999999999700, 0.06829925590237868900 ) ) ;
#3319 = CARTESIAN_POINT ( 'NONE',  ( 0.2245377042725241200, 0.07499999999999999700, 0.02527040974853252500 ) ) ;
#3320 = CARTESIAN_POINT ( 'NONE',  ( 0.2645056529904728500, 0.07499999999999999700, -0.05062702614890338800 ) ) ;
#3321 = DIRECTION ( 'NONE',  ( 0.0000000000000000000, 0.0000000000000000000, 1.000000000000000000 ) ) ;
#3322 = VECTOR ( 'NONE', #3321, 39.37007874015748100 ) ;
#3323 = CARTESIAN_POINT ( 'NONE',  ( 0.2665569350417548700, 0.07499999999999999700, 0.06829925590237868900 ) ) ;
#3324 = CARTESIAN_POINT ( 'NONE',  ( 0.2665450411322199400, 0.07499999999999998300, 0.06728358806139814200 ) ) ;
#3325 = CARTESIAN_POINT ( 'NONE',  ( 0.2665215838569627800, 0.07499999999999999700, 0.06528047881916861100 ) ) ;
#3326 = CARTESIAN_POINT ( 'NONE',  ( 0.2577352196095906700, 0.07499999999999999700, 0.06115975474275864300 ) ) ;
#3327 = CARTESIAN_POINT ( 'NONE',  ( 0.2580826251141111200, 0.07499999999999996900, 0.06343532049690046900 ) ) ;
#3328 = CARTESIAN_POINT ( 'NONE',  ( 0.2583234279599026500, 0.07499999999999999700, 0.06573531540203370000 ) ) ;
#3329 = CARTESIAN_POINT ( 'NONE',  ( 0.2583423390259898500, 0.07499999999999999700, 0.06728368249651475700 ) ) ;
#3330 = CARTESIAN_POINT ( 'NONE',  ( 0.2583518068366266700, 0.07499999999999999700, 0.06805887128699406000 ) ) ;
#3331 = CARTESIAN_POINT ( 'NONE',  ( 0.1906863671868710100, 0.07499999999999999700, 0.06779760152808148000 ) ) ;
#3332 = CARTESIAN_POINT ( 'NONE',  ( 0.1909307290361936200, 0.07500000000000001100, 0.06526336819356994000 ) ) ;
#3333 = CARTESIAN_POINT ( 'NONE',  ( 0.1912674714440650600, 0.07499999999999999700, 0.06277139556025881900 ) ) ;
#3334 = CARTESIAN_POINT ( 'NONE',  ( 0.2011472946152134700, 0.07500000000000001100, 0.09577052485012917100 ) ) ;
#3335 = CARTESIAN_POINT ( 'NONE',  ( 0.1992342073069763300, 0.07499999999999998300, 0.09390152062823073400 ) ) ;
#3336 = CARTESIAN_POINT ( 'NONE',  ( 0.1974627770066894900, 0.07500000000000001100, 0.09182652968673277200 ) ) ;
#3337 = CARTESIAN_POINT ( 'NONE',  ( 0.1958724251117275900, 0.07499999999999998300, 0.08957471911268370700 ) ) ;
#3338 = CARTESIAN_POINT ( 'NONE',  ( 0.1944634655179792700, 0.07500000000000001100, 0.08719635600892486300 ) ) ;
#3339 = CARTESIAN_POINT ( 'NONE',  ( 0.1932978500732933600, 0.07499999999999996900, 0.08468452795345848800 ) ) ;
#3340 = CARTESIAN_POINT ( 'NONE',  ( 0.1906594991443189800, 0.07499999999999999700, 0.07036656359468637700 ) ) ;
#3341 = CARTESIAN_POINT ( 'NONE',  ( 0.1906685004425150400, 0.07499999999999999700, 0.06950591311852739900 ) ) ;
#3342 = B_SPLINE_CURVE_WITH_KNOTS ( 'NONE', 3,
 ( #3207, #3371, #3370, #3369, #3368, #3367, #3339, #3338, #3337, #3336, #3335, #3334, #3350, #3349, #3348, #3347, #3346, #3345, #3162 ),
 .UNSPECIFIED., .F., .F.,
 ( 4, 1, 1, 1, 1, 1, 1, 1, 1, 1, 1, 1, 1, 1, 1, 1, 4 ),
 ( 0.0000000000000000000, 0.07063224438772650000, 0.1386978872386457900, 0.2049240305541066000, 0.2694491877971018600, 0.3326465867511969600, 0.3953138779979159500, 0.4577780401030122100, 0.5206730674700391600, 0.5828696158172807000, 0.6433350250634060100, 0.7026018859586815600, 0.7607320598415795400, 0.8194840493004196300, 0.8782653240839432000, 0.9384894147916659200, 1.000000000000000000 ),
 .UNSPECIFIED. ) ;
#3343 = CARTESIAN_POINT ( 'NONE',  ( 0.2152748837597036100, 0.07499999999999999700, 0.1021934866716094500 ) ) ;
#3344 = CARTESIAN_POINT ( 'NONE',  ( 0.2040763567920191900, 0.07499999999999998300, 0.04012545890215595700 ) ) ;
#3345 = CARTESIAN_POINT ( 'NONE',  ( 0.2143844521317017900, 0.07499999999999999700, 0.1020393797103908000 ) ) ;
#3346 = CARTESIAN_POINT ( 'NONE',  ( 0.2126222122620423100, 0.07499999999999996900, 0.1017343889365780600 ) ) ;
#3347 = CARTESIAN_POINT ( 'NONE',  ( 0.2100731624384421800, 0.07499999999999998300, 0.1009888248909060800 ) ) ;
#3348 = CARTESIAN_POINT ( 'NONE',  ( 0.2076433323675722900, 0.07499999999999999700, 0.1000249762063475900 ) ) ;
#3349 = CARTESIAN_POINT ( 'NONE',  ( 0.2053602709491865500, 0.07499999999999999700, 0.09881632232609269300 ) ) ;
#3350 = CARTESIAN_POINT ( 'NONE',  ( 0.2031833213502424200, 0.07499999999999999700, 0.09741334723840532100 ) ) ;
#3351 = CARTESIAN_POINT ( 'NONE',  ( 0.1906594991443189800, 0.07499999999999999700, 0.07036656359468637700 ) ) ;
#3352 = LINE ( 'NONE', #3280, #3279 ) ;
#3353 = CARTESIAN_POINT ( 'NONE',  ( 0.2355300551115233100, 0.07499999999999995600, 0.02663379287741345800 ) ) ;
#3354 = CARTESIAN_POINT ( 'NONE',  ( 0.2328511857076429300, 0.07499999999999998300, 0.02602193752205329800 ) ) ;
#3355 = CARTESIAN_POINT ( 'NONE',  ( 0.2301248572493881700, 0.07500000000000001100, 0.02559951965067714900 ) ) ;
#3356 = CARTESIAN_POINT ( 'NONE',  ( 0.2273485446613453300, 0.07499999999999999700, 0.02530684993304984900 ) ) ;
#3357 = CARTESIAN_POINT ( 'NONE',  ( 0.2254786372967938200, 0.07499999999999998300, 0.02528260815480247800 ) ) ;
#3358 = CARTESIAN_POINT ( 'NONE',  ( 0.2245377042725241200, 0.07499999999999999700, 0.02527040974853252500 ) ) ;
#3359 = CARTESIAN_POINT ( 'NONE',  ( 0.2508518068366266700, 0.07499999999999999700, 0.1042447687228915100 ) ) ;
#3360 = B_SPLINE_CURVE_WITH_KNOTS ( 'NONE', 3,
 ( #3358, #3357, #3356, #3355, #3354, #3353, #3274, #3273, #3272, #3271, #3270, #3269, #3268, #3267, #3266, #3265, #3264, #3263, #3262, #3261, #3260, #3259, #3258, #3257, #3325, #3324, #3323 ),
 .UNSPECIFIED., .F., .F.,
 ( 4, 1, 1, 1, 1, 1, 1, 1, 1, 1, 1, 1, 1, 1, 1, 1, 1, 1, 1, 1, 1, 1, 1, 1, 4 ),
 ( 0.0000000000000000000, 0.04204225576452218900, 0.08355018013896524400, 0.1246515839477375000, 0.1653143724217493200, 0.2062538482388171500, 0.2470566123022548100, 0.2884179878822861800, 0.3300781046052336200, 0.3717669519748100200, 0.4128482364323983700, 0.4534218897265732700, 0.4939667252539911600, 0.5343488129285677300, 0.5749224662227425700, 0.6158654236134173400, 0.6572261099463193600, 0.6989860147970933200, 0.7404685194943584300, 0.7823102637981793600, 0.8245554534991506000, 0.8670321475500549800, 0.9104934084372299200, 0.9546160715104584600, 1.000000000000000000 ),
 .UNSPECIFIED. ) ;
#3361 = DIRECTION ( 'NONE',  ( 0.7659742538299849600, 0.0000000000000000000, -0.6428712487501658800 ) ) ;
#3362 = VECTOR ( 'NONE', #3361, 39.37007874015748900 ) ;
#3363 = CARTESIAN_POINT ( 'NONE',  ( 0.1845056529904728300, 0.07499999999999999700, -0.05226164153351877500 ) ) ;
#3364 = LINE ( 'NONE', #3363, #3362 ) ;
#3365 = DIRECTION ( 'NONE',  ( -1.000000000000000000, 0.0000000000000000000, 0.0000000000000000000 ) ) ;
#3366 = VECTOR ( 'NONE', #3365, 39.37007874015748100 ) ;
#3367 = CARTESIAN_POINT ( 'NONE',  ( 0.1923309107257884200, 0.07500000000000001100, 0.08205894745795577800 ) ) ;
#3368 = CARTESIAN_POINT ( 'NONE',  ( 0.1915728325925323800, 0.07499999999999999700, 0.07931000646271484100 ) ) ;
#3369 = CARTESIAN_POINT ( 'NONE',  ( 0.1910551917319911800, 0.07499999999999998300, 0.07643450748282824800 ) ) ;
#3370 = CARTESIAN_POINT ( 'NONE',  ( 0.1907237565082219900, 0.07500000000000002500, 0.07344053171009921900 ) ) ;
#3371 = CARTESIAN_POINT ( 'NONE',  ( 0.1906811808859566700, 0.07499999999999999700, 0.07140378296430607800 ) ) ;
#3372 = CARTESIAN_POINT ( 'NONE',  ( 0.1952343324791989700, 0.07499999999999999700, 0.05114343412846171500 ) ) ;
#3373 = CARTESIAN_POINT ( 'NONE',  ( 0.1932130197528934600, 0.07499999999999999700, 0.05562479494434211000 ) ) ;
#3374 = CARTESIAN_POINT ( 'NONE',  ( 0.1941644230933210200, 0.07499999999999998300, 0.05335606916082996600 ) ) ;
#3375 = DIRECTION ( 'NONE',  ( 2.664535259100375700E-015, 0.0000000000000000000, 1.000000000000000000 ) ) ;
#3376 = DIRECTION ( 'NONE',  ( -0.0000000000000000000, -1.000000000000000000, -0.0000000000000000000 ) ) ;
#3377 = DIRECTION ( 'NONE',  ( 0.0000000000000000000, 1.000000000000000000, 0.0000000000000000000 ) ) ;
#3378 = VECTOR ( 'NONE', #3377, 39.37007874015748100 ) ;
#3379 = CARTESIAN_POINT ( 'NONE',  ( 0.0000000000000000000, 0.05399999999999999200, 0.3125000000000000000 ) ) ;
#3380 = LINE ( 'NONE', #3379, #3378 ) ;
#3381 = CARTESIAN_POINT ( 'NONE',  ( 0.0000000000000000000, 0.07499999999999999700, 0.3125000000000000000 ) ) ;
#3382 = DIRECTION ( 'NONE',  ( 0.0000000000000000000, 0.0000000000000000000, 1.000000000000000000 ) ) ;
#3383 = DIRECTION ( 'NONE',  ( -0.0000000000000000000, -1.000000000000000000, -0.0000000000000000000 ) ) ;
#3384 = CARTESIAN_POINT ( 'NONE',  ( 0.3750000000000000600, -0.02000000000000000700, 0.0000000000000000000 ) ) ;
#3385 = AXIS2_PLACEMENT_3D ( 'NONE', #3384, #3383, #3382 ) ;
#3386 = CIRCLE ( 'NONE', #3385, 0.03100000000000002400 ) ;
#3387 = CARTESIAN_POINT ( 'NONE',  ( -0.1875000000000015500, -4.268512490100411300E-018, -0.3757595264191637100 ) ) ;
#3388 = CARTESIAN_POINT ( 'NONE',  ( 3.826894855694929500E-017, 0.07499999999999999700, -0.3125000000000000000 ) ) ;
#3389 = CARTESIAN_POINT ( 'NONE',  ( -0.1875000000000015500, -0.02000000000000000700, -0.3557595264191637500 ) ) ;
#3390 = DIRECTION ( 'NONE',  ( 0.0000000000000000000, 0.0000000000000000000, 1.000000000000000000 ) ) ;
#3391 = DIRECTION ( 'NONE',  ( 0.0000000000000000000, 1.000000000000000000, 0.0000000000000000000 ) ) ;
#3392 = CARTESIAN_POINT ( 'NONE',  ( -0.1875000000000015500, 0.0000000000000000000, -0.3247595264191637200 ) ) ;
#3393 = AXIS2_PLACEMENT_3D ( 'NONE', #3392, #3391, #3390 ) ;
#3394 = CIRCLE ( 'NONE', #3393, 0.05100000000000001800 ) ;
#3395 = DIRECTION ( 'NONE',  ( 0.0000000000000000000, 0.0000000000000000000, 1.000000000000000000 ) ) ;
#3396 = DIRECTION ( 'NONE',  ( -0.0000000000000000000, -1.000000000000000000, -0.0000000000000000000 ) ) ;
#3397 = CARTESIAN_POINT ( 'NONE',  ( -0.1875000000000015500, -0.02000000000000000700, -0.3247595264191637200 ) ) ;
#3398 = AXIS2_PLACEMENT_3D ( 'NONE', #3397, #3396, #3395 ) ;
#3399 = CIRCLE ( 'NONE', #3398, 0.03099999999999998900 ) ;
#3400 = CARTESIAN_POINT ( 'NONE',  ( -0.1875000000000015500, -0.06900000000000000600, 0.3557595264191634700 ) ) ;
#3401 = CARTESIAN_POINT ( 'NONE',  ( 0.3750000000000000600, -0.02000000000000000700, 0.03100000000000002400 ) ) ;
#3402 = CARTESIAN_POINT ( 'NONE',  ( -0.1875000000000015500, -0.02000000000000000700, -0.2937595264191637500 ) ) ;
#3403 = CARTESIAN_POINT ( 'NONE',  ( -0.1875000000000015500, -0.02000000000000000700, 0.3557595264191634700 ) ) ;
#3404 = DIRECTION ( 'NONE',  ( 0.0000000000000000000, 0.0000000000000000000, 1.000000000000000000 ) ) ;
#3405 = DIRECTION ( 'NONE',  ( 0.0000000000000000000, 1.000000000000000000, 0.0000000000000000000 ) ) ;
#3406 = CARTESIAN_POINT ( 'NONE',  ( -0.1875000000000015500, -0.02000000000000000700, 0.3247595264191635000 ) ) ;
#3407 = AXIS2_PLACEMENT_3D ( 'NONE', #3406, #3405, #3404 ) ;
#3408 = TOROIDAL_SURFACE ( 'NONE', #3407, 0.05099999999999996200, 0.02000000000000000000 ) ;
#3409 = CARTESIAN_POINT ( 'NONE',  ( 0.1845056529904728300, 0.07499999999999999700, -0.03011420563608286500 ) ) ;
#3410 = LINE ( 'NONE', #3409, #2949 ) ;
#3411 = DIRECTION ( 'NONE',  ( -0.0000000000000000000, 1.000000000000000000, -0.0000000000000000000 ) ) ;
#3412 = VECTOR ( 'NONE', #3411, 39.37007874015748100 ) ;
#3413 = CARTESIAN_POINT ( 'NONE',  ( 0.0000000000000000000, 0.05499999999999999300, 0.4924999999999999900 ) ) ;
#3414 = LINE ( 'NONE', #3413, #3412 ) ;
#3415 = DIRECTION ( 'NONE',  ( 0.0000000000000000000, 0.0000000000000000000, -1.000000000000000000 ) ) ;
#3416 = DIRECTION ( 'NONE',  ( -0.0000000000000000000, -1.000000000000000000, -0.0000000000000000000 ) ) ;
#3417 = AXIS2_PLACEMENT_3D ( 'NONE', #3419, #3416, #3415 ) ;
#3418 = CARTESIAN_POINT ( 'NONE',  ( 0.0000000000000000000, 0.0000000000000000000, -0.5464999999999999900 ) ) ;
#3419 = CARTESIAN_POINT ( 'NONE',  ( 0.0000000000000000000, 0.1950000000000000100, 0.0000000000000000000 ) ) ;
#3420 = CYLINDRICAL_SURFACE ( 'NONE', #3417, 0.5464999999999999900 ) ;
#3421 = FACE_OUTER_BOUND ( 'NONE', #699, .T. ) ;
#3422 = CARTESIAN_POINT ( 'NONE',  ( 0.2645056529904728500, 0.07499999999999999700, -0.03011420563608286500 ) ) ;
#3423 = DIRECTION ( 'NONE',  ( -0.0000000000000000000, 1.000000000000000000, -0.0000000000000000000 ) ) ;
#3424 = VECTOR ( 'NONE', #3423, 39.37007874015748100 ) ;
#3425 = CARTESIAN_POINT ( 'NONE',  ( -0.07800000000000000000, 0.05499999999999999300, 0.4862841247665813400 ) ) ;
#3426 = LINE ( 'NONE', #3425, #3424 ) ;
#3427 = DIRECTION ( 'NONE',  ( 0.0000000000000000000, 1.000000000000000000, 0.0000000000000000000 ) ) ;
#3428 = VECTOR ( 'NONE', #3427, 39.37007874015748100 ) ;
#3429 = CARTESIAN_POINT ( 'NONE',  ( -0.1434383202099736600, 0.1950000000000000100, 0.5273402111496345900 ) ) ;
#3430 = LINE ( 'NONE', #3429, #3428 ) ;
#3431 = DIRECTION ( 'NONE',  ( -1.000000000000000000, 0.0000000000000000000, 0.0000000000000000000 ) ) ;
#3432 = VECTOR ( 'NONE', #3431, 39.37007874015748100 ) ;
#3433 = CARTESIAN_POINT ( 'NONE',  ( 0.2645056529904728500, 0.07499999999999999700, 0.01501399949212226300 ) ) ;
#3434 = LINE ( 'NONE', #3433, #3432 ) ;
#3435 = CARTESIAN_POINT ( 'NONE',  ( -0.07800000000000000000, 0.1712962574748717000, 0.4862841247665813400 ) ) ;
#3436 = DIRECTION ( 'NONE',  ( 0.0000000000000000000, 0.0000000000000000000, -1.000000000000000000 ) ) ;
#3437 = VECTOR ( 'NONE', #3436, 39.37007874015748100 ) ;
#3438 = CARTESIAN_POINT ( 'NONE',  ( 0.2563005247853446500, 0.07499999999999999700, 0.01501399949212226300 ) ) ;
#3439 = LINE ( 'NONE', #3438, #3437 ) ;
#3440 = CARTESIAN_POINT ( 'NONE',  ( -0.2732500000000042700, 0.1400000000000000100, -0.4732828831681933400 ) ) ;
#3441 = CARTESIAN_POINT ( 'NONE',  ( -0.1434383202099736300, 0.0000000000000000000, 0.5273402111496344700 ) ) ;
#3442 = DIRECTION ( 'NONE',  ( 0.0000000000000000000, 0.0000000000000000000, 1.000000000000000000 ) ) ;
#3443 = DIRECTION ( 'NONE',  ( 0.0000000000000000000, 1.000000000000000000, 0.0000000000000000000 ) ) ;
#3444 = CARTESIAN_POINT ( 'NONE',  ( 0.0000000000000000000, 0.0000000000000000000, 0.0000000000000000000 ) ) ;
#3445 = AXIS2_PLACEMENT_3D ( 'NONE', #3444, #3443, #3442 ) ;
#3446 = CIRCLE ( 'NONE', #3445, 0.5464999999999999900 ) ;
#3447 = DIRECTION ( 'NONE',  ( 1.000000000000000000, 0.0000000000000000000, 0.0000000000000000000 ) ) ;
#3448 = VECTOR ( 'NONE', #3447, 39.37007874015748100 ) ;
#3449 = CARTESIAN_POINT ( 'NONE',  ( 0.2152748837597036100, 0.07499999999999999700, 0.07552682000494279100 ) ) ;
#3450 = LINE ( 'NONE', #3449, #3448 ) ;
#3451 = CARTESIAN_POINT ( 'NONE',  ( 0.2563005247853446500, 0.07499999999999999700, -0.02293471845659568800 ) ) ;
#3452 = DIRECTION ( 'NONE',  ( -0.0000000000000000000, -1.000000000000000000, -0.0000000000000000000 ) ) ;
#3453 = VECTOR ( 'NONE', #3452, 39.37007874015748100 ) ;
#3454 = CARTESIAN_POINT ( 'NONE',  ( -0.2732500000000042100, 0.1950000000000000100, -0.4732828831681933400 ) ) ;
#3455 = LINE ( 'NONE', #3454, #3453 ) ;
#3456 = CARTESIAN_POINT ( 'NONE',  ( -0.07800000000000000000, 0.1712962574748717000, 0.4862841247665813400 ) ) ;
#3457 = CARTESIAN_POINT ( 'NONE',  ( -0.05219238827739343400, 0.1736862233480586400, 0.4904236670872968400 ) ) ;
#3458 = CARTESIAN_POINT ( 'NONE',  ( -0.02613749478144045500, 0.1748849947141351600, 0.4925000000000001600 ) ) ;
#3459 = CARTESIAN_POINT ( 'NONE',  ( 0.0000000000000000000, 0.1748849947141351300, 0.4924999999999999900 ) ) ;
#3460 =( BOUNDED_CURVE ( )  B_SPLINE_CURVE ( 3, ( #3459, #3458, #3457, #3456 ),
 .UNSPECIFIED., .F., .F. ) 
 B_SPLINE_CURVE_WITH_KNOTS ( ( 4, 4 ),
 ( 0.0000000000000000000, 0.1590453063331669100 ),
 .UNSPECIFIED. ) 
 CURVE ( )  GEOMETRIC_REPRESENTATION_ITEM ( )  RATIONAL_B_SPLINE_CURVE ( ( 1.000000000000000000, 0.9978931598411096000, 0.9978931598411096000, 1.000000000000000000 ) ) 
 REPRESENTATION_ITEM ( '' )  );
#3461 = CARTESIAN_POINT ( 'NONE',  ( 0.09350000000000000000, 0.07499999999999999700, -0.2074999999999999600 ) ) ;
#3462 = CARTESIAN_POINT ( 'NONE',  ( 0.2473261658109856500, 0.07499999999999999700, -0.1049860005078777500 ) ) ;
#3463 = DIRECTION ( 'NONE',  ( 1.000000000000000000, -4.553079989440441700E-016, 0.0000000000000000000 ) ) ;
#3464 = VECTOR ( 'NONE', #3463, 39.37007874015748100 ) ;
#3465 = CARTESIAN_POINT ( 'NONE',  ( 0.02499999999999997400, -0.09199999999999999800, 0.6480000000000000200 ) ) ;
#3466 = LINE ( 'NONE', #3465, #3464 ) ;
#3467 = DIRECTION ( 'NONE',  ( 0.0000000000000000000, 0.0000000000000000000, 1.000000000000000000 ) ) ;
#3468 = VECTOR ( 'NONE', #3467, 39.37007874015748100 ) ;
#3469 = CARTESIAN_POINT ( 'NONE',  ( 0.05249999999999965100, -0.09200000000000001200, 0.6480000000000000200 ) ) ;
#3470 = LINE ( 'NONE', #3469, #3468 ) ;
#3471 = DIRECTION ( 'NONE',  ( 0.0000000000000000000, 0.0000000000000000000, -1.000000000000000000 ) ) ;
#3472 = DIRECTION ( 'NONE',  ( 1.000000000000000000, -0.0000000000000000000, 1.224606353822377300E-016 ) ) ;
#3473 = CARTESIAN_POINT ( 'NONE',  ( -0.1875000000000015500, -0.02000000000000000700, -0.3757595264191637100 ) ) ;
#3474 = AXIS2_PLACEMENT_3D ( 'NONE', #3473, #3472, #3471 ) ;
#3475 = CIRCLE ( 'NONE', #3474, 0.01999999999999999000 ) ;
#3476 = DIRECTION ( 'NONE',  ( 0.0000000000000000000, 1.000000000000000000, 0.0000000000000000000 ) ) ;
#3477 = VECTOR ( 'NONE', #3476, 39.37007874015748100 ) ;
#3478 = CARTESIAN_POINT ( 'NONE',  ( 3.826894855694929500E-017, 0.05399999999999999200, -0.3125000000000000000 ) ) ;
#3479 = LINE ( 'NONE', #3478, #3477 ) ;
#3480 = DIRECTION ( 'NONE',  ( 0.0000000000000000000, 0.0000000000000000000, 1.000000000000000000 ) ) ;
#3481 = DIRECTION ( 'NONE',  ( 0.0000000000000000000, 1.000000000000000000, 0.0000000000000000000 ) ) ;
#3482 = AXIS2_PLACEMENT_3D ( 'NONE', #3483, #3481, #3480 ) ;
#3483 = CARTESIAN_POINT ( 'NONE',  ( -0.1875000000000015500, -0.02000000000000000700, -0.3247595264191637200 ) ) ;
#3484 = TOROIDAL_SURFACE ( 'NONE', #3482, 0.05099999999999999700, 0.02000000000000000000 ) ;
#3485 = FACE_OUTER_BOUND ( 'NONE', #619, .T. ) ;
#3486 = DIRECTION ( 'NONE',  ( 0.0000000000000000000, 0.0000000000000000000, 1.000000000000000000 ) ) ;
#3487 = DIRECTION ( 'NONE',  ( 0.0000000000000000000, 1.000000000000000000, 0.0000000000000000000 ) ) ;
#3488 = CARTESIAN_POINT ( 'NONE',  ( 0.0000000000000000000, 0.07499999999999999700, 0.0000000000000000000 ) ) ;
#3489 = AXIS2_PLACEMENT_3D ( 'NONE', #3488, #3487, #3486 ) ;
#3490 = CIRCLE ( 'NONE', #3489, 0.3125000000000000000 ) ;
#3491 = CARTESIAN_POINT ( 'NONE',  ( -0.1875000000000015500, -4.268512490100411300E-018, -0.2737595264191636800 ) ) ;
#3492 = LINE ( 'NONE', #3583, #3582 ) ;
#3493 = CARTESIAN_POINT ( 'NONE',  ( -0.06250000000000000000, 0.07499999999999999700, -0.1871410161513775400 ) ) ;
#3494 = DIRECTION ( 'NONE',  ( 0.0000000000000000000, 0.0000000000000000000, -1.000000000000000000 ) ) ;
#3495 = VECTOR ( 'NONE', #3494, 39.37007874015748100 ) ;
#3496 = CARTESIAN_POINT ( 'NONE',  ( -0.06250000000000000000, 0.07499999999999999700, -0.1525000000000000000 ) ) ;
#3497 = LINE ( 'NONE', #3496, #3495 ) ;
#3498 = CARTESIAN_POINT ( 'NONE',  ( 0.1927107811956010600, 0.07499999999999999700, -0.02293471845659568800 ) ) ;
#3499 = DIRECTION ( 'NONE',  ( -1.000000000000000000, 0.0000000000000000000, 0.0000000000000000000 ) ) ;
#3500 = VECTOR ( 'NONE', #3499, 39.37007874015748100 ) ;
#3501 = CARTESIAN_POINT ( 'NONE',  ( 0.2234800119648318000, 0.07499999999999999700, -0.02293471845659568800 ) ) ;
#3502 = LINE ( 'NONE', #3501, #3500 ) ;
#3503 = DIRECTION ( 'NONE',  ( -1.000000000000000000, 0.0000000000000000000, 0.0000000000000000000 ) ) ;
#3504 = VECTOR ( 'NONE', #3503, 39.37007874015748100 ) ;
#3505 = CARTESIAN_POINT ( 'NONE',  ( 0.2563005247853446500, 0.07499999999999999700, -0.02293471845659568800 ) ) ;
#3506 = LINE ( 'NONE', #3505, #3504 ) ;
#3507 = DIRECTION ( 'NONE',  ( 0.0000000000000000000, 0.0000000000000000000, 1.000000000000000000 ) ) ;
#3508 = VECTOR ( 'NONE', #3507, 39.37007874015748100 ) ;
#3509 = CARTESIAN_POINT ( 'NONE',  ( 0.2316851401699600300, 0.07499999999999999700, -0.02293471845659568800 ) ) ;
#3510 = LINE ( 'NONE', #3509, #3508 ) ;
#3511 = CARTESIAN_POINT ( 'NONE',  ( 0.1927107811956010600, 0.07499999999999999700, 0.01501399949212226300 ) ) ;
#3512 = CARTESIAN_POINT ( 'NONE',  ( -0.06250000000000000000, 0.07499999999999999700, -0.2074999999999999600 ) ) ;
#3513 = CARTESIAN_POINT ( 'NONE',  ( 0.2234800119648318000, 0.07499999999999999700, -0.02293471845659568800 ) ) ;
#3514 = CARTESIAN_POINT ( 'NONE',  ( 0.06250000000000000000, 0.07499999999999999700, -0.2074999999999999600 ) ) ;
#3515 = DIRECTION ( 'NONE',  ( -0.0000000000000000000, -0.0000000000000000000, 1.000000000000000000 ) ) ;
#3516 = VECTOR ( 'NONE', #3515, 39.37007874015748100 ) ;
#3517 = CARTESIAN_POINT ( 'NONE',  ( 0.06250000000000000000, 0.07499999999999999700, -0.1525000000000000000 ) ) ;
#3518 = LINE ( 'NONE', #3517, #3516 ) ;
#3519 = CARTESIAN_POINT ( 'NONE',  ( 0.06250000000000000000, 0.07499999999999999700, -0.1871410161513775400 ) ) ;
#3520 = DIRECTION ( 'NONE',  ( 1.000000000000000000, -0.0000000000000000000, 0.0000000000000000000 ) ) ;
#3521 = VECTOR ( 'NONE', #3520, 39.37007874015748100 ) ;
#3522 = CARTESIAN_POINT ( 'NONE',  ( 0.06250000000000000000, 0.07499999999999999700, -0.1871410161513775400 ) ) ;
#3523 = LINE ( 'NONE', #3522, #3521 ) ;
#3524 = DIRECTION ( 'NONE',  ( 0.0000000000000000000, 0.0000000000000000000, 1.000000000000000000 ) ) ;
#3525 = DIRECTION ( 'NONE',  ( 0.0000000000000000000, 1.000000000000000000, 0.0000000000000000000 ) ) ;
#3526 = CARTESIAN_POINT ( 'NONE',  ( 0.0000000000000000000, 0.1950000000000000100, 0.0000000000000000000 ) ) ;
#3527 = AXIS2_PLACEMENT_3D ( 'NONE', #3526, #3525, #3524 ) ;
#3528 = CIRCLE ( 'NONE', #3527, 0.5464999999999999900 ) ;
#3529 = CARTESIAN_POINT ( 'NONE',  ( 0.1845056529904728300, 0.07499999999999999700, -0.03011420563608286500 ) ) ;
#3530 = CARTESIAN_POINT ( 'NONE',  ( 0.2645056529904728500, 0.07499999999999999700, 0.01501399949212226300 ) ) ;
#3531 = DIRECTION ( 'NONE',  ( 0.0000000000000000000, 0.0000000000000000000, 1.000000000000000000 ) ) ;
#3532 = VECTOR ( 'NONE', #3531, 39.37007874015748100 ) ;
#3533 = CARTESIAN_POINT ( 'NONE',  ( 0.2645056529904728500, 0.07499999999999999700, -0.03011420563608286500 ) ) ;
#3534 = LINE ( 'NONE', #3533, #3532 ) ;
#3535 = CARTESIAN_POINT ( 'NONE',  ( -0.1434383202099736300, 0.1950000000000000100, 0.5273402111496344700 ) ) ;
#3536 = CARTESIAN_POINT ( 'NONE',  ( 0.0000000000000000000, 0.1400000000000000100, -0.5464999999999999900 ) ) ;
#3537 = DIRECTION ( 'NONE',  ( 0.0000000000000000000, 0.0000000000000000000, 1.000000000000000000 ) ) ;
#3538 = DIRECTION ( 'NONE',  ( 0.0000000000000000000, 1.000000000000000000, 0.0000000000000000000 ) ) ;
#3539 = CARTESIAN_POINT ( 'NONE',  ( 0.0000000000000000000, 0.1400000000000000100, 0.0000000000000000000 ) ) ;
#3540 = AXIS2_PLACEMENT_3D ( 'NONE', #3539, #3538, #3537 ) ;
#3541 = CIRCLE ( 'NONE', #3540, 0.5464999999999999900 ) ;
#3542 = CARTESIAN_POINT ( 'NONE',  ( 0.2563005247853446500, 0.07499999999999999700, 0.01501399949212226300 ) ) ;
#3543 = DIRECTION ( 'NONE',  ( 0.0000000000000000000, -0.0000000000000000000, 1.000000000000000000 ) ) ;
#3544 = DIRECTION ( 'NONE',  ( 0.0000000000000000000, 1.000000000000000000, 0.0000000000000000000 ) ) ;
#3545 = CARTESIAN_POINT ( 'NONE',  ( 0.0000000000000000000, 0.07499999999999999700, 0.0000000000000000000 ) ) ;
#3546 = AXIS2_PLACEMENT_3D ( 'NONE', #3545, #3544, #3543 ) ;
#3547 = PLANE ( 'NONE',  #3546 ) ;
#3548 =( GEOMETRIC_REPRESENTATION_CONTEXT ( 3 ) GLOBAL_UNCERTAINTY_ASSIGNED_CONTEXT ( ( #3549 ) ) GLOBAL_UNIT_ASSIGNED_CONTEXT ( ( #3552, #3551, #3550 ) ) REPRESENTATION_CONTEXT ( 'NONE', 'WORKASPACE' ) );
#3549 = UNCERTAINTY_MEASURE_WITH_UNIT (LENGTH_MEASURE( 1.000000000000000100E-005 ), #3552, 'distance_accuracy_value', 'NONE');
#3550 =( NAMED_UNIT ( * ) SI_UNIT ( $, .STERADIAN. ) SOLID_ANGLE_UNIT ( ) );
#3551 =( NAMED_UNIT ( * ) PLANE_ANGLE_UNIT ( ) SI_UNIT ( $, .RADIAN. ) );
#3552 =( CONVERSION_BASED_UNIT ( 'INCH', #3553 ) LENGTH_UNIT ( ) NAMED_UNIT ( #3554 ) );
#3553 = LENGTH_MEASURE_WITH_UNIT ( LENGTH_MEASURE( 0.02539999999999999900 ), #3555 );
#3554 = DIMENSIONAL_EXPONENTS ( 1.000000000000000000, 0.0000000000000000000, 0.0000000000000000000, 0.0000000000000000000, 0.0000000000000000000, 0.0000000000000000000, 0.0000000000000000000 ) ;
#3555 =( LENGTH_UNIT ( ) NAMED_UNIT ( * ) SI_UNIT ( $, .METRE. ) );
#3556 = MECHANICAL_DESIGN_GEOMETRIC_PRESENTATION_REPRESENTATION (  '', ( #3558 ), #3548 ) ;
#3557 = PRESENTATION_LAYER_ASSIGNMENT (  '', '', ( #3558 ) ) ;
#3558 = STYLED_ITEM ( 'NONE', ( #3559 ), #685 ) ;
#3559 = PRESENTATION_STYLE_ASSIGNMENT (( #3560 ) ) ;
#3560 = SURFACE_STYLE_USAGE ( .BOTH. , #3561 ) ;
#3561 = SURFACE_SIDE_STYLE ('',( #3562 ) ) ;
#3562 = SURFACE_STYLE_FILL_AREA ( #3563 ) ;
#3563 = FILL_AREA_STYLE ('',( #3564 ) ) ;
#3564 = FILL_AREA_STYLE_COLOUR ( '', #3565 ) ;
#3565 = COLOUR_RGB ( '',0.9882352941176471000, 1.000000000000000000, 0.9882352941176471000 ) ;
#3566 = FACE_BOUND ( 'NONE', #565, .T. ) ;
#3567 = FACE_BOUND ( 'NONE', #636, .T. ) ;
#3568 = FACE_OUTER_BOUND ( 'NONE', #647, .T. ) ;
#3569 = FACE_BOUND ( 'NONE', #655, .T. ) ;
#3570 = FACE_BOUND ( 'NONE', #705, .T. ) ;
#3571 = CARTESIAN_POINT ( 'NONE',  ( -0.2732500000000042700, 0.1950000000000000100, -0.4732828831681933400 ) ) ;
#3572 = DIRECTION ( 'NONE',  ( 0.0000000000000000000, 0.0000000000000000000, 1.000000000000000000 ) ) ;
#3573 = VECTOR ( 'NONE', #3572, 39.37007874015748100 ) ;
#3574 = CARTESIAN_POINT ( 'NONE',  ( 0.1927107811956010600, 0.07499999999999999700, -0.02293471845659568800 ) ) ;
#3575 = LINE ( 'NONE', #3574, #3573 ) ;
#3576 = CARTESIAN_POINT ( 'NONE',  ( 0.2316851401699600300, 0.07499999999999999700, 0.01501399949212226300 ) ) ;
#3577 = DIRECTION ( 'NONE',  ( -1.000000000000000000, 0.0000000000000000000, 0.0000000000000000000 ) ) ;
#3578 = VECTOR ( 'NONE', #3577, 39.37007874015748100 ) ;
#3579 = CARTESIAN_POINT ( 'NONE',  ( 0.2316851401699600300, 0.07499999999999999700, 0.01501399949212226300 ) ) ;
#3580 = LINE ( 'NONE', #3579, #3578 ) ;
#3581 = DIRECTION ( 'NONE',  ( -1.000000000000000000, 0.0000000000000000000, 0.0000000000000000000 ) ) ;
#3582 = VECTOR ( 'NONE', #3581, 39.37007874015748100 ) ;
#3583 = CARTESIAN_POINT ( 'NONE',  ( 0.1927107811956010600, 0.07499999999999999700, 0.01501399949212226300 ) ) ;
#3584 = DIRECTION ( 'NONE',  ( 0.0000000000000000000, 0.0000000000000000000, -1.000000000000000000 ) ) ;
#3585 = VECTOR ( 'NONE', #3584, 39.37007874015748100 ) ;
#3586 = CARTESIAN_POINT ( 'NONE',  ( 0.2234800119648318000, 0.07499999999999999700, 0.01501399949212226300 ) ) ;
#3587 = LINE ( 'NONE', #3586, #3585 ) ;
#3588 = CARTESIAN_POINT ( 'NONE',  ( 0.2234800119648318000, 0.07499999999999999700, 0.01501399949212226300 ) ) ;
#3589 = CARTESIAN_POINT ( 'NONE',  ( 0.2316851401699600300, 0.07499999999999999700, -0.02293471845659568800 ) ) ;
#3590 = DIRECTION ( 'NONE',  ( 0.0000000000000000000, 0.0000000000000000000, 1.000000000000000000 ) ) ;
#3591 = DIRECTION ( 'NONE',  ( 0.0000000000000000000, 1.000000000000000000, 0.0000000000000000000 ) ) ;
#3592 = CARTESIAN_POINT ( 'NONE',  ( 0.0000000000000000000, 0.07499999999999999700, 0.0000000000000000000 ) ) ;
#3593 = AXIS2_PLACEMENT_3D ( 'NONE', #3592, #3591, #3590 ) ;
#3594 = CIRCLE ( 'NONE', #3593, 0.3125000000000000000 ) ;
#3595 = DIRECTION ( 'NONE',  ( -4.132898525183001800E-016, 0.0000000000000000000, 1.000000000000000000 ) ) ;
#3596 = VECTOR ( 'NONE', #3595, 39.37007874015748100 ) ;
#3597 = CARTESIAN_POINT ( 'NONE',  ( -0.09350000000000000000, 0.07499999999999999700, -0.2074999999999999600 ) ) ;
#3598 = LINE ( 'NONE', #3597, #3596 ) ;
#3599 = DIRECTION ( 'NONE',  ( 0.0000000000000000000, 0.0000000000000000000, 1.000000000000000000 ) ) ;
#3600 = DIRECTION ( 'NONE',  ( 0.0000000000000000000, 1.000000000000000000, 0.0000000000000000000 ) ) ;
#3601 = CARTESIAN_POINT ( 'NONE',  ( 0.0000000000000000000, 0.07499999999999999700, 0.0000000000000000000 ) ) ;
#3602 = AXIS2_PLACEMENT_3D ( 'NONE', #3601, #3600, #3599 ) ;
#3603 = CIRCLE ( 'NONE', #3602, 0.1560000000000000000 ) ;
#3604 = CARTESIAN_POINT ( 'NONE',  ( 0.1845056529904728300, 0.07499999999999999700, -0.1049860005078777500 ) ) ;
#3605 = CARTESIAN_POINT ( 'NONE',  ( -0.09350000000000004100, 0.07499999999999999700, -0.1248749374374217200 ) ) ;
#3606 = CARTESIAN_POINT ( 'NONE',  ( -0.09350000000000000000, 0.07499999999999999700, -0.2074999999999999600 ) ) ;
#3607 = DIRECTION ( 'NONE',  ( -1.000000000000000000, 0.0000000000000000000, 0.0000000000000000000 ) ) ;
#3608 = VECTOR ( 'NONE', #3607, 39.37007874015748100 ) ;
#3609 = CARTESIAN_POINT ( 'NONE',  ( -0.06250000000000000000, 0.07499999999999999700, -0.2074999999999999600 ) ) ;
#3610 = LINE ( 'NONE', #3609, #3608 ) ;
#3611 = DIRECTION ( 'NONE',  ( -1.000000000000000000, -0.0000000000000000000, -0.0000000000000000000 ) ) ;
#3612 = VECTOR ( 'NONE', #3611, 39.37007874015748100 ) ;
#3613 = CARTESIAN_POINT ( 'NONE',  ( 0.06250000000000000000, 0.07499999999999999700, -0.2074999999999999600 ) ) ;
#3614 = LINE ( 'NONE', #3613, #3612 ) ;
#3615 = CARTESIAN_POINT ( 'NONE',  ( 0.0000000000000000000, 0.1349999999999999500, 0.4924999999999999900 ) ) ;
#3616 = DIRECTION ( 'NONE',  ( 0.0000000000000000000, -1.000000000000000000, 0.0000000000000000000 ) ) ;
#3617 = VECTOR ( 'NONE', #3616, 39.37007874015748100 ) ;
#3618 = CARTESIAN_POINT ( 'NONE',  ( 0.0000000000000000000, 0.05999999999999999800, -0.1250000000000000000 ) ) ;
#3619 = LINE ( 'NONE', #3618, #3617 ) ;
#3620 = DIRECTION ( 'NONE',  ( 0.0000000000000000000, 0.7071067811865438000, 0.7071067811865511300 ) ) ;
#3621 = VECTOR ( 'NONE', #3620, 39.37007874015748900 ) ;
#3622 = CARTESIAN_POINT ( 'NONE',  ( 0.0000000000000000000, 0.05499999999999999300, 0.4124999999999992000 ) ) ;
#3623 = LINE ( 'NONE', #3622, #3621 ) ;
#3624 = DIRECTION ( 'NONE',  ( 0.0000000000000000000, -1.000000000000000000, 0.0000000000000000000 ) ) ;
#3625 = VECTOR ( 'NONE', #3624, 39.37007874015748100 ) ;
#3626 = CARTESIAN_POINT ( 'NONE',  ( 1.530757942277971300E-017, 0.05999999999999999800, 0.1250000000000000000 ) ) ;
#3627 = DIRECTION ( 'NONE',  ( 0.0000000000000000000, 0.0000000000000000000, 1.000000000000000000 ) ) ;
#3628 = DIRECTION ( 'NONE',  ( -0.0000000000000000000, -1.000000000000000000, -0.0000000000000000000 ) ) ;
#3629 = CARTESIAN_POINT ( 'NONE',  ( -0.1875000000000015500, -0.02000000000000000700, -0.3247595264191637200 ) ) ;
#3630 = AXIS2_PLACEMENT_3D ( 'NONE', #3629, #3628, #3627 ) ;
#3631 = CIRCLE ( 'NONE', #3630, 0.03099999999999998900 ) ;
#3632 = LINE ( 'NONE', #3626, #3625 ) ;
#3633 = CARTESIAN_POINT ( 'NONE',  ( -0.01340528192810733200, 0.0000000000000000000, -0.1242791149647758000 ) ) ;
#3634 = DIRECTION ( 'NONE',  ( 0.0000000000000000000, 0.0000000000000000000, 1.000000000000000000 ) ) ;
#3635 = DIRECTION ( 'NONE',  ( 0.0000000000000000000, 1.000000000000000000, 0.0000000000000000000 ) ) ;
#3636 = AXIS2_PLACEMENT_3D ( 'NONE', #3642, #3635, #3634 ) ;
#3637 = CIRCLE ( 'NONE', #3636, 0.1250000000000000000 ) ;
#3638 = DIRECTION ( 'NONE',  ( 0.0000000000000000000, 0.0000000000000000000, 1.000000000000000000 ) ) ;
#3639 = DIRECTION ( 'NONE',  ( -0.0000000000000000000, -1.000000000000000000, -0.0000000000000000000 ) ) ;
#3640 = CARTESIAN_POINT ( 'NONE',  ( 0.0000000000000000000, 0.05499999999999999300, 0.0000000000000000000 ) ) ;
#3641 = AXIS2_PLACEMENT_3D ( 'NONE', #3640, #3639, #3638 ) ;
#3642 = CARTESIAN_POINT ( 'NONE',  ( 0.0000000000000000000, 0.0000000000000000000, 0.0000000000000000000 ) ) ;
#3643 = LINE ( 'NONE', #3648, #3647 ) ;
#3644 = CARTESIAN_POINT ( 'NONE',  ( 0.0000000000000000000, 0.1748849947141351300, 0.4924999999999999900 ) ) ;
#3645 = CARTESIAN_POINT ( 'NONE',  ( 0.1845056529904728300, 0.07499999999999999700, 0.01501399949212226300 ) ) ;
#3646 = DIRECTION ( 'NONE',  ( 0.0000000000000000000, 0.0000000000000000000, -1.000000000000000000 ) ) ;
#3647 = VECTOR ( 'NONE', #3646, 39.37007874015748100 ) ;
#3648 = CARTESIAN_POINT ( 'NONE',  ( 0.1845056529904728300, 0.07499999999999999700, 0.01501399949212226300 ) ) ;
#3649 = CIRCLE ( 'NONE', #3641, 0.1250000000000000000 ) ;
#3650 = DIRECTION ( 'NONE',  ( 0.0000000000000000000, 0.0000000000000000000, 1.000000000000000000 ) ) ;
#3651 = DIRECTION ( 'NONE',  ( 0.0000000000000000000, 1.000000000000000000, 0.0000000000000000000 ) ) ;
#3652 = AXIS2_PLACEMENT_3D ( 'NONE', #3653, #3651, #3650 ) ;
#3653 = CARTESIAN_POINT ( 'NONE',  ( 0.0000000000000000000, 0.05499999999999999300, 0.0000000000000000000 ) ) ;
#3654 = CONICAL_SURFACE ( 'NONE', #3652, 0.4124999999999992000, 0.7853981633974535000 ) ;
#3655 = FACE_OUTER_BOUND ( 'NONE', #734, .T. ) ;
#3656 = DIRECTION ( 'NONE',  ( -0.0000000000000000000, -1.000000000000000000, -0.0000000000000000000 ) ) ;
#3657 = VECTOR ( 'NONE', #3656, 39.37007874015748100 ) ;
#3658 = CARTESIAN_POINT ( 'NONE',  ( 0.0000000000000000000, 0.1950000000000000100, -0.5464999999999999900 ) ) ;
#3659 = LINE ( 'NONE', #3658, #3657 ) ;
#3660 = CARTESIAN_POINT ( 'NONE',  ( 0.0000000000000000000, 0.05499999999999999300, 0.4124999999999992000 ) ) ;
#3661 = CARTESIAN_POINT ( 'NONE',  ( 5.541343751046252700E-017, 0.05499999999999999300, -0.4124999999999992000 ) ) ;
#3662 = CARTESIAN_POINT ( 'NONE',  ( 1.530757942277971300E-017, 0.05499999999999999300, 0.1250000000000000000 ) ) ;
#3663 = CARTESIAN_POINT ( 'NONE',  ( 0.0000000000000000000, 0.0000000000000000000, -0.1250000000000000000 ) ) ;
#3664 = DIRECTION ( 'NONE',  ( 0.0000000000000000000, 0.0000000000000000000, 1.000000000000000000 ) ) ;
#3665 = DIRECTION ( 'NONE',  ( 0.0000000000000000000, 1.000000000000000000, 0.0000000000000000000 ) ) ;
#3666 = CARTESIAN_POINT ( 'NONE',  ( 0.0000000000000000000, 0.0000000000000000000, 0.0000000000000000000 ) ) ;
#3667 = AXIS2_PLACEMENT_3D ( 'NONE', #3666, #3665, #3664 ) ;
#3668 = CIRCLE ( 'NONE', #3667, 0.1250000000000000000 ) ;
#3669 = DIRECTION ( 'NONE',  ( 0.0000000000000000000, 0.0000000000000000000, -1.000000000000000000 ) ) ;
#3670 = FACE_OUTER_BOUND ( 'NONE', #874, .T. ) ;
#3671 = CYLINDRICAL_SURFACE ( 'NONE', #3673, 0.4924999999999999900 ) ;
#3672 = DIRECTION ( 'NONE',  ( -0.0000000000000000000, 1.000000000000000000, -0.0000000000000000000 ) ) ;
#3673 = AXIS2_PLACEMENT_3D ( 'NONE', #3674, #3672, #3785 ) ;
#3674 = CARTESIAN_POINT ( 'NONE',  ( 0.0000000000000000000, 0.05499999999999999300, 0.0000000000000000000 ) ) ;
#3675 = CARTESIAN_POINT ( 'NONE',  ( 0.06500000000000014100, 0.0000000000000000000, 0.6475000000000000800 ) ) ;
#3676 = LINE ( 'NONE', #3675, #3713 ) ;
#3677 = DIRECTION ( 'NONE',  ( 1.000000000000000000, -0.0000000000000000000, 0.0000000000000000000 ) ) ;
#3678 = VECTOR ( 'NONE', #3677, 39.37007874015748100 ) ;
#3679 = CARTESIAN_POINT ( 'NONE',  ( 0.1000000000000001600, 0.0000000000000000000, 0.6500000000000000200 ) ) ;
#3680 = LINE ( 'NONE', #3679, #3678 ) ;
#3681 = CARTESIAN_POINT ( 'NONE',  ( -0.06499999999999996100, 0.0000000000000000000, 0.5779999999999999600 ) ) ;
#3682 = DIRECTION ( 'NONE',  ( -0.0000000000000000000, -0.0000000000000000000, -1.000000000000000000 ) ) ;
#3683 = VECTOR ( 'NONE', #3682, 39.37007874015748100 ) ;
#3684 = CARTESIAN_POINT ( 'NONE',  ( -0.06499999999999993300, 0.0000000000000000000, 0.5779999999999999600 ) ) ;
#3685 = LINE ( 'NONE', #3684, #3683 ) ;
#3686 = CARTESIAN_POINT ( 'NONE',  ( -0.1249999999999998600, 0.1950000000000000100, 0.6474999999999998500 ) ) ;
#3687 = CARTESIAN_POINT ( 'NONE',  ( -0.1249999999999998800, 0.1950000000000000100, 0.5514637340750523400 ) ) ;
#3688 = DIRECTION ( 'NONE',  ( 2.956864247876996600E-016, -0.0000000000000000000, 1.000000000000000000 ) ) ;
#3689 = VECTOR ( 'NONE', #3688, 39.37007874015748100 ) ;
#3690 = CARTESIAN_POINT ( 'NONE',  ( -0.1249999999999998500, 0.1950000000000000100, 0.6474999999999998500 ) ) ;
#3691 = DIRECTION ( 'NONE',  ( -2.956864247876996600E-016, 0.0000000000000000000, -1.000000000000000000 ) ) ;
#3692 = DIRECTION ( 'NONE',  ( 1.000000000000000000, 0.0000000000000000000, -2.956864247876996600E-016 ) ) ;
#3693 = LINE ( 'NONE', #3690, #3689 ) ;
#3694 = CARTESIAN_POINT ( 'NONE',  ( -0.1249999999999998500, 0.1950000000000000100, 0.6474999999999998500 ) ) ;
#3695 = AXIS2_PLACEMENT_3D ( 'NONE', #3694, #3692, #3691 ) ;
#3696 = FACE_OUTER_BOUND ( 'NONE', #885, .T. ) ;
#3697 = CARTESIAN_POINT ( 'NONE',  ( 0.0000000000000000000, 0.1748849947141351300, 0.4924999999999999900 ) ) ;
#3698 = CARTESIAN_POINT ( 'NONE',  ( 0.02613749478144042300, 0.1748849947141351600, 0.4925000000000001600 ) ) ;
#3699 = CARTESIAN_POINT ( 'NONE',  ( 0.05219238827739348200, 0.1736862233480586400, 0.4904236670872968400 ) ) ;
#3700 = CARTESIAN_POINT ( 'NONE',  ( 0.07800000000000000000, 0.1712962574748717000, 0.4862841247665813400 ) ) ;
#3701 =( BOUNDED_CURVE ( )  B_SPLINE_CURVE ( 3, ( #3700, #3699, #3698, #3697 ),
 .UNSPECIFIED., .F., .T. ) 
 B_SPLINE_CURVE_WITH_KNOTS ( ( 4, 4 ),
 ( 6.124140000846419500, 6.283185307179586200 ),
 .UNSPECIFIED. ) 
 CURVE ( )  GEOMETRIC_REPRESENTATION_ITEM ( )  RATIONAL_B_SPLINE_CURVE ( ( 1.000000000000000000, 0.9978931598411096000, 0.9978931598411096000, 1.000000000000000000 ) ) 
 REPRESENTATION_ITEM ( '' )  );
#3702 = DIRECTION ( 'NONE',  ( 0.0000000000000000000, 1.000000000000000000, 0.0000000000000000000 ) ) ;
#3703 = CARTESIAN_POINT ( 'NONE',  ( 0.1000000000000001600, 0.0000000000000000000, 0.6474999999999999600 ) ) ;
#3704 = AXIS2_PLACEMENT_3D ( 'NONE', #3703, #3702, #3806 ) ;
#3705 = PLANE ( 'NONE',  #3704 ) ;
#3706 = FACE_BOUND ( 'NONE', #811, .T. ) ;
#3707 = FACE_BOUND ( 'NONE', #812, .T. ) ;
#3708 = FACE_BOUND ( 'NONE', #826, .T. ) ;
#3709 = FACE_BOUND ( 'NONE', #824, .T. ) ;
#3710 = FACE_OUTER_BOUND ( 'NONE', #821, .T. ) ;
#3711 = FACE_BOUND ( 'NONE', #895, .T. ) ;
#3712 = DIRECTION ( 'NONE',  ( -2.716326130063889900E-015, 0.0000000000000000000, -1.000000000000000000 ) ) ;
#3713 = VECTOR ( 'NONE', #3712, 39.37007874015748100 ) ;
#3714 =( CONVERSION_BASED_UNIT ( 'INCH', #3715 ) LENGTH_UNIT ( ) NAMED_UNIT ( #3716 ) );
#3715 = LENGTH_MEASURE_WITH_UNIT ( LENGTH_MEASURE( 0.02539999999999999900 ), #3717 );
#3716 = DIMENSIONAL_EXPONENTS ( 1.000000000000000000, 0.0000000000000000000, 0.0000000000000000000, 0.0000000000000000000, 0.0000000000000000000, 0.0000000000000000000, 0.0000000000000000000 ) ;
#3717 =( LENGTH_UNIT ( ) NAMED_UNIT ( * ) SI_UNIT ( $, .METRE. ) );
#3718 = MECHANICAL_DESIGN_GEOMETRIC_PRESENTATION_REPRESENTATION (  '', ( #3720 ), #3826 ) ;
#3719 = PRESENTATION_LAYER_ASSIGNMENT (  '', '', ( #3720 ) ) ;
#3720 = STYLED_ITEM ( 'NONE', ( #3721 ), #921 ) ;
#3721 = PRESENTATION_STYLE_ASSIGNMENT (( #3722 ) ) ;
#3722 = SURFACE_STYLE_USAGE ( .BOTH. , #3723 ) ;
#3723 = SURFACE_SIDE_STYLE ('',( #3724 ) ) ;
#3724 = SURFACE_STYLE_FILL_AREA ( #3725 ) ;
#3725 = FILL_AREA_STYLE ('',( #3732 ) ) ;
#3726 = COLOUR_RGB ( '',0.6274509803921568500, 0.6588235294117647000, 0.6784313725490196400 ) ;
#3727 = FACE_OUTER_BOUND ( 'NONE', #926, .T. ) ;
#3728 = DIRECTION ( 'NONE',  ( -1.000000000000000000, 0.0000000000000000000, -0.0000000000000000000 ) ) ;
#3729 = VECTOR ( 'NONE', #3728, 39.37007874015748100 ) ;
#3730 = CARTESIAN_POINT ( 'NONE',  ( -0.06799999999999997700, 0.05399999999999999200, -0.1874999999999999700 ) ) ;
#3731 = LINE ( 'NONE', #3730, #3729 ) ;
#3732 = FILL_AREA_STYLE_COLOUR ( '', #3726 ) ;
#3733 = CARTESIAN_POINT ( 'NONE',  ( -0.06800000000000000500, 0.0000000000000000000, -0.1874999999999999700 ) ) ;
#3734 = CARTESIAN_POINT ( 'NONE',  ( 0.06250000000000000000, 0.05399999999999999200, -0.1874999999999999700 ) ) ;
#3735 = CARTESIAN_POINT ( 'NONE',  ( 0.06799999999999997700, 0.05499999999999999300, -0.1874999999999999700 ) ) ;
#3736 = DIRECTION ( 'NONE',  ( 1.000000000000000000, -0.0000000000000000000, 0.0000000000000000000 ) ) ;
#3737 = VECTOR ( 'NONE', #3736, 39.37007874015748100 ) ;
#3738 = CARTESIAN_POINT ( 'NONE',  ( 0.0000000000000000000, 0.05499999999999999300, -0.1874999999999999700 ) ) ;
#3739 = LINE ( 'NONE', #3738, #3737 ) ;
#3740 = CARTESIAN_POINT ( 'NONE',  ( 0.06799999999999997700, 0.0000000000000000000, -0.1874999999999999700 ) ) ;
#3741 = DIRECTION ( 'NONE',  ( -1.000000000000000000, -0.0000000000000000000, -0.0000000000000000000 ) ) ;
#3742 = VECTOR ( 'NONE', #3741, 39.37007874015748100 ) ;
#3743 = CARTESIAN_POINT ( 'NONE',  ( -0.06799999999999997700, 0.0000000000000000000, -0.1874999999999999700 ) ) ;
#3744 = LINE ( 'NONE', #3743, #3742 ) ;
#3745 = DIRECTION ( 'NONE',  ( 0.0000000000000000000, -1.000000000000000000, 0.0000000000000000000 ) ) ;
#3746 = VECTOR ( 'NONE', #3745, 39.37007874015748100 ) ;
#3747 = LINE ( 'NONE', #4017, #3982 ) ;
#3748 = DIRECTION ( 'NONE',  ( -1.000000000000000000, 0.0000000000000000000, 0.0000000000000000000 ) ) ;
#3749 = VECTOR ( 'NONE', #3748, 39.37007874015748100 ) ;
#3750 = CARTESIAN_POINT ( 'NONE',  ( -0.006937693086198524000, 0.2204769151050407200, 0.4994914148790333700 ) ) ;
#3751 = LINE ( 'NONE', #3750, #3749 ) ;
#3752 = DIRECTION ( 'NONE',  ( -1.000000000000000000, 0.0000000000000000000, 0.0000000000000000000 ) ) ;
#3753 = DIRECTION ( 'NONE',  ( -0.0000000000000000000, 0.0000000000000000000, -1.000000000000000000 ) ) ;
#3754 = CARTESIAN_POINT ( 'NONE',  ( 0.06500000000000008500, -0.005000000000000014800, 0.6280000000000000000 ) ) ;
#3755 = AXIS2_PLACEMENT_3D ( 'NONE', #3754, #3753, #3752 ) ;
#3756 = CARTESIAN_POINT ( 'NONE',  ( 0.06249999999999995100, -0.05500000000000000000, 0.6280000000000000000 ) ) ;
#3757 = PLANE ( 'NONE',  #3755 ) ;
#3758 = FACE_OUTER_BOUND ( 'NONE', #949, .T. ) ;
#3759 = CARTESIAN_POINT ( 'NONE',  ( -0.006937693086198524000, 0.2204769151050407200, 0.4994914148790333700 ) ) ;
#3760 = DIRECTION ( 'NONE',  ( 0.0000000000000000000, -0.1391731009600578300, -0.9902680687415714700 ) ) ;
#3761 = VECTOR ( 'NONE', #3760, 39.37007874015748100 ) ;
#3762 = CARTESIAN_POINT ( 'NONE',  ( -0.006937693086198524000, 0.2261317882260202600, 0.5397279278679777400 ) ) ;
#3763 = LINE ( 'NONE', #3762, #3761 ) ;
#3764 = CARTESIAN_POINT ( 'NONE',  ( 0.06249999999999995100, 0.1950000000000000300, 0.6280000000000000000 ) ) ;
#3765 = DIRECTION ( 'NONE',  ( -1.000000000000000000, -0.0000000000000000000, -0.0000000000000000000 ) ) ;
#3766 = VECTOR ( 'NONE', #3765, 39.37007874015748100 ) ;
#3767 = CARTESIAN_POINT ( 'NONE',  ( -0.06499999999999993300, -0.05500000000000000000, 0.6280000000000000000 ) ) ;
#3768 = LINE ( 'NONE', #3767, #3766 ) ;
#3769 = DIRECTION ( 'NONE',  ( 0.0000000000000000000, 1.000000000000000000, 0.0000000000000000000 ) ) ;
#3770 = VECTOR ( 'NONE', #3769, 39.37007874015748100 ) ;
#3771 = CARTESIAN_POINT ( 'NONE',  ( 0.06249999999999995100, -0.09200000000000001200, 0.6280000000000000000 ) ) ;
#3772 = LINE ( 'NONE', #3771, #3770 ) ;
#3773 = CARTESIAN_POINT ( 'NONE',  ( 0.06500000000000008500, -0.05500000000000000000, 0.6280000000000000000 ) ) ;
#3774 = DIRECTION ( 'NONE',  ( -0.0000000000000000000, 1.000000000000000000, -0.0000000000000000000 ) ) ;
#3775 = VECTOR ( 'NONE', #3774, 39.37007874015748100 ) ;
#3776 = CARTESIAN_POINT ( 'NONE',  ( 0.06500000000000008500, -0.005000000000000014800, 0.6280000000000000000 ) ) ;
#3777 = LINE ( 'NONE', #3776, #3775 ) ;
#3778 = CARTESIAN_POINT ( 'NONE',  ( 0.06500000000000014100, 0.0000000000000000000, 0.6500000000000000200 ) ) ;
#3779 = CARTESIAN_POINT ( 'NONE',  ( 0.06500000000000009900, 0.0000000000000000000, 0.5779999999999999600 ) ) ;
#3780 = DIRECTION ( 'NONE',  ( -0.0000000000000000000, -1.000000000000000000, -0.0000000000000000000 ) ) ;
#3781 = VECTOR ( 'NONE', #3780, 39.37007874015748100 ) ;
#3782 = CARTESIAN_POINT ( 'NONE',  ( -0.1249999999999998800, 0.0000000000000000000, 0.5514637340750523400 ) ) ;
#3783 = LINE ( 'NONE', #3782, #3781 ) ;
#3784 = CIRCLE ( 'NONE', #3791, 0.4924999999999999900 ) ;
#3785 = DIRECTION ( 'NONE',  ( 0.0000000000000000000, 0.0000000000000000000, 1.000000000000000000 ) ) ;
#3786 = PLANE ( 'NONE',  #3695 ) ;
#3787 = CARTESIAN_POINT ( 'NONE',  ( 0.07800000000000000000, 0.1712962574748717000, 0.4862841247665813400 ) ) ;
#3788 = DIRECTION ( 'NONE',  ( 0.0000000000000000000, 0.0000000000000000000, 1.000000000000000000 ) ) ;
#3789 = DIRECTION ( 'NONE',  ( -0.0000000000000000000, -1.000000000000000000, -0.0000000000000000000 ) ) ;
#3790 = CARTESIAN_POINT ( 'NONE',  ( 0.0000000000000000000, 0.1349999999999999500, 0.0000000000000000000 ) ) ;
#3791 = AXIS2_PLACEMENT_3D ( 'NONE', #3790, #3789, #3788 ) ;
#3792 = CARTESIAN_POINT ( 'NONE',  ( -0.06799999999999997700, 0.1000000000000000100, -0.1874999999999999700 ) ) ;
#3793 = LINE ( 'NONE', #3792, #3746 ) ;
#3794 = DIRECTION ( 'NONE',  ( -1.707404996040164000E-016, -0.0000000000000000000, 1.000000000000000000 ) ) ;
#3795 = VECTOR ( 'NONE', #3794, 39.37007874015748100 ) ;
#3796 = CARTESIAN_POINT ( 'NONE',  ( 0.06500000000000008500, 0.0000000000000000000, 0.6280000000000000000 ) ) ;
#3797 = LINE ( 'NONE', #3796, #3795 ) ;
#3798 = DIRECTION ( 'NONE',  ( -2.716326130063889900E-015, 0.0000000000000000000, 1.000000000000000000 ) ) ;
#3799 = VECTOR ( 'NONE', #3798, 39.37007874015748100 ) ;
#3800 = CARTESIAN_POINT ( 'NONE',  ( -0.06499999999999998800, 0.0000000000000000000, 0.6474999999999996300 ) ) ;
#3801 = LINE ( 'NONE', #3800, #3799 ) ;
#3802 = DIRECTION ( 'NONE',  ( 0.0000000000000000000, -1.000000000000000000, 0.0000000000000000000 ) ) ;
#3803 = VECTOR ( 'NONE', #3802, 39.37007874015748100 ) ;
#3804 = CARTESIAN_POINT ( 'NONE',  ( 0.06250000000000000000, 0.1000000000000000100, -0.1874999999999999700 ) ) ;
#3805 = LINE ( 'NONE', #3804, #3803 ) ;
#3806 = DIRECTION ( 'NONE',  ( 0.0000000000000000000, -0.0000000000000000000, 1.000000000000000000 ) ) ;
#3807 = CARTESIAN_POINT ( 'NONE',  ( -0.06250000000000001400, -0.05500000000000000000, 0.6280000000000000000 ) ) ;
#3808 = DIRECTION ( 'NONE',  ( 0.0000000000000000000, -1.000000000000000000, 0.0000000000000000000 ) ) ;
#3809 = VECTOR ( 'NONE', #3808, 39.37007874015748100 ) ;
#3810 = CARTESIAN_POINT ( 'NONE',  ( 0.06799999999999997700, 0.1000000000000000100, -0.1874999999999999700 ) ) ;
#3811 = LINE ( 'NONE', #3810, #3809 ) ;
#3812 = CARTESIAN_POINT ( 'NONE',  ( 0.06250000000000000000, 0.05499999999999999300, -0.1874999999999999700 ) ) ;
#3813 = DIRECTION ( 'NONE',  ( 0.0000000000000000000, -0.0000000000000000000, 1.000000000000000000 ) ) ;
#3814 = VECTOR ( 'NONE', #3813, 39.37007874015748100 ) ;
#3815 = CARTESIAN_POINT ( 'NONE',  ( 0.06250000000000000000, 0.05499999999999999300, 0.0000000000000000000 ) ) ;
#3816 = LINE ( 'NONE', #3815, #3814 ) ;
#3817 = DIRECTION ( 'NONE',  ( -0.0000000000000000000, 0.0000000000000000000, -1.000000000000000000 ) ) ;
#3818 = VECTOR ( 'NONE', #3817, 39.37007874015748100 ) ;
#3819 = CARTESIAN_POINT ( 'NONE',  ( -0.06799999999999997700, 0.05499999999999999300, 0.0000000000000000000 ) ) ;
#3820 = LINE ( 'NONE', #3819, #3818 ) ;
#3821 = DIRECTION ( 'NONE',  ( 1.000000000000000000, 0.0000000000000000000, 0.0000000000000000000 ) ) ;
#3822 = DIRECTION ( 'NONE',  ( -0.0000000000000000000, 0.0000000000000000000, 1.000000000000000000 ) ) ;
#3823 = CARTESIAN_POINT ( 'NONE',  ( -0.06799999999999997700, 0.1000000000000000100, -0.1874999999999999700 ) ) ;
#3824 = AXIS2_PLACEMENT_3D ( 'NONE', #3823, #3822, #3821 ) ;
#3825 = PLANE ( 'NONE',  #3824 ) ;
#3826 =( GEOMETRIC_REPRESENTATION_CONTEXT ( 3 ) GLOBAL_UNCERTAINTY_ASSIGNED_CONTEXT ( ( #3827 ) ) GLOBAL_UNIT_ASSIGNED_CONTEXT ( ( #3714, #3829, #3828 ) ) REPRESENTATION_CONTEXT ( 'NONE', 'WORKASPACE' ) );
#3827 = UNCERTAINTY_MEASURE_WITH_UNIT (LENGTH_MEASURE( 1.000000000000000100E-005 ), #3714, 'distance_accuracy_value', 'NONE');
#3828 =( NAMED_UNIT ( * ) SI_UNIT ( $, .STERADIAN. ) SOLID_ANGLE_UNIT ( ) );
#3829 =( NAMED_UNIT ( * ) PLANE_ANGLE_UNIT ( ) SI_UNIT ( $, .RADIAN. ) );
#3830 = MECHANICAL_DESIGN_GEOMETRIC_PRESENTATION_REPRESENTATION (  '', ( #4307 ), #4467 ) ;
#3831 = DIRECTION ( 'NONE',  ( 0.0000000000000000000, 0.0000000000000000000, 1.000000000000000000 ) ) ;
#3832 = DIRECTION ( 'NONE',  ( -1.000000000000000000, 0.0000000000000000000, 0.0000000000000000000 ) ) ;
#3833 = CARTESIAN_POINT ( 'NONE',  ( 0.1250000000000001400, 0.1950000000000000100, 0.6474999999999998500 ) ) ;
#3834 = AXIS2_PLACEMENT_3D ( 'NONE', #3833, #3832, #3831 ) ;
#3835 = PLANE ( 'NONE',  #3834 ) ;
#3836 = DIRECTION ( 'NONE',  ( 0.0000000000000000000, 0.0000000000000000000, -1.000000000000000000 ) ) ;
#3837 = DIRECTION ( 'NONE',  ( -0.0000000000000000000, -1.000000000000000000, -0.0000000000000000000 ) ) ;
#3838 = AXIS2_PLACEMENT_3D ( 'NONE', #3840, #3837, #3836 ) ;
#3839 = FACE_OUTER_BOUND ( 'NONE', #1104, .T. ) ;
#3840 = CARTESIAN_POINT ( 'NONE',  ( 0.1500000000000001600, 0.1950000000000000100, 0.5514637340750523400 ) ) ;
#3841 = CYLINDRICAL_SURFACE ( 'NONE', #3838, 0.02500000000000000500 ) ;
#3842 = FACE_OUTER_BOUND ( 'NONE', #1089, .T. ) ;
#3843 = DIRECTION ( 'NONE',  ( 1.000000000000000000, 0.0000000000000000000, 0.0000000000000000000 ) ) ;
#3844 = VECTOR ( 'NONE', #3843, 39.37007874015748100 ) ;
#3845 = CARTESIAN_POINT ( 'NONE',  ( -0.06500000000000000200, 0.1950000000000000100, 0.6500000000000000200 ) ) ;
#3846 = LINE ( 'NONE', #3845, #3844 ) ;
#3847 = CARTESIAN_POINT ( 'NONE',  ( 0.06500000000000015500, 0.1950000000000000100, 0.6500000000000000200 ) ) ;
#3848 = DIRECTION ( 'NONE',  ( -2.716326130063890200E-015, 0.0000000000000000000, -1.000000000000000000 ) ) ;
#3849 = VECTOR ( 'NONE', #3848, 39.37007874015748100 ) ;
#3850 = CARTESIAN_POINT ( 'NONE',  ( 0.06500000000000015500, 0.1950000000000000100, 0.6500000000000000200 ) ) ;
#3851 = DIRECTION ( 'NONE',  ( -1.000000000000000000, 0.0000000000000000000, -0.0000000000000000000 ) ) ;
#3852 = DIRECTION ( 'NONE',  ( 0.0000000000000000000, 0.0000000000000000000, -1.000000000000000000 ) ) ;
#3853 = LINE ( 'NONE', #3850, #3849 ) ;
#3854 = CARTESIAN_POINT ( 'NONE',  ( -0.09999999999999967200, 0.1950000000000000100, 0.6724999999999999900 ) ) ;
#3855 = AXIS2_PLACEMENT_3D ( 'NONE', #3854, #3852, #3851 ) ;
#3856 = FACE_OUTER_BOUND ( 'NONE', #1080, .T. ) ;
#3857 = DIRECTION ( 'NONE',  ( 0.0000000000000000000, 0.0000000000000000000, -1.000000000000000000 ) ) ;
#3858 = DIRECTION ( 'NONE',  ( -0.0000000000000000000, 1.000000000000000000, -0.0000000000000000000 ) ) ;
#3859 = CARTESIAN_POINT ( 'NONE',  ( -0.09999999999999985300, 0.1950000000000000100, 0.6474999999999999600 ) ) ;
#3860 = AXIS2_PLACEMENT_3D ( 'NONE', #3859, #3858, #3857 ) ;
#3861 = CIRCLE ( 'NONE', #3860, 0.02500000000000000500 ) ;
#3862 = LINE ( 'NONE', #3952, #3951 ) ;
#3863 = CARTESIAN_POINT ( 'NONE',  ( 0.06250000000000000000, 0.05499999999999999300, -0.2074999999999999600 ) ) ;
#3864 = CARTESIAN_POINT ( 'NONE',  ( -0.06250000000000000000, 0.05399999999999999200, -0.1874999999999999700 ) ) ;
#3865 = DIRECTION ( 'NONE',  ( 0.0000000000000000000, -0.0000000000000000000, 1.000000000000000000 ) ) ;
#3866 = VECTOR ( 'NONE', #3865, 39.37007874015748100 ) ;
#3867 = CARTESIAN_POINT ( 'NONE',  ( 0.06799999999999997700, 0.05499999999999999300, 0.0000000000000000000 ) ) ;
#3868 = LINE ( 'NONE', #3867, #3866 ) ;
#3869 = DIRECTION ( 'NONE',  ( -1.000000000000000000, 0.0000000000000000000, 0.0000000000000000000 ) ) ;
#3870 = VECTOR ( 'NONE', #3869, 39.37007874015748100 ) ;
#3871 = CARTESIAN_POINT ( 'NONE',  ( 0.0000000000000000000, 0.05499999999999999300, -0.2074999999999999600 ) ) ;
#3872 = LINE ( 'NONE', #3871, #3870 ) ;
#3873 = DIRECTION ( 'NONE',  ( 0.0000000000000000000, 1.000000000000000000, 0.0000000000000000000 ) ) ;
#3874 = VECTOR ( 'NONE', #3873, 39.37007874015748100 ) ;
#3875 = CARTESIAN_POINT ( 'NONE',  ( -0.06250000000000000000, 0.1000000000000000100, -0.1874999999999999700 ) ) ;
#3876 = LINE ( 'NONE', #3875, #3874 ) ;
#3877 = CARTESIAN_POINT ( 'NONE',  ( 0.005428549595004794100, 0.2131009936428934800, 0.4470090066325841900 ) ) ;
#3878 = DIRECTION ( 'NONE',  ( 0.0000000000000000000, 0.1391731009600580500, 0.9902680687415712500 ) ) ;
#3879 = VECTOR ( 'NONE', #3878, 39.37007874015748900 ) ;
#3880 = CARTESIAN_POINT ( 'NONE',  ( 0.005428549595004794100, 0.2131009936428934800, 0.4470090066325841900 ) ) ;
#3881 = LINE ( 'NONE', #3880, #3879 ) ;
#3882 = CARTESIAN_POINT ( 'NONE',  ( -0.04756963332443797700, 0.2204769151050407200, 0.4994914148790333700 ) ) ;
#3883 = CARTESIAN_POINT ( 'NONE',  ( -0.006937693086198524000, 0.2131009936428934800, 0.4470090066325841900 ) ) ;
#3884 = DIRECTION ( 'NONE',  ( 0.0000000000000000000, -0.1391731009600580500, -0.9902680687415712500 ) ) ;
#3885 = VECTOR ( 'NONE', #3884, 39.37007874015748900 ) ;
#3886 = CARTESIAN_POINT ( 'NONE',  ( -0.006937693086198524000, 0.2187558667638730100, 0.4872455196215285100 ) ) ;
#3887 = LINE ( 'NONE', #3886, #3885 ) ;
#3888 = CARTESIAN_POINT ( 'NONE',  ( -0.006937693086198524000, 0.2187558667638730100, 0.4872455196215285100 ) ) ;
#3889 = DIRECTION ( 'NONE',  ( 1.000000000000000000, 0.0000000000000000000, 0.0000000000000000000 ) ) ;
#3890 = VECTOR ( 'NONE', #3889, 39.37007874015748100 ) ;
#3891 = CARTESIAN_POINT ( 'NONE',  ( -0.04756963332443797700, 0.2187558667638730100, 0.4872455196215285100 ) ) ;
#3892 = PLANE ( 'NONE',  #3855 ) ;
#3893 = CARTESIAN_POINT ( 'NONE',  ( -0.09999999999999967200, 0.1950000000000000100, 0.6724999999999999900 ) ) ;
#3894 = DIRECTION ( 'NONE',  ( -0.0000000000000000000, -1.000000000000000000, -0.0000000000000000000 ) ) ;
#3895 = VECTOR ( 'NONE', #3894, 39.37007874015748100 ) ;
#3896 = CARTESIAN_POINT ( 'NONE',  ( -0.09999999999999967200, 0.1950000000000000100, 0.6724999999999999900 ) ) ;
#3897 = LINE ( 'NONE', #3896, #3895 ) ;
#3898 = DIRECTION ( 'NONE',  ( 0.0000000000000000000, 0.0000000000000000000, -1.000000000000000000 ) ) ;
#3899 = DIRECTION ( 'NONE',  ( -0.0000000000000000000, -1.000000000000000000, -0.0000000000000000000 ) ) ;
#3900 = CARTESIAN_POINT ( 'NONE',  ( -0.09999999999999985300, 0.1950000000000000100, 0.6474999999999999600 ) ) ;
#3901 = AXIS2_PLACEMENT_3D ( 'NONE', #3900, #3899, #3898 ) ;
#3902 = CYLINDRICAL_SURFACE ( 'NONE', #3901, 0.02500000000000000500 ) ;
#3903 = FACE_OUTER_BOUND ( 'NONE', #1068, .T. ) ;
#3904 = DIRECTION ( 'NONE',  ( -0.0000000000000000000, -1.000000000000000000, -0.0000000000000000000 ) ) ;
#3905 = VECTOR ( 'NONE', #3904, 39.37007874015748100 ) ;
#3906 = CARTESIAN_POINT ( 'NONE',  ( -0.1249999999999998600, 0.1950000000000000100, 0.6474999999999998500 ) ) ;
#3907 = LINE ( 'NONE', #3906, #3905 ) ;
#3908 = DIRECTION ( 'NONE',  ( -1.000000000000000000, -0.0000000000000000000, -0.0000000000000000000 ) ) ;
#3909 = VECTOR ( 'NONE', #3908, 39.37007874015748100 ) ;
#3910 = CARTESIAN_POINT ( 'NONE',  ( -0.06799999999999997700, 0.0000000000000000000, -0.1242791149647758000 ) ) ;
#3911 = LINE ( 'NONE', #3910, #3909 ) ;
#3912 = DIRECTION ( 'NONE',  ( 0.0000000000000000000, 0.0000000000000000000, 1.000000000000000000 ) ) ;
#3913 = VECTOR ( 'NONE', #3912, 39.37007874015748100 ) ;
#3914 = CARTESIAN_POINT ( 'NONE',  ( 0.06799999999999997700, 0.0000000000000000000, -0.1525000000000000000 ) ) ;
#3915 = LINE ( 'NONE', #3914, #3913 ) ;
#3916 = CARTESIAN_POINT ( 'NONE',  ( 0.01340528192810733200, 0.0000000000000000000, -0.1242791149647758000 ) ) ;
#3917 = DIRECTION ( 'NONE',  ( 0.0000000000000000000, 0.0000000000000000000, 1.000000000000000000 ) ) ;
#3918 = VECTOR ( 'NONE', #3917, 39.37007874015748100 ) ;
#3919 = CARTESIAN_POINT ( 'NONE',  ( -0.06799999999999997700, 0.0000000000000000000, -0.1874999999999999700 ) ) ;
#3920 = LINE ( 'NONE', #3919, #3918 ) ;
#3921 = DIRECTION ( 'NONE',  ( -1.000000000000000000, -0.0000000000000000000, -0.0000000000000000000 ) ) ;
#3922 = CIRCLE ( 'NONE', #4016, 0.1560000000000000000 ) ;
#3923 = DIRECTION ( 'NONE',  ( -1.000000000000000000, 0.0000000000000000000, 0.0000000000000000000 ) ) ;
#3924 = VECTOR ( 'NONE', #3923, 39.37007874015748100 ) ;
#3925 = CARTESIAN_POINT ( 'NONE',  ( 0.0000000000000000000, 0.05499999999999999300, -0.1525000000000000000 ) ) ;
#3926 = LINE ( 'NONE', #3925, #3924 ) ;
#3927 = CARTESIAN_POINT ( 'NONE',  ( -0.06250000000000000000, 0.05499999999999999300, -0.1874999999999999700 ) ) ;
#3928 = DIRECTION ( 'NONE',  ( -0.0000000000000000000, 1.000000000000000000, -0.0000000000000000000 ) ) ;
#3929 = VECTOR ( 'NONE', #3928, 39.37007874015748100 ) ;
#3930 = CARTESIAN_POINT ( 'NONE',  ( 0.06799999999999997700, -0.05500000000000000000, -0.1525000000000000000 ) ) ;
#3931 = LINE ( 'NONE', #3930, #3929 ) ;
#3932 = DIRECTION ( 'NONE',  ( -4.132898525183001800E-016, 0.0000000000000000000, 1.000000000000000000 ) ) ;
#3933 = VECTOR ( 'NONE', #3932, 39.37007874015748100 ) ;
#3934 = CARTESIAN_POINT ( 'NONE',  ( -0.09350000000000009700, 0.05499999999999999300, -3.864260121046110000E-017 ) ) ;
#3935 = LINE ( 'NONE', #3934, #3933 ) ;
#3936 = DIRECTION ( 'NONE',  ( 0.0000000000000000000, 0.0000000000000000000, 1.000000000000000000 ) ) ;
#3937 = DIRECTION ( 'NONE',  ( -0.0000000000000000000, -1.000000000000000000, -0.0000000000000000000 ) ) ;
#3938 = CARTESIAN_POINT ( 'NONE',  ( 0.0000000000000000000, 0.05499999999999999300, 0.0000000000000000000 ) ) ;
#3939 = AXIS2_PLACEMENT_3D ( 'NONE', #3938, #3937, #3936 ) ;
#3940 = CIRCLE ( 'NONE', #3939, 0.1250000000000000000 ) ;
#3941 = DIRECTION ( 'NONE',  ( -1.000000000000000000, 0.0000000000000000000, 0.0000000000000000000 ) ) ;
#3942 = VECTOR ( 'NONE', #3941, 39.37007874015748100 ) ;
#3943 = CARTESIAN_POINT ( 'NONE',  ( 0.0000000000000000000, 0.05499999999999999300, -0.2074999999999999600 ) ) ;
#3944 = LINE ( 'NONE', #3943, #3942 ) ;
#3945 = DIRECTION ( 'NONE',  ( 0.0000000000000000000, 0.0000000000000000000, -1.000000000000000000 ) ) ;
#3946 = VECTOR ( 'NONE', #3945, 39.37007874015748100 ) ;
#3947 = CARTESIAN_POINT ( 'NONE',  ( -0.06250000000000000000, 0.05499999999999999300, 0.0000000000000000000 ) ) ;
#3948 = LINE ( 'NONE', #3947, #3946 ) ;
#3949 = CARTESIAN_POINT ( 'NONE',  ( -0.09350000000000004100, 0.05499999999999999300, -0.1248749374374217200 ) ) ;
#3950 = DIRECTION ( 'NONE',  ( -1.000000000000000000, 0.0000000000000000000, 0.0000000000000000000 ) ) ;
#3951 = VECTOR ( 'NONE', #3950, 39.37007874015748100 ) ;
#3952 = CARTESIAN_POINT ( 'NONE',  ( 0.0000000000000000000, 0.05499999999999999300, -0.1525000000000000000 ) ) ;
#3953 = LINE ( 'NONE', #3891, #3890 ) ;
#3954 = CARTESIAN_POINT ( 'NONE',  ( 0.005428549595004794100, 0.2187558667638730100, 0.4872455196215285100 ) ) ;
#3955 = CARTESIAN_POINT ( 'NONE',  ( -0.04756963332443798300, 0.2187558667638730100, 0.4872455196215285100 ) ) ;
#3956 = CARTESIAN_POINT ( 'NONE',  ( 0.005428549595004794100, 0.2204769151050407200, 0.4994914148790333700 ) ) ;
#3957 = DIRECTION ( 'NONE',  ( -1.000000000000000000, 0.0000000000000000000, 0.0000000000000000000 ) ) ;
#3958 = VECTOR ( 'NONE', #3957, 39.37007874015748100 ) ;
#3959 = CARTESIAN_POINT ( 'NONE',  ( 0.04606048983324425400, 0.2204769151050407200, 0.4994914148790333700 ) ) ;
#3960 = LINE ( 'NONE', #3959, #3958 ) ;
#3961 = DIRECTION ( 'NONE',  ( 0.0000000000000000000, -0.1391731009600596600, -0.9902680687415710300 ) ) ;
#3962 = VECTOR ( 'NONE', #3961, 39.37007874015748900 ) ;
#3963 = CARTESIAN_POINT ( 'NONE',  ( -0.04756963332443797700, 0.2204769151050407200, 0.4994914148790333700 ) ) ;
#3964 = LINE ( 'NONE', #3963, #3962 ) ;
#3965 = CARTESIAN_POINT ( 'NONE',  ( 0.04606048983324425400, 0.2187558667638730100, 0.4872455196215285100 ) ) ;
#3966 = DIRECTION ( 'NONE',  ( 1.000000000000000000, 0.0000000000000000000, 0.0000000000000000000 ) ) ;
#3967 = VECTOR ( 'NONE', #3966, 39.37007874015748100 ) ;
#3968 = CARTESIAN_POINT ( 'NONE',  ( 0.005428549595004794100, 0.2187558667638730100, 0.4872455196215285100 ) ) ;
#3969 = LINE ( 'NONE', #3968, #3967 ) ;
#3970 = CARTESIAN_POINT ( 'NONE',  ( 0.005428549595004794100, 0.2261317882260202600, 0.5397279278679777400 ) ) ;
#3971 = DIRECTION ( 'NONE',  ( 0.0000000000000000000, 0.1391731009600578300, 0.9902680687415714700 ) ) ;
#3972 = VECTOR ( 'NONE', #3971, 39.37007874015748100 ) ;
#3973 = CARTESIAN_POINT ( 'NONE',  ( 0.005428549595004794100, 0.2204769151050407200, 0.4994914148790333700 ) ) ;
#3974 = LINE ( 'NONE', #3973, #3972 ) ;
#3975 = CARTESIAN_POINT ( 'NONE',  ( 0.04606048983324425400, 0.2204769151050407200, 0.4994914148790333700 ) ) ;
#3976 = DIRECTION ( 'NONE',  ( 0.0000000000000000000, 0.1391731009600596600, 0.9902680687415710300 ) ) ;
#3977 = VECTOR ( 'NONE', #3976, 39.37007874015748900 ) ;
#3978 = CARTESIAN_POINT ( 'NONE',  ( 0.04606048983324425400, 0.2187558667638730100, 0.4872455196215285100 ) ) ;
#3979 = LINE ( 'NONE', #3978, #3977 ) ;
#3980 = CARTESIAN_POINT ( 'NONE',  ( 0.06500000000000008500, 0.0000000000000000000, 0.6280000000000000000 ) ) ;
#3981 = DIRECTION ( 'NONE',  ( -0.0000000000000000000, 1.000000000000000000, -0.0000000000000000000 ) ) ;
#3982 = VECTOR ( 'NONE', #3981, 39.37007874015748100 ) ;
#3983 = DIRECTION ( 'NONE',  ( -1.000000000000000000, 0.0000000000000000000, 0.0000000000000000000 ) ) ;
#3984 = VECTOR ( 'NONE', #3983, 39.37007874015748100 ) ;
#3985 = CARTESIAN_POINT ( 'NONE',  ( 0.0000000000000000000, 0.05499999999999999300, -0.1525000000000000000 ) ) ;
#3986 = LINE ( 'NONE', #3985, #3984 ) ;
#3987 = CARTESIAN_POINT ( 'NONE',  ( -0.06250000000000001400, -0.05500000000000000000, -0.1525000000000000000 ) ) ;
#3988 = CARTESIAN_POINT ( 'NONE',  ( -0.09350000000000000000, 0.05499999999999999300, -0.2074999999999999600 ) ) ;
#3989 = CARTESIAN_POINT ( 'NONE',  ( 0.06799999999999997700, 0.0000000000000000000, -0.1525000000000000000 ) ) ;
#3990 = CARTESIAN_POINT ( 'NONE',  ( 0.06799999999999997700, 0.05499999999999999300, -0.1525000000000000000 ) ) ;
#3991 = DIRECTION ( 'NONE',  ( 0.0000000000000000000, -1.000000000000000000, 0.0000000000000000000 ) ) ;
#3992 = VECTOR ( 'NONE', #3991, 39.37007874015748100 ) ;
#3993 = CARTESIAN_POINT ( 'NONE',  ( 0.06799999999999997700, 0.1000000000000000100, -0.1525000000000000000 ) ) ;
#3994 = LINE ( 'NONE', #3993, #3992 ) ;
#3995 = DIRECTION ( 'NONE',  ( 0.0000000000000000000, -0.0000000000000000000, 1.000000000000000000 ) ) ;
#3996 = DIRECTION ( 'NONE',  ( 0.0000000000000000000, 1.000000000000000000, 0.0000000000000000000 ) ) ;
#3997 = CARTESIAN_POINT ( 'NONE',  ( 0.0000000000000000000, 0.05499999999999999300, 0.0000000000000000000 ) ) ;
#3998 = AXIS2_PLACEMENT_3D ( 'NONE', #3997, #3996, #3995 ) ;
#3999 = PLANE ( 'NONE',  #3998 ) ;
#4000 = FACE_OUTER_BOUND ( 'NONE', #990, .T. ) ;
#4001 = FACE_BOUND ( 'NONE', #1004, .T. ) ;
#4002 = CARTESIAN_POINT ( 'NONE',  ( -0.06799999999999997700, 0.05499999999999999300, -0.1874999999999999700 ) ) ;
#4003 = CARTESIAN_POINT ( 'NONE',  ( 0.09350000000000000000, 0.05499999999999999300, -0.2074999999999999600 ) ) ;
#4004 = DIRECTION ( 'NONE',  ( -4.132898525183001800E-016, 0.0000000000000000000, -1.000000000000000000 ) ) ;
#4005 = VECTOR ( 'NONE', #4004, 39.37007874015748100 ) ;
#4006 = CARTESIAN_POINT ( 'NONE',  ( 0.09350000000000009700, 0.05499999999999999300, -3.864260121046110000E-017 ) ) ;
#4007 = LINE ( 'NONE', #4006, #4005 ) ;
#4008 = DIRECTION ( 'NONE',  ( 1.000000000000000000, -0.0000000000000000000, 0.0000000000000000000 ) ) ;
#4009 = VECTOR ( 'NONE', #4008, 39.37007874015748100 ) ;
#4010 = CARTESIAN_POINT ( 'NONE',  ( 0.0000000000000000000, 0.05499999999999999300, -0.1874999999999999700 ) ) ;
#4011 = LINE ( 'NONE', #4010, #4009 ) ;
#4012 = CARTESIAN_POINT ( 'NONE',  ( -0.06250000000000000000, 0.05499999999999999300, -0.2074999999999999600 ) ) ;
#4013 = DIRECTION ( 'NONE',  ( 0.0000000000000000000, 0.0000000000000000000, 1.000000000000000000 ) ) ;
#4014 = DIRECTION ( 'NONE',  ( 0.0000000000000000000, 1.000000000000000000, 0.0000000000000000000 ) ) ;
#4015 = CARTESIAN_POINT ( 'NONE',  ( 0.0000000000000000000, 0.05499999999999999300, 0.0000000000000000000 ) ) ;
#4016 = AXIS2_PLACEMENT_3D ( 'NONE', #4015, #4014, #4013 ) ;
#4017 = CARTESIAN_POINT ( 'NONE',  ( 0.06500000000000008500, -0.05500000000000000000, 0.6280000000000000000 ) ) ;
#4018 = FACE_OUTER_BOUND ( 'NONE', #1064, .T. ) ;
#4019 = FACE_BOUND ( 'NONE', #1061, .T. ) ;
#4020 = CARTESIAN_POINT ( 'NONE',  ( 0.06799999999999997700, 0.0000000000000000000, -0.1242791149647758700 ) ) ;
#4021 = CARTESIAN_POINT ( 'NONE',  ( 0.1250000000000001400, 0.1950000000000000100, 0.6474999999999998500 ) ) ;
#4022 = DIRECTION ( 'NONE',  ( -0.0000000000000000000, -1.000000000000000000, -0.0000000000000000000 ) ) ;
#4023 = VECTOR ( 'NONE', #4022, 39.37007874015748100 ) ;
#4024 = CARTESIAN_POINT ( 'NONE',  ( 0.1250000000000001400, 0.1950000000000000100, 0.6474999999999998500 ) ) ;
#4025 = LINE ( 'NONE', #4024, #4023 ) ;
#4026 = DIRECTION ( 'NONE',  ( 0.0000000000000000000, 0.0000000000000000000, -1.000000000000000000 ) ) ;
#4027 = DIRECTION ( 'NONE',  ( -0.0000000000000000000, -1.000000000000000000, -0.0000000000000000000 ) ) ;
#4028 = AXIS2_PLACEMENT_3D ( 'NONE', #4029, #4027, #4026 ) ;
#4029 = CARTESIAN_POINT ( 'NONE',  ( 0.1000000000000001600, 0.1950000000000000100, 0.6474999999999999600 ) ) ;
#4030 = CYLINDRICAL_SURFACE ( 'NONE', #4028, 0.02500000000000000500 ) ;
#4031 = FACE_OUTER_BOUND ( 'NONE', #1035, .T. ) ;
#4032 = DIRECTION ( 'NONE',  ( 0.0000000000000000000, 0.0000000000000000000, 1.000000000000000000 ) ) ;
#4033 = DIRECTION ( 'NONE',  ( 0.0000000000000000000, 1.000000000000000000, 0.0000000000000000000 ) ) ;
#4034 = CARTESIAN_POINT ( 'NONE',  ( 0.0000000000000000000, 0.05499999999999999300, 0.0000000000000000000 ) ) ;
#4035 = AXIS2_PLACEMENT_3D ( 'NONE', #4034, #4033, #4032 ) ;
#4036 = CIRCLE ( 'NONE', #4035, 0.3125000000000000000 ) ;
#4037 = CARTESIAN_POINT ( 'NONE',  ( 0.1250000000000001400, 0.1950000000000000100, 0.5514637340750523400 ) ) ;
#4038 = DIRECTION ( 'NONE',  ( 0.0000000000000000000, 1.000000000000000000, 0.0000000000000000000 ) ) ;
#4039 = VECTOR ( 'NONE', #4038, 39.37007874015748100 ) ;
#4040 = CARTESIAN_POINT ( 'NONE',  ( 0.1250000000000001400, 0.1950000000000000100, 0.5514637340750523400 ) ) ;
#4041 = LINE ( 'NONE', #4040, #4039 ) ;
#4042 = DIRECTION ( 'NONE',  ( 0.0000000000000000000, 0.0000000000000000000, -1.000000000000000000 ) ) ;
#4043 = DIRECTION ( 'NONE',  ( -0.0000000000000000000, -1.000000000000000000, -0.0000000000000000000 ) ) ;
#4044 = AXIS2_PLACEMENT_3D ( 'NONE', #4045, #4043, #4042 ) ;
#4045 = CARTESIAN_POINT ( 'NONE',  ( 0.0000000000000000000, 0.1950000000000000100, 0.0000000000000000000 ) ) ;
#4046 = CYLINDRICAL_SURFACE ( 'NONE', #4044, 0.5464999999999999900 ) ;
#4047 = FACE_OUTER_BOUND ( 'NONE', #1096, .T. ) ;
#4048 = VECTOR ( 'NONE', #3921, 39.37007874015748100 ) ;
#4049 = CARTESIAN_POINT ( 'NONE',  ( -0.06799999999999997700, 0.0000000000000000000, -0.1242791149647758000 ) ) ;
#4050 = LINE ( 'NONE', #4049, #4048 ) ;
#4051 = DIRECTION ( 'NONE',  ( -0.0000000000000000000, -0.0000000000000000000, -1.000000000000000000 ) ) ;
#4052 = VECTOR ( 'NONE', #4051, 39.37007874015748100 ) ;
#4053 = CARTESIAN_POINT ( 'NONE',  ( -0.06799999999999997700, 0.0000000000000000000, -0.1525000000000000000 ) ) ;
#4054 = LINE ( 'NONE', #4053, #4052 ) ;
#4055 = DIRECTION ( 'NONE',  ( 0.0000000000000000000, 0.0000000000000000000, 1.000000000000000000 ) ) ;
#4056 = DIRECTION ( 'NONE',  ( 0.0000000000000000000, 1.000000000000000000, 0.0000000000000000000 ) ) ;
#4057 = CARTESIAN_POINT ( 'NONE',  ( 0.0000000000000000000, 0.0000000000000000000, 0.0000000000000000000 ) ) ;
#4058 = AXIS2_PLACEMENT_3D ( 'NONE', #4057, #4056, #4055 ) ;
#4059 = CIRCLE ( 'NONE', #4058, 0.1250000000000000000 ) ;
#4060 = DIRECTION ( 'NONE',  ( -0.0000000000000000000, -1.000000000000000000, -0.0000000000000000000 ) ) ;
#4061 = VECTOR ( 'NONE', #4060, 39.37007874015748100 ) ;
#4062 = CARTESIAN_POINT ( 'NONE',  ( 0.09999999999999997800, 0.1950000000000000100, 0.6724999999999999900 ) ) ;
#4063 = LINE ( 'NONE', #4062, #4061 ) ;
#4064 = CARTESIAN_POINT ( 'NONE',  ( -0.06800000000000000500, 0.0000000000000000000, -0.1242791149647758700 ) ) ;
#4065 = DIRECTION ( 'NONE',  ( -0.0000000000000000000, -0.0000000000000000000, -1.000000000000000000 ) ) ;
#4066 = VECTOR ( 'NONE', #4065, 39.37007874015748100 ) ;
#4067 = CARTESIAN_POINT ( 'NONE',  ( 0.06799999999999997700, 0.0000000000000000000, -0.1874999999999999700 ) ) ;
#4068 = LINE ( 'NONE', #4067, #4066 ) ;
#4069 = DIRECTION ( 'NONE',  ( 0.0000000000000000000, 0.0000000000000000000, 1.000000000000000000 ) ) ;
#4070 = DIRECTION ( 'NONE',  ( 0.0000000000000000000, 1.000000000000000000, 0.0000000000000000000 ) ) ;
#4071 = CARTESIAN_POINT ( 'NONE',  ( 0.0000000000000000000, 0.05499999999999999300, 0.0000000000000000000 ) ) ;
#4072 = AXIS2_PLACEMENT_3D ( 'NONE', #4071, #4070, #4069 ) ;
#4073 = DIRECTION ( 'NONE',  ( 0.0000000000000000000, -0.0000000000000000000, 1.000000000000000000 ) ) ;
#4074 = DIRECTION ( 'NONE',  ( 0.0000000000000000000, 1.000000000000000000, 0.0000000000000000000 ) ) ;
#4075 = CARTESIAN_POINT ( 'NONE',  ( 0.0000000000000000000, 0.05499999999999999300, 0.0000000000000000000 ) ) ;
#4076 = AXIS2_PLACEMENT_3D ( 'NONE', #4075, #4074, #4073 ) ;
#4077 = PLANE ( 'NONE',  #4076 ) ;
#4078 = CIRCLE ( 'NONE', #4072, 0.4124999999999992000 ) ;
#4079 = DIRECTION ( 'NONE',  ( -0.0000000000000000000, 1.000000000000000000, -0.0000000000000000000 ) ) ;
#4080 = VECTOR ( 'NONE', #4079, 39.37007874015748100 ) ;
#4081 = CARTESIAN_POINT ( 'NONE',  ( -0.06499999999999993300, -0.005000000000000014800, 0.6280000000000000000 ) ) ;
#4082 = LINE ( 'NONE', #4081, #4080 ) ;
#4083 = DIRECTION ( 'NONE',  ( 0.0000000000000000000, 0.0000000000000000000, -1.000000000000000000 ) ) ;
#4084 = VECTOR ( 'NONE', #4083, 39.37007874015748100 ) ;
#4085 = CARTESIAN_POINT ( 'NONE',  ( 0.1250000000000001400, 0.1950000000000000100, 0.6474999999999998500 ) ) ;
#4086 = LINE ( 'NONE', #4085, #4084 ) ;
#4087 = CARTESIAN_POINT ( 'NONE',  ( 0.06249999999999995800, -0.05500000000000000000, -0.1525000000000000000 ) ) ;
#4088 = DIRECTION ( 'NONE',  ( -0.0000000000000000000, 1.000000000000000000, -0.0000000000000000000 ) ) ;
#4089 = VECTOR ( 'NONE', #4088, 39.37007874015748100 ) ;
#4090 = CARTESIAN_POINT ( 'NONE',  ( -0.06799999999999997700, -0.05500000000000000000, -0.1525000000000000000 ) ) ;
#4091 = LINE ( 'NONE', #4090, #4089 ) ;
#4092 = CARTESIAN_POINT ( 'NONE',  ( 0.06250000000000000000, 0.05499999999999999300, -0.1525000000000000000 ) ) ;
#4093 = DIRECTION ( 'NONE',  ( 0.0000000000000000000, 1.000000000000000000, 0.0000000000000000000 ) ) ;
#4094 = VECTOR ( 'NONE', #4093, 39.37007874015748100 ) ;
#4095 = CARTESIAN_POINT ( 'NONE',  ( 0.06250000000000000000, 0.05399999999999999200, -0.1525000000000000000 ) ) ;
#4096 = LINE ( 'NONE', #4095, #4094 ) ;
#4097 = CARTESIAN_POINT ( 'NONE',  ( -0.06250000000000000000, 0.05499999999999999300, -0.1525000000000000000 ) ) ;
#4098 = DIRECTION ( 'NONE',  ( -1.000000000000000000, -0.0000000000000000000, -0.0000000000000000000 ) ) ;
#4099 = VECTOR ( 'NONE', #4098, 39.37007874015748100 ) ;
#4100 = CARTESIAN_POINT ( 'NONE',  ( -0.06499999999999993300, -0.05500000000000000000, 0.6280000000000000000 ) ) ;
#4101 = LINE ( 'NONE', #4100, #4099 ) ;
#4102 = DIRECTION ( 'NONE',  ( -1.000000000000000000, 0.0000000000000000000, 0.0000000000000000000 ) ) ;
#4103 = DIRECTION ( 'NONE',  ( -0.0000000000000000000, 0.0000000000000000000, -1.000000000000000000 ) ) ;
#4104 = CARTESIAN_POINT ( 'NONE',  ( 0.06799999999999997700, 0.1000000000000000100, -0.1525000000000000000 ) ) ;
#4105 = AXIS2_PLACEMENT_3D ( 'NONE', #4104, #4103, #4102 ) ;
#4106 = PRESENTATION_LAYER_ASSIGNMENT (  '', '', ( #4107 ) ) ;
#4107 = STYLED_ITEM ( 'NONE', ( #4108 ), #1115 ) ;
#4108 = PRESENTATION_STYLE_ASSIGNMENT (( #4109 ) ) ;
#4109 = SURFACE_STYLE_USAGE ( .BOTH. , #4110 ) ;
#4110 = SURFACE_SIDE_STYLE ('',( #4111 ) ) ;
#4111 = SURFACE_STYLE_FILL_AREA ( #4112 ) ;
#4112 = FILL_AREA_STYLE ('',( #4113 ) ) ;
#4113 = FILL_AREA_STYLE_COLOUR ( '', #4114 ) ;
#4114 = COLOUR_RGB ( '',0.6274509803921568500, 0.6588235294117647000, 0.6784313725490196400 ) ;
#4115 = CARTESIAN_POINT ( 'NONE',  ( 0.0000000000000000000, 0.1400000000000000100, 0.0000000000000000000 ) ) ;
#4116 = DIRECTION ( 'NONE',  ( 0.4999999999999943400, 0.0000000000000000000, -0.8660254037844418200 ) ) ;
#4117 = DIRECTION ( 'NONE',  ( 0.8660254037844419300, 0.0000000000000000000, 0.4999999999999943900 ) ) ;
#4118 = CARTESIAN_POINT ( 'NONE',  ( 0.0000000000000000000, 0.1400000000000000100, 0.0000000000000000000 ) ) ;
#4119 = AXIS2_PLACEMENT_3D ( 'NONE', #4118, #4117, #4116 ) ;
#4120 = PLANE ( 'NONE',  #4119 ) ;
#4121 = LINE ( 'NONE', #4115, #4208 ) ;
#4122 = FACE_OUTER_BOUND ( 'NONE', #1188, .T. ) ;
#4123 = DIRECTION ( 'NONE',  ( -0.0000000000000000000, 0.9781476007338040200, 0.2079116908177665300 ) ) ;
#4124 = VECTOR ( 'NONE', #4123, 39.37007874015748100 ) ;
#4125 = CARTESIAN_POINT ( 'NONE',  ( 0.06249999999999995100, 0.1332096132586623500, -0.1325652892283447100 ) ) ;
#4126 = LINE ( 'NONE', #4125, #4124 ) ;
#4127 = DIRECTION ( 'NONE',  ( 0.0000000000000000000, -0.1391731009600584700, -0.9902680687415712500 ) ) ;
#4128 = VECTOR ( 'NONE', #4127, 39.37007874015748100 ) ;
#4129 = CARTESIAN_POINT ( 'NONE',  ( 0.06249999999999995100, 0.2150000122282626500, 0.6028064171245418600 ) ) ;
#4130 = LINE ( 'NONE', #4129, #4128 ) ;
#4131 = CARTESIAN_POINT ( 'NONE',  ( 0.06249999999999995100, 0.1529693192429640900, 0.3051410330849777000 ) ) ;
#4132 = DIRECTION ( 'NONE',  ( 0.0000000000000000000, 0.0000000000000000000, -1.000000000000000000 ) ) ;
#4133 = DIRECTION ( 'NONE',  ( 1.000000000000000000, 0.0000000000000000000, -0.0000000000000000000 ) ) ;
#4134 = CARTESIAN_POINT ( 'NONE',  ( 0.06249999999999995100, 0.1953892772503371700, 0.6083954574546502900 ) ) ;
#4135 = AXIS2_PLACEMENT_3D ( 'NONE', #4134, #4133, #4132 ) ;
#4136 = CIRCLE ( 'NONE', #4135, 0.02039162323568206200 ) ;
#4137 = CARTESIAN_POINT ( 'NONE',  ( 0.06249999999999995100, 0.2010000000000000700, 0.6280000000000000000 ) ) ;
#4138 = CARTESIAN_POINT ( 'NONE',  ( 0.06249999999999995100, 0.1138400691242153100, -0.1366824129306786500 ) ) ;
#4139 = DIRECTION ( 'NONE',  ( 0.0000000000000000000, 0.2079116908177665300, -0.9781476007338040200 ) ) ;
#4140 = VECTOR ( 'NONE', #4139, 39.37007874015748900 ) ;
#4141 = CARTESIAN_POINT ( 'NONE',  ( 0.06249999999999995100, 0.1000156726110602300, -0.07164374084952264400 ) ) ;
#4142 = LINE ( 'NONE', #4141, #4140 ) ;
#4143 = DIRECTION ( 'NONE',  ( 0.0000000000000000000, 0.0000000000000000000, 1.000000000000000000 ) ) ;
#4144 = DIRECTION ( 'NONE',  ( 0.0000000000000000000, 1.000000000000000000, 0.0000000000000000000 ) ) ;
#4145 = AXIS2_PLACEMENT_3D ( 'NONE', #4209, #4144, #4143 ) ;
#4146 = UNCERTAINTY_MEASURE_WITH_UNIT (LENGTH_MEASURE( 1.000000000000000100E-005 ), #4244, 'distance_accuracy_value', 'NONE');
#4147 =( NAMED_UNIT ( * ) SI_UNIT ( $, .STERADIAN. ) SOLID_ANGLE_UNIT ( ) );
#4148 = DIMENSIONAL_EXPONENTS ( 1.000000000000000000, 0.0000000000000000000, 0.0000000000000000000, 0.0000000000000000000, 0.0000000000000000000, 0.0000000000000000000, 0.0000000000000000000 ) ;
#4149 =( LENGTH_UNIT ( ) NAMED_UNIT ( * ) SI_UNIT ( $, .METRE. ) );
#4150 = MECHANICAL_DESIGN_GEOMETRIC_PRESENTATION_REPRESENTATION (  '', ( #4107 ), #4261 ) ;
#4151 = CARTESIAN_POINT ( 'NONE',  ( 0.06249999999999995100, 0.1201111767371430700, -0.07094199038211515500 ) ) ;
#4152 = DIRECTION ( 'NONE',  ( 0.0000000000000000000, -0.1391731009600585300, -0.9902680687415712500 ) ) ;
#4153 = VECTOR ( 'NONE', #4152, 39.37007874015748900 ) ;
#4154 = CARTESIAN_POINT ( 'NONE',  ( 0.06249999999999995100, 0.1723010895971650300, 0.3004085353959740600 ) ) ;
#4155 = LINE ( 'NONE', #4154, #4153 ) ;
#4156 = CARTESIAN_POINT ( 'NONE',  ( 0.06249999999999995100, 0.1723010895971650300, 0.3004085353959740600 ) ) ;
#4157 = DIRECTION ( 'NONE',  ( -2.330928322239133200E-016, -1.000000000000000000, -0.0000000000000000000 ) ) ;
#4158 = VECTOR ( 'NONE', #4157, 39.37007874015748100 ) ;
#4159 = CARTESIAN_POINT ( 'NONE',  ( -0.06250000000000001400, -0.09199999999999988700, 0.6280000000000000000 ) ) ;
#4160 = LINE ( 'NONE', #4159, #4158 ) ;
#4161 = DIRECTION ( 'NONE',  ( -1.000000000000000000, 0.0000000000000000000, 0.0000000000000000000 ) ) ;
#4162 = VECTOR ( 'NONE', #4161, 39.37007874015748100 ) ;
#4163 = CARTESIAN_POINT ( 'NONE',  ( 0.06500000000000008500, 0.1950000000000000100, 0.6280000000000000000 ) ) ;
#4164 = LINE ( 'NONE', #4163, #4162 ) ;
#4165 = DIRECTION ( 'NONE',  ( -1.000000000000000000, 0.0000000000000000000, 0.0000000000000000000 ) ) ;
#4166 = DIRECTION ( 'NONE',  ( -0.0000000000000000000, 0.0000000000000000000, -1.000000000000000000 ) ) ;
#4167 = CARTESIAN_POINT ( 'NONE',  ( 0.06500000000000008500, -0.005000000000000014800, 0.6280000000000000000 ) ) ;
#4168 = CARTESIAN_POINT ( 'NONE',  ( -0.06249999999999995100, 0.1950000000000000300, 0.6280000000000000000 ) ) ;
#4169 = AXIS2_PLACEMENT_3D ( 'NONE', #4167, #4166, #4165 ) ;
#4170 = PLANE ( 'NONE',  #4169 ) ;
#4171 = DIRECTION ( 'NONE',  ( -1.000000000000000000, 0.0000000000000000000, 0.0000000000000000000 ) ) ;
#4172 = DIRECTION ( 'NONE',  ( -0.0000000000000000000, 0.0000000000000000000, -1.000000000000000000 ) ) ;
#4173 = CARTESIAN_POINT ( 'NONE',  ( 0.06799999999999997700, 0.1000000000000000100, -0.1525000000000000000 ) ) ;
#4174 = AXIS2_PLACEMENT_3D ( 'NONE', #4173, #4172, #4171 ) ;
#4175 = CARTESIAN_POINT ( 'NONE',  ( -0.06499999999999993300, 0.0000000000000000000, 0.6280000000000000000 ) ) ;
#4176 = CARTESIAN_POINT ( 'NONE',  ( -0.06499999999999993300, -0.05500000000000000000, 0.6280000000000000000 ) ) ;
#4177 = STYLED_ITEM ( 'NONE', ( #4178 ), #1118 ) ;
#4178 = PRESENTATION_STYLE_ASSIGNMENT (( #4179 ) ) ;
#4179 = SURFACE_STYLE_USAGE ( .BOTH. , #4180 ) ;
#4180 = SURFACE_SIDE_STYLE ('',( #4181 ) ) ;
#4181 = SURFACE_STYLE_FILL_AREA ( #4182 ) ;
#4182 = FILL_AREA_STYLE ('',( #4189 ) ) ;
#4183 = COLOUR_RGB ( '',0.6274509803921568500, 0.6588235294117647000, 0.6784313725490196400 ) ;
#4184 = FACE_OUTER_BOUND ( 'NONE', #1119, .T. ) ;
#4185 = DIRECTION ( 'NONE',  ( 1.000000000000000000, 0.0000000000000000000, 0.0000000000000000000 ) ) ;
#4186 = VECTOR ( 'NONE', #4185, 39.37007874015748100 ) ;
#4187 = CARTESIAN_POINT ( 'NONE',  ( -0.06799999999999997700, -0.05500000000000000000, -0.1525000000000000000 ) ) ;
#4188 = LINE ( 'NONE', #4187, #4186 ) ;
#4189 = FILL_AREA_STYLE_COLOUR ( '', #4183 ) ;
#4190 = CARTESIAN_POINT ( 'NONE',  ( 0.2732499999999968800, 0.1400000000000000100, -0.4732828831681975500 ) ) ;
#4191 = LENGTH_MEASURE_WITH_UNIT ( LENGTH_MEASURE( 0.02539999999999999900 ), #4193 );
#4192 = DIMENSIONAL_EXPONENTS ( 1.000000000000000000, 0.0000000000000000000, 0.0000000000000000000, 0.0000000000000000000, 0.0000000000000000000, 0.0000000000000000000, 0.0000000000000000000 ) ;
#4193 =( LENGTH_UNIT ( ) NAMED_UNIT ( * ) SI_UNIT ( $, .METRE. ) );
#4194 = MECHANICAL_DESIGN_GEOMETRIC_PRESENTATION_REPRESENTATION (  '', ( #4177 ), #4226 ) ;
#4195 = PRESENTATION_LAYER_ASSIGNMENT (  '', '', ( #4177 ) ) ;
#4196 = UNCERTAINTY_MEASURE_WITH_UNIT (LENGTH_MEASURE( 1.000000000000000100E-005 ), #4199, 'distance_accuracy_value', 'NONE');
#4197 =( NAMED_UNIT ( * ) SI_UNIT ( $, .STERADIAN. ) SOLID_ANGLE_UNIT ( ) );
#4198 =( NAMED_UNIT ( * ) PLANE_ANGLE_UNIT ( ) SI_UNIT ( $, .RADIAN. ) );
#4199 =( CONVERSION_BASED_UNIT ( 'INCH', #4191 ) LENGTH_UNIT ( ) NAMED_UNIT ( #4192 ) );
#4200 = LINE ( 'NONE', #4272, #4271 ) ;
#4201 = DIRECTION ( 'NONE',  ( 0.0000000000000000000, -0.0000000000000000000, 1.000000000000000000 ) ) ;
#4202 = DIRECTION ( 'NONE',  ( 0.0000000000000000000, 1.000000000000000000, 0.0000000000000000000 ) ) ;
#4203 = CARTESIAN_POINT ( 'NONE',  ( 0.0000000000000000000, 0.1400000000000000100, 0.0000000000000000000 ) ) ;
#4204 = AXIS2_PLACEMENT_3D ( 'NONE', #4203, #4202, #4201 ) ;
#4205 = PLANE ( 'NONE',  #4204 ) ;
#4206 = FACE_OUTER_BOUND ( 'NONE', #1179, .T. ) ;
#4207 = DIRECTION ( 'NONE',  ( 0.4999999999999943400, 0.0000000000000000000, -0.8660254037844418200 ) ) ;
#4208 = VECTOR ( 'NONE', #4207, 39.37007874015748100 ) ;
#4209 = CARTESIAN_POINT ( 'NONE',  ( 0.0000000000000000000, 0.1400000000000000100, 0.0000000000000000000 ) ) ;
#4210 = FACE_OUTER_BOUND ( 'NONE', #1146, .T. ) ;
#4211 = CARTESIAN_POINT ( 'NONE',  ( 0.06500000000000008500, 0.1950000000000000100, 0.6280000000000000000 ) ) ;
#4212 = DIRECTION ( 'NONE',  ( -1.000000000000000000, 0.0000000000000000000, 0.0000000000000000000 ) ) ;
#4213 = VECTOR ( 'NONE', #4212, 39.37007874015748100 ) ;
#4214 = CARTESIAN_POINT ( 'NONE',  ( 0.06500000000000008500, 0.1950000000000000100, 0.6280000000000000000 ) ) ;
#4215 = LINE ( 'NONE', #4214, #4213 ) ;
#4216 = CARTESIAN_POINT ( 'NONE',  ( -0.06499999999999993300, 0.1950000000000000100, 0.6280000000000000000 ) ) ;
#4217 = DIRECTION ( 'NONE',  ( 0.0000000000000000000, -1.000000000000000000, 0.0000000000000000000 ) ) ;
#4218 = VECTOR ( 'NONE', #4217, 39.37007874015748100 ) ;
#4219 = CARTESIAN_POINT ( 'NONE',  ( -0.06799999999999997700, 0.1000000000000000100, -0.1525000000000000000 ) ) ;
#4220 = LINE ( 'NONE', #4219, #4218 ) ;
#4221 = DIRECTION ( 'NONE',  ( -0.0000000000000000000, 1.000000000000000000, -0.0000000000000000000 ) ) ;
#4222 = VECTOR ( 'NONE', #4221, 39.37007874015748100 ) ;
#4223 = CARTESIAN_POINT ( 'NONE',  ( -0.06499999999999993300, -0.05500000000000000000, 0.6280000000000000000 ) ) ;
#4224 = LINE ( 'NONE', #4223, #4222 ) ;
#4225 = PLANE ( 'NONE',  #4105 ) ;
#4226 =( GEOMETRIC_REPRESENTATION_CONTEXT ( 3 ) GLOBAL_UNCERTAINTY_ASSIGNED_CONTEXT ( ( #4196 ) ) GLOBAL_UNIT_ASSIGNED_CONTEXT ( ( #4199, #4198, #4197 ) ) REPRESENTATION_CONTEXT ( 'NONE', 'WORKASPACE' ) );
#4227 = CARTESIAN_POINT ( 'NONE',  ( 0.06249999999999995100, 0.2150000122282626500, 0.6028064171245418600 ) ) ;
#4228 = CARTESIAN_POINT ( 'NONE',  ( 0.06249999999999995100, 0.1864418784441869400, 0.3996047366695216200 ) ) ;
#4229 = DIRECTION ( 'NONE',  ( 0.0000000000000000000, -0.1391731009600585300, -0.9902680687415712500 ) ) ;
#4230 = VECTOR ( 'NONE', #4229, 39.37007874015748900 ) ;
#4231 = CARTESIAN_POINT ( 'NONE',  ( 0.06249999999999995100, 0.1529693192429640900, 0.3051410330849777000 ) ) ;
#4232 = LINE ( 'NONE', #4231, #4230 ) ;
#4233 = CARTESIAN_POINT ( 'NONE',  ( 0.06249999999999995100, 0.1332096132586623500, -0.1325652892283446800 ) ) ;
#4234 = DIRECTION ( 'NONE',  ( 0.0000000000000000000, -0.3339948838425151300, -0.9425748869808831000 ) ) ;
#4235 = VECTOR ( 'NONE', #4234, 39.37007874015748900 ) ;
#4236 = CARTESIAN_POINT ( 'NONE',  ( 0.06249999999999995100, 0.1864418784441869400, 0.3996047366695216200 ) ) ;
#4237 = LINE ( 'NONE', #4236, #4235 ) ;
#4238 = CARTESIAN_POINT ( 'NONE',  ( 0.06249999999999995100, 0.1000156726110602300, -0.07164374084952264400 ) ) ;
#4239 = DIRECTION ( 'NONE',  ( 0.0000000000000000000, 0.2079116908177665300, -0.9781476007338040200 ) ) ;
#4240 = VECTOR ( 'NONE', #4239, 39.37007874015748900 ) ;
#4241 = CARTESIAN_POINT ( 'NONE',  ( 0.06249999999999995100, 0.1201111767371430700, -0.07094199038211515500 ) ) ;
#4242 = LINE ( 'NONE', #4241, #4240 ) ;
#4243 =( NAMED_UNIT ( * ) PLANE_ANGLE_UNIT ( ) SI_UNIT ( $, .RADIAN. ) );
#4244 =( CONVERSION_BASED_UNIT ( 'INCH', #4245 ) LENGTH_UNIT ( ) NAMED_UNIT ( #4148 ) );
#4245 = LENGTH_MEASURE_WITH_UNIT ( LENGTH_MEASURE( 0.02539999999999999900 ), #4149 );
#4246 = CIRCLE ( 'NONE', #4145, 0.5464999999999999900 ) ;
#4247 = FACE_OUTER_BOUND ( 'NONE', #1137, .T. ) ;
#4248 = CARTESIAN_POINT ( 'NONE',  ( -0.06799999999999997700, -0.05500000000000000000, -0.1525000000000000000 ) ) ;
#4249 = DIRECTION ( 'NONE',  ( 0.0000000000000000000, 1.000000000000000000, 0.0000000000000000000 ) ) ;
#4250 = VECTOR ( 'NONE', #4249, 39.37007874015748100 ) ;
#4251 = CARTESIAN_POINT ( 'NONE',  ( -0.06250000000000000000, 0.05399999999999999200, -0.1525000000000000000 ) ) ;
#4252 = LINE ( 'NONE', #4251, #4250 ) ;
#4253 = CARTESIAN_POINT ( 'NONE',  ( 0.06799999999999997700, -0.05500000000000000000, -0.1525000000000000000 ) ) ;
#4254 = DIRECTION ( 'NONE',  ( 1.000000000000000000, 0.0000000000000000000, 0.0000000000000000000 ) ) ;
#4255 = VECTOR ( 'NONE', #4254, 39.37007874015748100 ) ;
#4256 = CARTESIAN_POINT ( 'NONE',  ( -0.06799999999999997700, -0.05500000000000000000, -0.1525000000000000000 ) ) ;
#4257 = LINE ( 'NONE', #4256, #4255 ) ;
#4258 = CARTESIAN_POINT ( 'NONE',  ( -0.06799999999999997700, 0.05499999999999999300, -0.1525000000000000000 ) ) ;
#4259 = CARTESIAN_POINT ( 'NONE',  ( -0.06799999999999997700, 0.0000000000000000000, -0.1525000000000000000 ) ) ;
#4260 = PLANE ( 'NONE',  #4174 ) ;
#4261 =( GEOMETRIC_REPRESENTATION_CONTEXT ( 3 ) GLOBAL_UNCERTAINTY_ASSIGNED_CONTEXT ( ( #4146 ) ) GLOBAL_UNIT_ASSIGNED_CONTEXT ( ( #4244, #4243, #4147 ) ) REPRESENTATION_CONTEXT ( 'NONE', 'WORKASPACE' ) );
#4262 = LINE ( 'NONE', #4285, #4284 ) ;
#4263 = CARTESIAN_POINT ( 'NONE',  ( -0.06249999999999995100, 0.2010000000000000700, 0.6280000000000000000 ) ) ;
#4264 = DIRECTION ( 'NONE',  ( 0.0000000000000000000, 0.0000000000000000000, -1.000000000000000000 ) ) ;
#4265 = DIRECTION ( 'NONE',  ( 1.000000000000000000, 0.0000000000000000000, -0.0000000000000000000 ) ) ;
#4266 = CARTESIAN_POINT ( 'NONE',  ( -0.06249999999999995100, 0.1953892772503371700, 0.6083954574546502900 ) ) ;
#4267 = AXIS2_PLACEMENT_3D ( 'NONE', #4266, #4265, #4264 ) ;
#4268 = CIRCLE ( 'NONE', #4267, 0.02039162323568206200 ) ;
#4269 = CARTESIAN_POINT ( 'NONE',  ( -0.06249999999999995100, 0.1864418784441869400, 0.3996047366695216200 ) ) ;
#4270 = DIRECTION ( 'NONE',  ( 0.5000000000000077700, -0.0000000000000000000, 0.8660254037844340400 ) ) ;
#4271 = VECTOR ( 'NONE', #4270, 39.37007874015748100 ) ;
#4272 = CARTESIAN_POINT ( 'NONE',  ( 0.0000000000000000000, 0.1400000000000000100, 0.0000000000000000000 ) ) ;
#4273 = DIRECTION ( 'NONE',  ( 0.0000000000000000000, 0.2079116908177665300, -0.9781476007338040200 ) ) ;
#4274 = VECTOR ( 'NONE', #4273, 39.37007874015748900 ) ;
#4275 = CARTESIAN_POINT ( 'NONE',  ( -0.06249999999999995100, 0.1000156726110602600, -0.07164374084952251900 ) ) ;
#4276 = LINE ( 'NONE', #4275, #4274 ) ;
#4277 = DIRECTION ( 'NONE',  ( 0.0000000000000000000, -0.1391731009600584700, -0.9902680687415712500 ) ) ;
#4278 = VECTOR ( 'NONE', #4277, 39.37007874015748100 ) ;
#4279 = CARTESIAN_POINT ( 'NONE',  ( -0.06249999999999995100, 0.2150000122282626500, 0.6028064171245418600 ) ) ;
#4280 = LINE ( 'NONE', #4279, #4278 ) ;
#4281 = CARTESIAN_POINT ( 'NONE',  ( -0.06249999999999995100, 0.1529693192429640900, 0.3051410330849777000 ) ) ;
#4282 = CARTESIAN_POINT ( 'NONE',  ( -0.06249999999999995100, 0.2150000122282626500, 0.6028064171245418600 ) ) ;
#4283 = DIRECTION ( 'NONE',  ( 0.0000000000000000000, -0.1391731009600585300, -0.9902680687415712500 ) ) ;
#4284 = VECTOR ( 'NONE', #4283, 39.37007874015748900 ) ;
#4285 = CARTESIAN_POINT ( 'NONE',  ( -0.06249999999999995100, 0.1723010895971649700, 0.3004085353959741200 ) ) ;
#4286 = CARTESIAN_POINT ( 'NONE',  ( -0.06249999999999995100, 0.1529693192429640900, 0.3051410330849777000 ) ) ;
#4287 = VECTOR ( 'NONE', #4290, 39.37007874015748900 ) ;
#4288 = LINE ( 'NONE', #4291, #4287 ) ;
#4289 = LINE ( 'NONE', #4286, #4298 ) ;
#4290 = DIRECTION ( 'NONE',  ( 0.0000000000000000000, -0.3339948838425151300, -0.9425748869808831000 ) ) ;
#4291 = CARTESIAN_POINT ( 'NONE',  ( -0.06249999999999995100, 0.1864418784441869400, 0.3996047366695216200 ) ) ;
#4292 = DIRECTION ( 'NONE',  ( 0.0000000000000000000, -0.3339948838425151300, -0.9425748869808831000 ) ) ;
#4293 = VECTOR ( 'NONE', #4292, 39.37007874015748900 ) ;
#4294 = CARTESIAN_POINT ( 'NONE',  ( -0.06249999999999995100, 0.2057736487983878300, 0.3948722389805180400 ) ) ;
#4295 = LINE ( 'NONE', #4294, #4293 ) ;
#4296 = CARTESIAN_POINT ( 'NONE',  ( -0.06249999999999995100, 0.1723010895971649700, 0.3004085353959741200 ) ) ;
#4297 = DIRECTION ( 'NONE',  ( 0.0000000000000000000, -0.1391731009600585300, -0.9902680687415712500 ) ) ;
#4298 = VECTOR ( 'NONE', #4297, 39.37007874015748900 ) ;
#4299 =( GEOMETRIC_REPRESENTATION_CONTEXT ( 3 ) GLOBAL_UNCERTAINTY_ASSIGNED_CONTEXT ( ( #4300 ) ) GLOBAL_UNIT_ASSIGNED_CONTEXT ( ( #4303, #4302, #4301 ) ) REPRESENTATION_CONTEXT ( 'NONE', 'WORKASPACE' ) );
#4300 = UNCERTAINTY_MEASURE_WITH_UNIT (LENGTH_MEASURE( 1.000000000000000100E-005 ), #4303, 'distance_accuracy_value', 'NONE');
#4301 =( NAMED_UNIT ( * ) SI_UNIT ( $, .STERADIAN. ) SOLID_ANGLE_UNIT ( ) );
#4302 =( NAMED_UNIT ( * ) PLANE_ANGLE_UNIT ( ) SI_UNIT ( $, .RADIAN. ) );
#4303 =( CONVERSION_BASED_UNIT ( 'INCH', #4304 ) LENGTH_UNIT ( ) NAMED_UNIT ( #4305 ) );
#4304 = LENGTH_MEASURE_WITH_UNIT ( LENGTH_MEASURE( 0.02539999999999999900 ), #4333 );
#4305 = DIMENSIONAL_EXPONENTS ( 1.000000000000000000, 0.0000000000000000000, 0.0000000000000000000, 0.0000000000000000000, 0.0000000000000000000, 0.0000000000000000000, 0.0000000000000000000 ) ;
#4306 = PRESENTATION_LAYER_ASSIGNMENT (  '', '', ( #4307 ) ) ;
#4307 = STYLED_ITEM ( 'NONE', ( #4308 ), #1249 ) ;
#4308 = PRESENTATION_STYLE_ASSIGNMENT (( #4309 ) ) ;
#4309 = SURFACE_STYLE_USAGE ( .BOTH. , #4310 ) ;
#4310 = SURFACE_SIDE_STYLE ('',( #4311 ) ) ;
#4311 = SURFACE_STYLE_FILL_AREA ( #4312 ) ;
#4312 = FILL_AREA_STYLE ('',( #4319 ) ) ;
#4313 = COLOUR_RGB ( '',0.9882352941176471000, 1.000000000000000000, 0.9882352941176471000 ) ;
#4314 = FACE_OUTER_BOUND ( 'NONE', #1262, .T. ) ;
#4315 = DIRECTION ( 'NONE',  ( -1.000000000000000000, 0.0000000000000000000, 0.0000000000000000000 ) ) ;
#4316 = VECTOR ( 'NONE', #4315, 39.37007874015748100 ) ;
#4317 = CARTESIAN_POINT ( 'NONE',  ( 0.06249999999999995100, 0.2010000000000000700, 0.6280000000000000000 ) ) ;
#4318 = LINE ( 'NONE', #4317, #4316 ) ;
#4319 = FILL_AREA_STYLE_COLOUR ( '', #4313 ) ;
#4320 = DIRECTION ( 'NONE',  ( 1.000000000000000000, 0.0000000000000000000, -0.0000000000000000000 ) ) ;
#4321 = DIRECTION ( 'NONE',  ( 0.0000000000000000000, 0.0000000000000000000, 1.000000000000000000 ) ) ;
#4322 = CARTESIAN_POINT ( 'NONE',  ( -5.916451816734643200E-017, -0.2620000000000000100, 0.6280000000000000000 ) ) ;
#4323 = AXIS2_PLACEMENT_3D ( 'NONE', #4322, #4321, #4320 ) ;
#4324 = PLANE ( 'NONE',  #4323 ) ;
#4325 =( GEOMETRIC_REPRESENTATION_CONTEXT ( 3 ) GLOBAL_UNCERTAINTY_ASSIGNED_CONTEXT ( ( #4326 ) ) GLOBAL_UNIT_ASSIGNED_CONTEXT ( ( #4329, #4328, #4327 ) ) REPRESENTATION_CONTEXT ( 'NONE', 'WORKASPACE' ) );
#4326 = UNCERTAINTY_MEASURE_WITH_UNIT (LENGTH_MEASURE( 1.000000000000000100E-005 ), #4329, 'distance_accuracy_value', 'NONE');
#4327 =( NAMED_UNIT ( * ) SI_UNIT ( $, .STERADIAN. ) SOLID_ANGLE_UNIT ( ) );
#4328 =( NAMED_UNIT ( * ) PLANE_ANGLE_UNIT ( ) SI_UNIT ( $, .RADIAN. ) );
#4329 =( CONVERSION_BASED_UNIT ( 'INCH', #4330 ) LENGTH_UNIT ( ) NAMED_UNIT ( #4331 ) );
#4330 = LENGTH_MEASURE_WITH_UNIT ( LENGTH_MEASURE( 0.02539999999999999900 ), #4332 );
#4331 = DIMENSIONAL_EXPONENTS ( 1.000000000000000000, 0.0000000000000000000, 0.0000000000000000000, 0.0000000000000000000, 0.0000000000000000000, 0.0000000000000000000, 0.0000000000000000000 ) ;
#4332 =( LENGTH_UNIT ( ) NAMED_UNIT ( * ) SI_UNIT ( $, .METRE. ) );
#4333 =( LENGTH_UNIT ( ) NAMED_UNIT ( * ) SI_UNIT ( $, .METRE. ) );
#4334 = MECHANICAL_DESIGN_GEOMETRIC_PRESENTATION_REPRESENTATION (  '', ( #4336 ), #4299 ) ;
#4335 = PRESENTATION_LAYER_ASSIGNMENT (  '', '', ( #4336 ) ) ;
#4336 = STYLED_ITEM ( 'NONE', ( #4337 ), #1226 ) ;
#4337 = PRESENTATION_STYLE_ASSIGNMENT (( #4338 ) ) ;
#4338 = SURFACE_STYLE_USAGE ( .BOTH. , #4339 ) ;
#4339 = SURFACE_SIDE_STYLE ('',( #4340 ) ) ;
#4340 = SURFACE_STYLE_FILL_AREA ( #4341 ) ;
#4341 = FILL_AREA_STYLE ('',( #4343 ) ) ;
#4342 = COLOUR_RGB ( '',0.9882352941176471000, 1.000000000000000000, 0.9882352941176471000 ) ;
#4343 = FILL_AREA_STYLE_COLOUR ( '', #4342 ) ;
#4344 = FACE_OUTER_BOUND ( 'NONE', #1231, .T. ) ;
#4345 = CARTESIAN_POINT ( 'NONE',  ( 0.1927107811956010600, 0.07199999999999999500, 0.01501399949212226300 ) ) ;
#4346 = DIRECTION ( 'NONE',  ( -2.330928322239133200E-016, -1.000000000000000000, -0.0000000000000000000 ) ) ;
#4347 = VECTOR ( 'NONE', #4346, 39.37007874015748100 ) ;
#4348 = CARTESIAN_POINT ( 'NONE',  ( -0.06250000000000001400, -0.09199999999999988700, 0.6480000000000000200 ) ) ;
#4349 = LINE ( 'NONE', #4348, #4347 ) ;
#4350 = DIRECTION ( 'NONE',  ( -0.0000000000000000000, 0.0000000000000000000, 1.000000000000000000 ) ) ;
#4351 = VECTOR ( 'NONE', #4350, 39.37007874015748100 ) ;
#4352 = CARTESIAN_POINT ( 'NONE',  ( -0.06250000000000001400, -0.08199999999999999000, 0.6480000000000000200 ) ) ;
#4353 = LINE ( 'NONE', #4352, #4351 ) ;
#4354 = DIRECTION ( 'NONE',  ( 0.0000000000000000000, 0.0000000000000000000, -1.000000000000000000 ) ) ;
#4355 = DIRECTION ( 'NONE',  ( 1.000000000000000000, 0.0000000000000000000, -0.0000000000000000000 ) ) ;
#4356 = CARTESIAN_POINT ( 'NONE',  ( -0.06249999999999995100, 0.1953892772503371700, 0.6083954574546502900 ) ) ;
#4357 = AXIS2_PLACEMENT_3D ( 'NONE', #4356, #4355, #4354 ) ;
#4358 = CIRCLE ( 'NONE', #4357, 0.04000000000000004900 ) ;
#4359 = CARTESIAN_POINT ( 'NONE',  ( -0.06250000000000002800, -0.08199999999999997600, 0.6480000000000000200 ) ) ;
#4360 = CARTESIAN_POINT ( 'NONE',  ( -0.06249999999999995100, 0.2010000000000000700, 0.6480000000000000200 ) ) ;
#4361 = CARTESIAN_POINT ( 'NONE',  ( 0.06249999999999995100, 0.2010000000000000700, 0.6480000000000000200 ) ) ;
#4362 = DIRECTION ( 'NONE',  ( 0.0000000000000000000, 0.0000000000000000000, -1.000000000000000000 ) ) ;
#4363 = VECTOR ( 'NONE', #4362, 39.37007874015748100 ) ;
#4364 = CARTESIAN_POINT ( 'NONE',  ( 0.06249999999999995100, -0.08199999999999971200, 0.6480000000000000200 ) ) ;
#4365 = LINE ( 'NONE', #4364, #4363 ) ;
#4366 = DIRECTION ( 'NONE',  ( 0.0000000000000000000, 1.000000000000000000, 0.0000000000000000000 ) ) ;
#4367 = VECTOR ( 'NONE', #4366, 39.37007874015748100 ) ;
#4368 = CARTESIAN_POINT ( 'NONE',  ( 0.06249999999999995100, -0.09200000000000001200, 0.6280000000000000000 ) ) ;
#4369 = LINE ( 'NONE', #4368, #4367 ) ;
#4370 = MECHANICAL_DESIGN_GEOMETRIC_PRESENTATION_REPRESENTATION (  '', ( #4372 ), #4325 ) ;
#4371 = PRESENTATION_LAYER_ASSIGNMENT (  '', '', ( #4372 ) ) ;
#4372 = STYLED_ITEM ( 'NONE', ( #4373 ), #1242 ) ;
#4373 = PRESENTATION_STYLE_ASSIGNMENT (( #4374 ) ) ;
#4374 = SURFACE_STYLE_USAGE ( .BOTH. , #4375 ) ;
#4375 = SURFACE_SIDE_STYLE ('',( #4376 ) ) ;
#4376 = SURFACE_STYLE_FILL_AREA ( #4377 ) ;
#4377 = FILL_AREA_STYLE ('',( #4383 ) ) ;
#4378 = COLOUR_RGB ( '',0.9882352941176471000, 1.000000000000000000, 0.9882352941176471000 ) ;
#4379 = FACE_OUTER_BOUND ( 'NONE', #1243, .T. ) ;
#4380 = DIRECTION ( 'NONE',  ( -1.000000000000000000, 0.0000000000000000000, 0.0000000000000000000 ) ) ;
#4381 = VECTOR ( 'NONE', #4380, 39.37007874015748100 ) ;
#4382 = CARTESIAN_POINT ( 'NONE',  ( 0.06249999999999995100, 0.2010000000000000700, 0.6480000000000000200 ) ) ;
#4383 = FILL_AREA_STYLE_COLOUR ( '', #4378 ) ;
#4384 = LINE ( 'NONE', #4382, #4381 ) ;
#4385 = DIRECTION ( 'NONE',  ( 0.7071067811865474600, 0.7071067811865474600, -0.0000000000000000000 ) ) ;
#4386 = VECTOR ( 'NONE', #4385, 39.37007874015748900 ) ;
#4387 = CARTESIAN_POINT ( 'NONE',  ( -0.05875000000000018400, -0.2032499999999998800, 0.6480000000000000200 ) ) ;
#4388 = LINE ( 'NONE', #4387, #4386 ) ;
#4389 = DIRECTION ( 'NONE',  ( 0.0000000000000000000, -0.3339948838425151300, -0.9425748869808831000 ) ) ;
#4390 = VECTOR ( 'NONE', #4389, 39.37007874015748900 ) ;
#4391 = CARTESIAN_POINT ( 'NONE',  ( 0.06249999999999995100, 0.2057736487983878300, 0.3948722389805179900 ) ) ;
#4392 = LINE ( 'NONE', #4391, #4390 ) ;
#4393 = DIRECTION ( 'NONE',  ( 0.0000000000000000000, 0.0000000000000000000, -1.000000000000000000 ) ) ;
#4394 = DIRECTION ( 'NONE',  ( 1.000000000000000000, 0.0000000000000000000, -0.0000000000000000000 ) ) ;
#4395 = CARTESIAN_POINT ( 'NONE',  ( 0.06249999999999995100, 0.1953892772503371700, 0.6083954574546502900 ) ) ;
#4396 = AXIS2_PLACEMENT_3D ( 'NONE', #4395, #4394, #4393 ) ;
#4397 = CIRCLE ( 'NONE', #4396, 0.04000000000000004900 ) ;
#4398 = DIRECTION ( 'NONE',  ( -0.0000000000000000000, 1.000000000000000000, -0.0000000000000000000 ) ) ;
#4399 = VECTOR ( 'NONE', #4398, 39.37007874015748100 ) ;
#4400 = CARTESIAN_POINT ( 'NONE',  ( 0.2234800119648318000, 0.07199999999999999500, -0.02293471845659568800 ) ) ;
#4401 = DIRECTION ( 'NONE',  ( 2.330928322239133200E-016, 1.000000000000000000, 0.0000000000000000000 ) ) ;
#4402 = DIRECTION ( 'NONE',  ( 1.000000000000000000, -2.330928322239133200E-016, 0.0000000000000000000 ) ) ;
#4403 = CARTESIAN_POINT ( 'NONE',  ( -0.06250000000000001400, -0.09199999999999988700, 0.6480000000000000200 ) ) ;
#4404 = AXIS2_PLACEMENT_3D ( 'NONE', #4403, #4402, #4401 ) ;
#4405 = PLANE ( 'NONE',  #4404 ) ;
#4406 = LINE ( 'NONE', #4400, #4399 ) ;
#4407 =( GEOMETRIC_REPRESENTATION_CONTEXT ( 3 ) GLOBAL_UNCERTAINTY_ASSIGNED_CONTEXT ( ( #4408 ) ) GLOBAL_UNIT_ASSIGNED_CONTEXT ( ( #4411, #4410, #4409 ) ) REPRESENTATION_CONTEXT ( 'NONE', 'WORKASPACE' ) );
#4408 = UNCERTAINTY_MEASURE_WITH_UNIT (LENGTH_MEASURE( 1.000000000000000100E-005 ), #4411, 'distance_accuracy_value', 'NONE');
#4409 =( NAMED_UNIT ( * ) SI_UNIT ( $, .STERADIAN. ) SOLID_ANGLE_UNIT ( ) );
#4410 =( NAMED_UNIT ( * ) PLANE_ANGLE_UNIT ( ) SI_UNIT ( $, .RADIAN. ) );
#4411 =( CONVERSION_BASED_UNIT ( 'INCH', #4412 ) LENGTH_UNIT ( ) NAMED_UNIT ( #4413 ) );
#4412 = LENGTH_MEASURE_WITH_UNIT ( LENGTH_MEASURE( 0.02539999999999999900 ), #4414 );
#4413 = DIMENSIONAL_EXPONENTS ( 1.000000000000000000, 0.0000000000000000000, 0.0000000000000000000, 0.0000000000000000000, 0.0000000000000000000, 0.0000000000000000000, 0.0000000000000000000 ) ;
#4414 =( LENGTH_UNIT ( ) NAMED_UNIT ( * ) SI_UNIT ( $, .METRE. ) );
#4415 = MECHANICAL_DESIGN_GEOMETRIC_PRESENTATION_REPRESENTATION (  '', ( #4417 ), #4407 ) ;
#4416 = PRESENTATION_LAYER_ASSIGNMENT (  '', '', ( #4417 ) ) ;
#4417 = STYLED_ITEM ( 'NONE', ( #4418 ), #1279 ) ;
#4418 = PRESENTATION_STYLE_ASSIGNMENT (( #4419 ) ) ;
#4419 = SURFACE_STYLE_USAGE ( .BOTH. , #4420 ) ;
#4420 = SURFACE_SIDE_STYLE ('',( #4421 ) ) ;
#4421 = SURFACE_STYLE_FILL_AREA ( #4422 ) ;
#4422 = FILL_AREA_STYLE ('',( #4429 ) ) ;
#4423 = COLOUR_RGB ( '',0.9882352941176471000, 1.000000000000000000, 0.9882352941176471000 ) ;
#4424 = DIRECTION ( 'NONE',  ( -0.09950371902099891500, 0.9950371902099891500, 0.0000000000000000000 ) ) ;
#4425 = DIRECTION ( 'NONE',  ( 0.9950371902099891500, 0.09950371902099891500, -0.0000000000000000000 ) ) ;
#4426 = CARTESIAN_POINT ( 'NONE',  ( -0.01700000000000004300, -0.2619999999999997300, 0.6480000000000000200 ) ) ;
#4427 = AXIS2_PLACEMENT_3D ( 'NONE', #4426, #4425, #4424 ) ;
#4428 = FACE_OUTER_BOUND ( 'NONE', #1302, .T. ) ;
#4429 = FILL_AREA_STYLE_COLOUR ( '', #4423 ) ;
#4430 = PLANE ( 'NONE',  #4427 ) ;
#4431 =( GEOMETRIC_REPRESENTATION_CONTEXT ( 3 ) GLOBAL_UNCERTAINTY_ASSIGNED_CONTEXT ( ( #4450 ) ) GLOBAL_UNIT_ASSIGNED_CONTEXT ( ( #4571, #4570, #4451 ) ) REPRESENTATION_CONTEXT ( 'NONE', 'WORKASPACE' ) );
#4432 =( CONVERSION_BASED_UNIT ( 'INCH', #4433 ) LENGTH_UNIT ( ) NAMED_UNIT ( #4483 ) );
#4433 = LENGTH_MEASURE_WITH_UNIT ( LENGTH_MEASURE( 0.02539999999999999900 ), #4469 );
#4434 =( NAMED_UNIT ( * ) SI_UNIT ( $, .STERADIAN. ) SOLID_ANGLE_UNIT ( ) );
#4435 =( NAMED_UNIT ( * ) PLANE_ANGLE_UNIT ( ) SI_UNIT ( $, .RADIAN. ) );
#4436 = DIRECTION ( 'NONE',  ( 0.0000000000000000000, -0.3339948838425151300, -0.9425748869808831000 ) ) ;
#4437 = DIRECTION ( 'NONE',  ( 0.0000000000000000000, -0.9425748869808833200, 0.3339948838425151900 ) ) ;
#4438 = CARTESIAN_POINT ( 'NONE',  ( 0.06249999999999995100, 0.2057736487983878300, 0.3948722389805179900 ) ) ;
#4439 = AXIS2_PLACEMENT_3D ( 'NONE', #4438, #4437, #4436 ) ;
#4440 = UNCERTAINTY_MEASURE_WITH_UNIT (LENGTH_MEASURE( 1.000000000000000100E-005 ), #4480, 'distance_accuracy_value', 'NONE');
#4441 = CARTESIAN_POINT ( 'NONE',  ( -0.02500000000000005000, -0.09199999999999986000, 0.6480000000000000200 ) ) ;
#4442 = LINE ( 'NONE', #4441, #4552 ) ;
#4443 = DIRECTION ( 'NONE',  ( -4.742791655667130400E-017, 1.000000000000000000, 0.0000000000000000000 ) ) ;
#4444 = DIRECTION ( 'NONE',  ( 1.000000000000000000, 4.742791655667130400E-017, -0.0000000000000000000 ) ) ;
#4445 = CARTESIAN_POINT ( 'NONE',  ( -0.02500000000000004600, -0.1819999999999997200, 0.6480000000000000200 ) ) ;
#4446 = AXIS2_PLACEMENT_3D ( 'NONE', #4445, #4444, #4443 ) ;
#4447 = PLANE ( 'NONE',  #4446 ) ;
#4448 =( NAMED_UNIT ( * ) SI_UNIT ( $, .STERADIAN. ) SOLID_ANGLE_UNIT ( ) );
#4449 = PLANE ( 'NONE',  #4439 ) ;
#4450 = UNCERTAINTY_MEASURE_WITH_UNIT (LENGTH_MEASURE( 1.000000000000000100E-005 ), #4571, 'distance_accuracy_value', 'NONE');
#4451 =( NAMED_UNIT ( * ) SI_UNIT ( $, .STERADIAN. ) SOLID_ANGLE_UNIT ( ) );
#4452 = DIMENSIONAL_EXPONENTS ( 1.000000000000000000, 0.0000000000000000000, 0.0000000000000000000, 0.0000000000000000000, 0.0000000000000000000, 0.0000000000000000000, 0.0000000000000000000 ) ;
#4453 = DIRECTION ( 'NONE',  ( 0.7071067811865477900, -0.7071067811865472400, -0.0000000000000000000 ) ) ;
#4454 = VECTOR ( 'NONE', #4453, 39.37007874015748100 ) ;
#4455 = CARTESIAN_POINT ( 'NONE',  ( 0.05874999999999998300, -0.2032499999999999000, 0.6480000000000000200 ) ) ;
#4456 = LINE ( 'NONE', #4455, #4454 ) ;
#4457 = FILL_AREA_STYLE_COLOUR ( '', #4582 ) ;
#4458 =( CONVERSION_BASED_UNIT ( 'INCH', #4459 ) LENGTH_UNIT ( ) NAMED_UNIT ( #4460 ) );
#4459 = LENGTH_MEASURE_WITH_UNIT ( LENGTH_MEASURE( 0.02539999999999999900 ), #4461 );
#4460 = DIMENSIONAL_EXPONENTS ( 1.000000000000000000, 0.0000000000000000000, 0.0000000000000000000, 0.0000000000000000000, 0.0000000000000000000, 0.0000000000000000000, 0.0000000000000000000 ) ;
#4461 =( LENGTH_UNIT ( ) NAMED_UNIT ( * ) SI_UNIT ( $, .METRE. ) );
#4462 =( LENGTH_UNIT ( ) NAMED_UNIT ( * ) SI_UNIT ( $, .METRE. ) );
#4463 = MECHANICAL_DESIGN_GEOMETRIC_PRESENTATION_REPRESENTATION (  '', ( #4576 ), #4554 ) ;
#4464 = PRESENTATION_LAYER_ASSIGNMENT (  '', '', ( #4576 ) ) ;
#4465 = CYLINDRICAL_SURFACE ( 'NONE', #4562, 0.04000000000000001500 ) ;
#4466 = UNCERTAINTY_MEASURE_WITH_UNIT (LENGTH_MEASURE( 1.000000000000000100E-005 ), #4575, 'distance_accuracy_value', 'NONE');
#4467 =( GEOMETRIC_REPRESENTATION_CONTEXT ( 3 ) GLOBAL_UNCERTAINTY_ASSIGNED_CONTEXT ( ( #4466 ) ) GLOBAL_UNIT_ASSIGNED_CONTEXT ( ( #4575, #4535, #4448 ) ) REPRESENTATION_CONTEXT ( 'NONE', 'WORKASPACE' ) );
#4468 =( GEOMETRIC_REPRESENTATION_CONTEXT ( 3 ) GLOBAL_UNCERTAINTY_ASSIGNED_CONTEXT ( ( #4574 ) ) GLOBAL_UNIT_ASSIGNED_CONTEXT ( ( #4432, #4531, #4563 ) ) REPRESENTATION_CONTEXT ( 'NONE', 'WORKASPACE' ) );
#4469 =( LENGTH_UNIT ( ) NAMED_UNIT ( * ) SI_UNIT ( $, .METRE. ) );
#4470 = UNCERTAINTY_MEASURE_WITH_UNIT (LENGTH_MEASURE( 1.000000000000000100E-005 ), #4473, 'distance_accuracy_value', 'NONE');
#4471 =( NAMED_UNIT ( * ) SI_UNIT ( $, .STERADIAN. ) SOLID_ANGLE_UNIT ( ) );
#4472 =( NAMED_UNIT ( * ) PLANE_ANGLE_UNIT ( ) SI_UNIT ( $, .RADIAN. ) );
#4473 =( CONVERSION_BASED_UNIT ( 'INCH', #4474 ) LENGTH_UNIT ( ) NAMED_UNIT ( #4514 ) );
#4474 = LENGTH_MEASURE_WITH_UNIT ( LENGTH_MEASURE( 0.02539999999999999900 ), #4515 );
#4475 = CIRCLE ( 'NONE', #4513, 0.06200000000000000600 ) ;
#4476 = DIRECTION ( 'NONE',  ( 0.0000000000000000000, -0.2079116908177665300, 0.9781476007338040200 ) ) ;
#4477 = DIRECTION ( 'NONE',  ( -0.0000000000000000000, 0.9781476007338041300, 0.2079116908177665600 ) ) ;
#4478 = CARTESIAN_POINT ( 'NONE',  ( -0.06249999999999995100, 0.1000156726110602300, -0.07164374084952265800 ) ) ;
#4479 = AXIS2_PLACEMENT_3D ( 'NONE', #4478, #4477, #4476 ) ;
#4480 =( CONVERSION_BASED_UNIT ( 'INCH', #4481 ) LENGTH_UNIT ( ) NAMED_UNIT ( #4482 ) );
#4481 = LENGTH_MEASURE_WITH_UNIT ( LENGTH_MEASURE( 0.02539999999999999900 ), #4462 );
#4482 = DIMENSIONAL_EXPONENTS ( 1.000000000000000000, 0.0000000000000000000, 0.0000000000000000000, 0.0000000000000000000, 0.0000000000000000000, 0.0000000000000000000, 0.0000000000000000000 ) ;
#4483 = DIMENSIONAL_EXPONENTS ( 1.000000000000000000, 0.0000000000000000000, 0.0000000000000000000, 0.0000000000000000000, 0.0000000000000000000, 0.0000000000000000000, 0.0000000000000000000 ) ;
#4484 =( LENGTH_UNIT ( ) NAMED_UNIT ( * ) SI_UNIT ( $, .METRE. ) );
#4485 = MECHANICAL_DESIGN_GEOMETRIC_PRESENTATION_REPRESENTATION (  '', ( #4487 ), #4431 ) ;
#4486 = PRESENTATION_LAYER_ASSIGNMENT (  '', '', ( #4487 ) ) ;
#4487 = STYLED_ITEM ( 'NONE', ( #4488 ), #1277 ) ;
#4488 = PRESENTATION_STYLE_ASSIGNMENT (( #4489 ) ) ;
#4489 = SURFACE_STYLE_USAGE ( .BOTH. , #4490 ) ;
#4490 = SURFACE_SIDE_STYLE ('',( #4491 ) ) ;
#4491 = SURFACE_STYLE_FILL_AREA ( #4492 ) ;
#4492 = FILL_AREA_STYLE ('',( #4505 ) ) ;
#4493 =( LENGTH_UNIT ( ) NAMED_UNIT ( * ) SI_UNIT ( $, .METRE. ) );
#4494 = CARTESIAN_POINT ( 'NONE',  ( -0.05250000000000010900, -0.09199999999999990100, 0.6480000000000000200 ) ) ;
#4495 = DIRECTION ( 'NONE',  ( 1.000000000000000000, 4.553079989440442600E-016, -0.0000000000000000000 ) ) ;
#4496 = VECTOR ( 'NONE', #4495, 39.37007874015748100 ) ;
#4497 = CARTESIAN_POINT ( 'NONE',  ( -0.02500000000000005000, -0.09199999999999986000, 0.6480000000000000200 ) ) ;
#4498 = LINE ( 'NONE', #4497, #4496 ) ;
#4499 = DIRECTION ( 'NONE',  ( -1.000000000000000000, -4.553079989440442600E-016, 0.0000000000000000000 ) ) ;
#4500 = DIRECTION ( 'NONE',  ( -4.553079989440442600E-016, 1.000000000000000000, 0.0000000000000000000 ) ) ;
#4501 = CARTESIAN_POINT ( 'NONE',  ( -0.02500000000000005000, -0.09199999999999986000, 0.6480000000000000200 ) ) ;
#4502 = AXIS2_PLACEMENT_3D ( 'NONE', #4501, #4500, #4499 ) ;
#4503 = PLANE ( 'NONE',  #4502 ) ;
#4504 =( GEOMETRIC_REPRESENTATION_CONTEXT ( 3 ) GLOBAL_UNCERTAINTY_ASSIGNED_CONTEXT ( ( #4532 ) ) GLOBAL_UNIT_ASSIGNED_CONTEXT ( ( #4458, #4534, #4533 ) ) REPRESENTATION_CONTEXT ( 'NONE', 'WORKASPACE' ) );
#4505 = FILL_AREA_STYLE_COLOUR ( '', #4506 ) ;
#4506 = COLOUR_RGB ( '',0.9882352941176471000, 1.000000000000000000, 0.9882352941176471000 ) ;
#4507 = FACE_OUTER_BOUND ( 'NONE', #1278, .T. ) ;
#4508 = CARTESIAN_POINT ( 'NONE',  ( 0.0004999999999999502500, 0.1267305939549168400, -0.1973275641761745300 ) ) ;
#4509 = CARTESIAN_POINT ( 'NONE',  ( -0.0004999999999999673800, 0.1267305939549168400, -0.1973275641761745300 ) ) ;
#4510 = DIRECTION ( 'NONE',  ( 0.0000000000000000000, -0.2079116908177666100, 0.9781476007338041300 ) ) ;
#4511 = DIRECTION ( 'NONE',  ( 0.0000000000000000000, -0.9781476007338042500, -0.2079116908177665600 ) ) ;
#4512 = CARTESIAN_POINT ( 'NONE',  ( -0.0004999999999999706300, 0.1138400691242153100, -0.1366824129306786800 ) ) ;
#4513 = AXIS2_PLACEMENT_3D ( 'NONE', #4512, #4511, #4510 ) ;
#4514 = DIMENSIONAL_EXPONENTS ( 1.000000000000000000, 0.0000000000000000000, 0.0000000000000000000, 0.0000000000000000000, 0.0000000000000000000, 0.0000000000000000000, 0.0000000000000000000 ) ;
#4515 =( LENGTH_UNIT ( ) NAMED_UNIT ( * ) SI_UNIT ( $, .METRE. ) );
#4516 = MECHANICAL_DESIGN_GEOMETRIC_PRESENTATION_REPRESENTATION (  '', ( #4518 ), #4590 ) ;
#4517 = PRESENTATION_LAYER_ASSIGNMENT (  '', '', ( #4518 ) ) ;
#4518 = STYLED_ITEM ( 'NONE', ( #4519 ), #1295 ) ;
#4519 = PRESENTATION_STYLE_ASSIGNMENT (( #4520 ) ) ;
#4520 = SURFACE_STYLE_USAGE ( .BOTH. , #4521 ) ;
#4521 = SURFACE_SIDE_STYLE ('',( #4522 ) ) ;
#4522 = SURFACE_STYLE_FILL_AREA ( #4523 ) ;
#4523 = FILL_AREA_STYLE ('',( #4530 ) ) ;
#4524 = COLOUR_RGB ( '',0.9882352941176471000, 1.000000000000000000, 0.9882352941176471000 ) ;
#4525 = FACE_OUTER_BOUND ( 'NONE', #1294, .T. ) ;
#4526 = DIRECTION ( 'NONE',  ( 0.09950371902099891500, -0.9950371902099891500, -0.0000000000000000000 ) ) ;
#4527 = VECTOR ( 'NONE', #4526, 39.37007874015748100 ) ;
#4528 = CARTESIAN_POINT ( 'NONE',  ( -0.01700000000000004300, -0.2619999999999997300, 0.6480000000000000200 ) ) ;
#4529 = LINE ( 'NONE', #4528, #4527 ) ;
#4530 = FILL_AREA_STYLE_COLOUR ( '', #4524 ) ;
#4531 =( NAMED_UNIT ( * ) PLANE_ANGLE_UNIT ( ) SI_UNIT ( $, .RADIAN. ) );
#4532 = UNCERTAINTY_MEASURE_WITH_UNIT (LENGTH_MEASURE( 1.000000000000000100E-005 ), #4458, 'distance_accuracy_value', 'NONE');
#4533 =( NAMED_UNIT ( * ) SI_UNIT ( $, .STERADIAN. ) SOLID_ANGLE_UNIT ( ) );
#4534 =( NAMED_UNIT ( * ) PLANE_ANGLE_UNIT ( ) SI_UNIT ( $, .RADIAN. ) );
#4535 =( NAMED_UNIT ( * ) PLANE_ANGLE_UNIT ( ) SI_UNIT ( $, .RADIAN. ) );
#4536 = MECHANICAL_DESIGN_GEOMETRIC_PRESENTATION_REPRESENTATION (  '', ( #4538 ), #4504 ) ;
#4537 = PRESENTATION_LAYER_ASSIGNMENT (  '', '', ( #4538 ) ) ;
#4538 = STYLED_ITEM ( 'NONE', ( #4539 ), #1287 ) ;
#4539 = PRESENTATION_STYLE_ASSIGNMENT (( #4540 ) ) ;
#4540 = SURFACE_STYLE_USAGE ( .BOTH. , #4541 ) ;
#4541 = SURFACE_SIDE_STYLE ('',( #4542 ) ) ;
#4542 = SURFACE_STYLE_FILL_AREA ( #4543 ) ;
#4543 = FILL_AREA_STYLE ('',( #4549 ) ) ;
#4544 = COLOUR_RGB ( '',0.9882352941176471000, 1.000000000000000000, 0.9882352941176471000 ) ;
#4545 = FACE_OUTER_BOUND ( 'NONE', #1303, .T. ) ;
#4546 = DIRECTION ( 'NONE',  ( -0.0000000000000000000, -0.0000000000000000000, -1.000000000000000000 ) ) ;
#4547 = VECTOR ( 'NONE', #4546, 39.37007874015748100 ) ;
#4548 = CARTESIAN_POINT ( 'NONE',  ( -0.02500000000000004600, -0.1819999999999997200, 0.6480000000000000200 ) ) ;
#4549 = FILL_AREA_STYLE_COLOUR ( '', #4544 ) ;
#4550 = LINE ( 'NONE', #4548, #4547 ) ;
#4551 = DIRECTION ( 'NONE',  ( -0.0000000000000000000, -0.0000000000000000000, -1.000000000000000000 ) ) ;
#4552 = VECTOR ( 'NONE', #4551, 39.37007874015748100 ) ;
#4553 = PLANE ( 'NONE',  #4479 ) ;
#4554 =( GEOMETRIC_REPRESENTATION_CONTEXT ( 3 ) GLOBAL_UNCERTAINTY_ASSIGNED_CONTEXT ( ( #4440 ) ) GLOBAL_UNIT_ASSIGNED_CONTEXT ( ( #4480, #4435, #4434 ) ) REPRESENTATION_CONTEXT ( 'NONE', 'WORKASPACE' ) );
#4555 = SURFACE_SIDE_STYLE ('',( #4556 ) ) ;
#4556 = SURFACE_STYLE_FILL_AREA ( #4557 ) ;
#4557 = FILL_AREA_STYLE ('',( #4558 ) ) ;
#4558 = FILL_AREA_STYLE_COLOUR ( '', #4591 ) ;
#4559 = DIRECTION ( 'NONE',  ( 0.0000000000000000000, 0.0000000000000000000, -1.000000000000000000 ) ) ;
#4560 = DIRECTION ( 'NONE',  ( 1.000000000000000000, -0.0000000000000000000, 0.0000000000000000000 ) ) ;
#4561 = CARTESIAN_POINT ( 'NONE',  ( -0.06250000000000000000, 0.03499999999999999600, -0.1871410161513775400 ) ) ;
#4562 = AXIS2_PLACEMENT_3D ( 'NONE', #4561, #4560, #4559 ) ;
#4563 =( NAMED_UNIT ( * ) SI_UNIT ( $, .STERADIAN. ) SOLID_ANGLE_UNIT ( ) );
#4564 = MECHANICAL_DESIGN_GEOMETRIC_PRESENTATION_REPRESENTATION (  '', ( #4566 ), #4468 ) ;
#4565 = PRESENTATION_LAYER_ASSIGNMENT (  '', '', ( #4566 ) ) ;
#4566 = STYLED_ITEM ( 'NONE', ( #4567 ), #1253 ) ;
#4567 = PRESENTATION_STYLE_ASSIGNMENT (( #4568 ) ) ;
#4568 = SURFACE_STYLE_USAGE ( .BOTH. , #4555 ) ;
#4569 = LENGTH_MEASURE_WITH_UNIT ( LENGTH_MEASURE( 0.02539999999999999900 ), #4493 );
#4570 =( NAMED_UNIT ( * ) PLANE_ANGLE_UNIT ( ) SI_UNIT ( $, .RADIAN. ) );
#4571 =( CONVERSION_BASED_UNIT ( 'INCH', #4572 ) LENGTH_UNIT ( ) NAMED_UNIT ( #4573 ) );
#4572 = LENGTH_MEASURE_WITH_UNIT ( LENGTH_MEASURE( 0.02539999999999999900 ), #4484 );
#4573 = DIMENSIONAL_EXPONENTS ( 1.000000000000000000, 0.0000000000000000000, 0.0000000000000000000, 0.0000000000000000000, 0.0000000000000000000, 0.0000000000000000000, 0.0000000000000000000 ) ;
#4574 = UNCERTAINTY_MEASURE_WITH_UNIT (LENGTH_MEASURE( 1.000000000000000100E-005 ), #4432, 'distance_accuracy_value', 'NONE');
#4575 =( CONVERSION_BASED_UNIT ( 'INCH', #4569 ) LENGTH_UNIT ( ) NAMED_UNIT ( #4452 ) );
#4576 = STYLED_ITEM ( 'NONE', ( #4577 ), #1267 ) ;
#4577 = PRESENTATION_STYLE_ASSIGNMENT (( #4578 ) ) ;
#4578 = SURFACE_STYLE_USAGE ( .BOTH. , #4579 ) ;
#4579 = SURFACE_SIDE_STYLE ('',( #4580 ) ) ;
#4580 = SURFACE_STYLE_FILL_AREA ( #4581 ) ;
#4581 = FILL_AREA_STYLE ('',( #4457 ) ) ;
#4582 = COLOUR_RGB ( '',0.9882352941176471000, 1.000000000000000000, 0.9882352941176471000 ) ;
#4583 = FACE_OUTER_BOUND ( 'NONE', #1268, .T. ) ;
#4584 = LINE ( 'NONE', #4650, #4649 ) ;
#4585 = DIRECTION ( 'NONE',  ( 1.000000000000000000, 0.0000000000000000000, -0.0000000000000000000 ) ) ;
#4586 = DIRECTION ( 'NONE',  ( 0.0000000000000000000, 0.0000000000000000000, 1.000000000000000000 ) ) ;
#4587 = CARTESIAN_POINT ( 'NONE',  ( -5.916451816734643200E-017, -0.2620000000000000100, 0.6480000000000000200 ) ) ;
#4588 = AXIS2_PLACEMENT_3D ( 'NONE', #4587, #4586, #4585 ) ;
#4589 = PLANE ( 'NONE',  #4588 ) ;
#4590 =( GEOMETRIC_REPRESENTATION_CONTEXT ( 3 ) GLOBAL_UNCERTAINTY_ASSIGNED_CONTEXT ( ( #4470 ) ) GLOBAL_UNIT_ASSIGNED_CONTEXT ( ( #4473, #4472, #4471 ) ) REPRESENTATION_CONTEXT ( 'NONE', 'WORKASPACE' ) );
#4591 = COLOUR_RGB ( '',0.9882352941176471000, 1.000000000000000000, 0.9882352941176471000 ) ;
#4592 = FACE_OUTER_BOUND ( 'NONE', #1254, .T. ) ;
#4593 = DIRECTION ( 'NONE',  ( -1.000000000000000000, 0.0000000000000000000, 0.0000000000000000000 ) ) ;
#4594 = VECTOR ( 'NONE', #4593, 39.37007874015748100 ) ;
#4595 = CARTESIAN_POINT ( 'NONE',  ( -0.06249999999999995100, 0.1529693192429640900, 0.3051410330849777000 ) ) ;
#4596 = LINE ( 'NONE', #4595, #4594 ) ;
#4597 = FILL_AREA_STYLE_COLOUR ( '', #4734 ) ;
#4598 = DIRECTION ( 'NONE',  ( 0.0000000000000000000, 0.0000000000000000000, -1.000000000000000000 ) ) ;
#4599 = DIRECTION ( 'NONE',  ( 1.000000000000000000, 0.0000000000000000000, -0.0000000000000000000 ) ) ;
#4600 = CARTESIAN_POINT ( 'NONE',  ( 0.0000000000000000000, 0.1953892772503371700, 0.6083954574546502900 ) ) ;
#4601 = AXIS2_PLACEMENT_3D ( 'NONE', #4600, #4599, #4598 ) ;
#4602 = CYLINDRICAL_SURFACE ( 'NONE', #4601, 0.04000000000000004900 ) ;
#4603 =( GEOMETRIC_REPRESENTATION_CONTEXT ( 3 ) GLOBAL_UNCERTAINTY_ASSIGNED_CONTEXT ( ( #4604 ) ) GLOBAL_UNIT_ASSIGNED_CONTEXT ( ( #4607, #4606, #4605 ) ) REPRESENTATION_CONTEXT ( 'NONE', 'WORKASPACE' ) );
#4604 = UNCERTAINTY_MEASURE_WITH_UNIT (LENGTH_MEASURE( 1.000000000000000100E-005 ), #4607, 'distance_accuracy_value', 'NONE');
#4605 =( NAMED_UNIT ( * ) SI_UNIT ( $, .STERADIAN. ) SOLID_ANGLE_UNIT ( ) );
#4606 =( NAMED_UNIT ( * ) PLANE_ANGLE_UNIT ( ) SI_UNIT ( $, .RADIAN. ) );
#4607 =( CONVERSION_BASED_UNIT ( 'INCH', #4608 ) LENGTH_UNIT ( ) NAMED_UNIT ( #4609 ) );
#4608 = LENGTH_MEASURE_WITH_UNIT ( LENGTH_MEASURE( 0.02539999999999999900 ), #4610 );
#4609 = DIMENSIONAL_EXPONENTS ( 1.000000000000000000, 0.0000000000000000000, 0.0000000000000000000, 0.0000000000000000000, 0.0000000000000000000, 0.0000000000000000000, 0.0000000000000000000 ) ;
#4610 =( LENGTH_UNIT ( ) NAMED_UNIT ( * ) SI_UNIT ( $, .METRE. ) );
#4611 = MECHANICAL_DESIGN_GEOMETRIC_PRESENTATION_REPRESENTATION (  '', ( #4613 ), #4603 ) ;
#4612 = PRESENTATION_LAYER_ASSIGNMENT (  '', '', ( #4613 ) ) ;
#4613 = STYLED_ITEM ( 'NONE', ( #4614 ), #1356 ) ;
#4614 = PRESENTATION_STYLE_ASSIGNMENT (( #4615 ) ) ;
#4615 = SURFACE_STYLE_USAGE ( .BOTH. , #4616 ) ;
#4616 = SURFACE_SIDE_STYLE ('',( #4617 ) ) ;
#4617 = SURFACE_STYLE_FILL_AREA ( #4618 ) ;
#4618 = FILL_AREA_STYLE ('',( #4657 ) ) ;
#4619 =( NAMED_UNIT ( * ) PLANE_ANGLE_UNIT ( ) SI_UNIT ( $, .RADIAN. ) );
#4620 =( CONVERSION_BASED_UNIT ( 'INCH', #4621 ) LENGTH_UNIT ( ) NAMED_UNIT ( #4622 ) );
#4621 = LENGTH_MEASURE_WITH_UNIT ( LENGTH_MEASURE( 0.02539999999999999900 ), #4623 );
#4622 = DIMENSIONAL_EXPONENTS ( 1.000000000000000000, 0.0000000000000000000, 0.0000000000000000000, 0.0000000000000000000, 0.0000000000000000000, 0.0000000000000000000, 0.0000000000000000000 ) ;
#4623 =( LENGTH_UNIT ( ) NAMED_UNIT ( * ) SI_UNIT ( $, .METRE. ) );
#4624 = MECHANICAL_DESIGN_GEOMETRIC_PRESENTATION_REPRESENTATION (  '', ( #4626 ), #4809 ) ;
#4625 = PRESENTATION_LAYER_ASSIGNMENT (  '', '', ( #4626 ) ) ;
#4626 = STYLED_ITEM ( 'NONE', ( #4627 ), #1320 ) ;
#4627 = PRESENTATION_STYLE_ASSIGNMENT (( #4628 ) ) ;
#4628 = SURFACE_STYLE_USAGE ( .BOTH. , #4629 ) ;
#4629 = SURFACE_SIDE_STYLE ('',( #4630 ) ) ;
#4630 = SURFACE_STYLE_FILL_AREA ( #4631 ) ;
#4631 = FILL_AREA_STYLE ('',( #4638 ) ) ;
#4632 = COLOUR_RGB ( '',0.9882352941176471000, 1.000000000000000000, 0.9882352941176471000 ) ;
#4633 = FACE_OUTER_BOUND ( 'NONE', #1465, .T. ) ;
#4634 = DIRECTION ( 'NONE',  ( -2.279991945880679300E-016, -0.9781476007338040200, -0.2079116908177665300 ) ) ;
#4635 = VECTOR ( 'NONE', #4634, 39.37007874015748100 ) ;
#4636 = CARTESIAN_POINT ( 'NONE',  ( -0.06249999999999996500, 0.1138400691242153100, -0.1366824129306786800 ) ) ;
#4637 = LINE ( 'NONE', #4636, #4635 ) ;
#4638 = FILL_AREA_STYLE_COLOUR ( '', #4632 ) ;
#4639 = CARTESIAN_POINT ( 'NONE',  ( -0.06249999999999995100, 0.1201111767371430700, -0.07094199038211496100 ) ) ;
#4640 = CARTESIAN_POINT ( 'NONE',  ( -0.06249999999999995100, 0.1332096132586624000, -0.1325652892283446800 ) ) ;
#4641 = DIRECTION ( 'NONE',  ( 0.0000000000000000000, 0.2079116908177665300, -0.9781476007338040200 ) ) ;
#4642 = VECTOR ( 'NONE', #4641, 39.37007874015748900 ) ;
#4643 = CARTESIAN_POINT ( 'NONE',  ( -0.06249999999999995100, 0.1201111767371430700, -0.07094199038211496100 ) ) ;
#4644 = LINE ( 'NONE', #4643, #4642 ) ;
#4645 = CARTESIAN_POINT ( 'NONE',  ( -0.06249999999999995100, 0.1000156726110602600, -0.07164374084952251900 ) ) ;
#4646 = CARTESIAN_POINT ( 'NONE',  ( -0.06249999999999995100, 0.1138400691242153600, -0.1366824129306786200 ) ) ;
#4647 = CARTESIAN_POINT ( 'NONE',  ( -0.02500000000000005000, -0.09199999999999986000, 0.6480000000000000200 ) ) ;
#4648 = DIRECTION ( 'NONE',  ( -2.330928322239133200E-016, -1.000000000000000000, -0.0000000000000000000 ) ) ;
#4649 = VECTOR ( 'NONE', #4648, 39.37007874015748100 ) ;
#4650 = CARTESIAN_POINT ( 'NONE',  ( -0.06250000000000001400, -0.09199999999999988700, 0.6280000000000000000 ) ) ;
#4651 = COLOUR_RGB ( '',0.9882352941176471000, 1.000000000000000000, 0.9882352941176471000 ) ;
#4652 = FACE_OUTER_BOUND ( 'NONE', #1236, .T. ) ;
#4653 = DIRECTION ( 'NONE',  ( -1.000000000000000000, -0.0000000000000000000, 0.0000000000000000000 ) ) ;
#4654 = VECTOR ( 'NONE', #4653, 39.37007874015748100 ) ;
#4655 = CARTESIAN_POINT ( 'NONE',  ( -0.06249999999999995100, 0.2150000122282626500, 0.6028064171245418600 ) ) ;
#4656 = LINE ( 'NONE', #4655, #4654 ) ;
#4657 = FILL_AREA_STYLE_COLOUR ( '', #4651 ) ;
#4658 = DIRECTION ( 'NONE',  ( 0.0000000000000000000, -0.1391731009600584700, -0.9902680687415712500 ) ) ;
#4659 = DIRECTION ( 'NONE',  ( 0.0000000000000000000, -0.9902680687415712500, 0.1391731009600584700 ) ) ;
#4660 = CARTESIAN_POINT ( 'NONE',  ( -0.06249999999999995100, 0.2150000122282626500, 0.6028064171245418600 ) ) ;
#4661 = AXIS2_PLACEMENT_3D ( 'NONE', #4660, #4659, #4658 ) ;
#4662 = PLANE ( 'NONE',  #4661 ) ;
#4663 =( GEOMETRIC_REPRESENTATION_CONTEXT ( 3 ) GLOBAL_UNCERTAINTY_ASSIGNED_CONTEXT ( ( #4664 ) ) GLOBAL_UNIT_ASSIGNED_CONTEXT ( ( #4667, #4666, #4665 ) ) REPRESENTATION_CONTEXT ( 'NONE', 'WORKASPACE' ) );
#4664 = UNCERTAINTY_MEASURE_WITH_UNIT (LENGTH_MEASURE( 1.000000000000000100E-005 ), #4667, 'distance_accuracy_value', 'NONE');
#4665 =( NAMED_UNIT ( * ) SI_UNIT ( $, .STERADIAN. ) SOLID_ANGLE_UNIT ( ) );
#4666 =( NAMED_UNIT ( * ) PLANE_ANGLE_UNIT ( ) SI_UNIT ( $, .RADIAN. ) );
#4667 =( CONVERSION_BASED_UNIT ( 'INCH', #4668 ) LENGTH_UNIT ( ) NAMED_UNIT ( #4669 ) );
#4668 = LENGTH_MEASURE_WITH_UNIT ( LENGTH_MEASURE( 0.02539999999999999900 ), #4670 );
#4669 = DIMENSIONAL_EXPONENTS ( 1.000000000000000000, 0.0000000000000000000, 0.0000000000000000000, 0.0000000000000000000, 0.0000000000000000000, 0.0000000000000000000, 0.0000000000000000000 ) ;
#4670 =( LENGTH_UNIT ( ) NAMED_UNIT ( * ) SI_UNIT ( $, .METRE. ) );
#4671 = MECHANICAL_DESIGN_GEOMETRIC_PRESENTATION_REPRESENTATION (  '', ( #4673 ), #4663 ) ;
#4672 = PRESENTATION_LAYER_ASSIGNMENT (  '', '', ( #4673 ) ) ;
#4673 = STYLED_ITEM ( 'NONE', ( #4674 ), #1349 ) ;
#4674 = PRESENTATION_STYLE_ASSIGNMENT (( #4675 ) ) ;
#4675 = SURFACE_STYLE_USAGE ( .BOTH. , #4676 ) ;
#4676 = SURFACE_SIDE_STYLE ('',( #4677 ) ) ;
#4677 = SURFACE_STYLE_FILL_AREA ( #4678 ) ;
#4678 = FILL_AREA_STYLE ('',( #4685 ) ) ;
#4679 = COLOUR_RGB ( '',0.9882352941176471000, 1.000000000000000000, 0.9882352941176471000 ) ;
#4680 = FACE_OUTER_BOUND ( 'NONE', #1350, .T. ) ;
#4681 = DIRECTION ( 'NONE',  ( 1.000000000000000000, 0.0000000000000000000, 0.0000000000000000000 ) ) ;
#4682 = VECTOR ( 'NONE', #4681, 39.37007874015748100 ) ;
#4683 = CARTESIAN_POINT ( 'NONE',  ( -0.06249999999999995100, 0.1864418784441869400, 0.3996047366695216200 ) ) ;
#4684 = LINE ( 'NONE', #4683, #4682 ) ;
#4685 = FILL_AREA_STYLE_COLOUR ( '', #4679 ) ;
#4686 = CARTESIAN_POINT ( 'NONE',  ( -0.006937693086198524000, 0.2157850625576482900, 0.4876630389244086500 ) ) ;
#4687 = DIRECTION ( 'NONE',  ( 1.000000000000000000, 0.0000000000000000000, 0.0000000000000000000 ) ) ;
#4688 = VECTOR ( 'NONE', #4687, 39.37007874015748100 ) ;
#4689 = CARTESIAN_POINT ( 'NONE',  ( -0.04756963332443797700, 0.2157850625576482900, 0.4876630389244086500 ) ) ;
#4690 = LINE ( 'NONE', #4689, #4688 ) ;
#4691 = CARTESIAN_POINT ( 'NONE',  ( -0.04756963332443797700, 0.2157850625576482900, 0.4876630389244086500 ) ) ;
#4692 = DIRECTION ( 'NONE',  ( -0.0000000000000000000, 0.9902680687415712500, -0.1391731009600584700 ) ) ;
#4693 = VECTOR ( 'NONE', #4692, 39.37007874015748100 ) ;
#4694 = CARTESIAN_POINT ( 'NONE',  ( -0.04756963332443797700, 0.2157850625576482900, 0.4876630389244086500 ) ) ;
#4695 = LINE ( 'NONE', #4694, #4693 ) ;
#4696 = DIRECTION ( 'NONE',  ( 0.0000000000000000000, -0.9781476007338040200, -0.2079116908177665300 ) ) ;
#4697 = VECTOR ( 'NONE', #4696, 39.37007874015748100 ) ;
#4698 = CARTESIAN_POINT ( 'NONE',  ( 0.0004999999999999502500, 0.1267305939549168100, -0.1973275641761745300 ) ) ;
#4699 = LINE ( 'NONE', #4698, #4697 ) ;
#4700 = DIRECTION ( 'NONE',  ( 2.279991945880679300E-016, 0.9781476007338040200, 0.2079116908177665300 ) ) ;
#4701 = VECTOR ( 'NONE', #4700, 39.37007874015748100 ) ;
#4702 = CARTESIAN_POINT ( 'NONE',  ( -0.0004999999999999660700, 0.1461001380893639000, -0.1932104404738405600 ) ) ;
#4703 = LINE ( 'NONE', #4702, #4701 ) ;
#4704 = DIRECTION ( 'NONE',  ( 0.0000000000000000000, -0.9902680687415712500, 0.1391731009600584700 ) ) ;
#4705 = DIRECTION ( 'NONE',  ( -0.0000000000000000000, 0.1391731009600584700, 0.9902680687415712500 ) ) ;
#4706 = CARTESIAN_POINT ( 'NONE',  ( -0.04756963332443797700, 0.2157850625576482900, 0.4876630389244086500 ) ) ;
#4707 = AXIS2_PLACEMENT_3D ( 'NONE', #4706, #4705, #4704 ) ;
#4708 = PLANE ( 'NONE',  #4707 ) ;
#4709 =( GEOMETRIC_REPRESENTATION_CONTEXT ( 3 ) GLOBAL_UNCERTAINTY_ASSIGNED_CONTEXT ( ( #4736 ) ) GLOBAL_UNIT_ASSIGNED_CONTEXT ( ( #4739, #4738, #4737 ) ) REPRESENTATION_CONTEXT ( 'NONE', 'WORKASPACE' ) );
#4710 = CARTESIAN_POINT ( 'NONE',  ( 0.06249999999999995100, 0.1723010895971650300, 0.3004085353959740600 ) ) ;
#4711 = LINE ( 'NONE', #4710, #4785 ) ;
#4712 = FILL_AREA_STYLE_COLOUR ( '', #4782 ) ;
#4713 = DIRECTION ( 'NONE',  ( 0.0000000000000000000, 0.1391731009600585300, 0.9902680687415712500 ) ) ;
#4714 = DIRECTION ( 'NONE',  ( 0.0000000000000000000, 0.9902680687415712500, -0.1391731009600585300 ) ) ;
#4715 = CARTESIAN_POINT ( 'NONE',  ( 0.06249999999999995100, 0.1723010895971650300, 0.3004085353959740600 ) ) ;
#4716 = AXIS2_PLACEMENT_3D ( 'NONE', #4715, #4714, #4713 ) ;
#4717 = PLANE ( 'NONE',  #4716 ) ;
#4718 =( GEOMETRIC_REPRESENTATION_CONTEXT ( 3 ) GLOBAL_UNCERTAINTY_ASSIGNED_CONTEXT ( ( #4719 ) ) GLOBAL_UNIT_ASSIGNED_CONTEXT ( ( #4722, #4721, #4720 ) ) REPRESENTATION_CONTEXT ( 'NONE', 'WORKASPACE' ) );
#4719 = UNCERTAINTY_MEASURE_WITH_UNIT (LENGTH_MEASURE( 1.000000000000000100E-005 ), #4722, 'distance_accuracy_value', 'NONE');
#4720 =( NAMED_UNIT ( * ) SI_UNIT ( $, .STERADIAN. ) SOLID_ANGLE_UNIT ( ) );
#4721 =( NAMED_UNIT ( * ) PLANE_ANGLE_UNIT ( ) SI_UNIT ( $, .RADIAN. ) );
#4722 =( CONVERSION_BASED_UNIT ( 'INCH', #4723 ) LENGTH_UNIT ( ) NAMED_UNIT ( #4724 ) );
#4723 = LENGTH_MEASURE_WITH_UNIT ( LENGTH_MEASURE( 0.02539999999999999900 ), #4725 );
#4724 = DIMENSIONAL_EXPONENTS ( 1.000000000000000000, 0.0000000000000000000, 0.0000000000000000000, 0.0000000000000000000, 0.0000000000000000000, 0.0000000000000000000, 0.0000000000000000000 ) ;
#4725 =( LENGTH_UNIT ( ) NAMED_UNIT ( * ) SI_UNIT ( $, .METRE. ) );
#4726 = MECHANICAL_DESIGN_GEOMETRIC_PRESENTATION_REPRESENTATION (  '', ( #4728 ), #4718 ) ;
#4727 = PRESENTATION_LAYER_ASSIGNMENT (  '', '', ( #4728 ) ) ;
#4728 = STYLED_ITEM ( 'NONE', ( #4729 ), #1358 ) ;
#4729 = PRESENTATION_STYLE_ASSIGNMENT (( #4730 ) ) ;
#4730 = SURFACE_STYLE_USAGE ( .BOTH. , #4731 ) ;
#4731 = SURFACE_SIDE_STYLE ('',( #4732 ) ) ;
#4732 = SURFACE_STYLE_FILL_AREA ( #4733 ) ;
#4733 = FILL_AREA_STYLE ('',( #4597 ) ) ;
#4734 = COLOUR_RGB ( '',0.9882352941176471000, 1.000000000000000000, 0.9882352941176471000 ) ;
#4735 = FACE_OUTER_BOUND ( 'NONE', #1359, .T. ) ;
#4736 = UNCERTAINTY_MEASURE_WITH_UNIT (LENGTH_MEASURE( 1.000000000000000100E-005 ), #4739, 'distance_accuracy_value', 'NONE');
#4737 =( NAMED_UNIT ( * ) SI_UNIT ( $, .STERADIAN. ) SOLID_ANGLE_UNIT ( ) );
#4738 =( NAMED_UNIT ( * ) PLANE_ANGLE_UNIT ( ) SI_UNIT ( $, .RADIAN. ) );
#4739 =( CONVERSION_BASED_UNIT ( 'INCH', #4740 ) LENGTH_UNIT ( ) NAMED_UNIT ( #4741 ) );
#4740 = LENGTH_MEASURE_WITH_UNIT ( LENGTH_MEASURE( 0.02539999999999999900 ), #4742 );
#4741 = DIMENSIONAL_EXPONENTS ( 1.000000000000000000, 0.0000000000000000000, 0.0000000000000000000, 0.0000000000000000000, 0.0000000000000000000, 0.0000000000000000000, 0.0000000000000000000 ) ;
#4742 =( LENGTH_UNIT ( ) NAMED_UNIT ( * ) SI_UNIT ( $, .METRE. ) );
#4743 = MECHANICAL_DESIGN_GEOMETRIC_PRESENTATION_REPRESENTATION (  '', ( #4745 ), #4709 ) ;
#4744 = PRESENTATION_LAYER_ASSIGNMENT (  '', '', ( #4745 ) ) ;
#4745 = STYLED_ITEM ( 'NONE', ( #4746 ), #1328 ) ;
#4746 = PRESENTATION_STYLE_ASSIGNMENT (( #4747 ) ) ;
#4747 = SURFACE_STYLE_USAGE ( .BOTH. , #4748 ) ;
#4748 = SURFACE_SIDE_STYLE ('',( #4749 ) ) ;
#4749 = SURFACE_STYLE_FILL_AREA ( #4750 ) ;
#4750 = FILL_AREA_STYLE ('',( #4757 ) ) ;
#4751 = COLOUR_RGB ( '',0.9882352941176471000, 1.000000000000000000, 0.9882352941176471000 ) ;
#4752 = DIRECTION ( 'NONE',  ( 0.0000000000000000000, 0.0000000000000000000, -1.000000000000000000 ) ) ;
#4753 = DIRECTION ( 'NONE',  ( 1.000000000000000000, 0.0000000000000000000, -0.0000000000000000000 ) ) ;
#4754 = CARTESIAN_POINT ( 'NONE',  ( 0.0000000000000000000, 0.1953892772503371700, 0.6083954574546502900 ) ) ;
#4755 = AXIS2_PLACEMENT_3D ( 'NONE', #4754, #4753, #4752 ) ;
#4756 = FACE_OUTER_BOUND ( 'NONE', #1334, .T. ) ;
#4757 = FILL_AREA_STYLE_COLOUR ( '', #4751 ) ;
#4758 = CYLINDRICAL_SURFACE ( 'NONE', #4755, 0.02039162323568206200 ) ;
#4759 =( GEOMETRIC_REPRESENTATION_CONTEXT ( 3 ) GLOBAL_UNCERTAINTY_ASSIGNED_CONTEXT ( ( #4786 ) ) GLOBAL_UNIT_ASSIGNED_CONTEXT ( ( #4789, #4788, #4787 ) ) REPRESENTATION_CONTEXT ( 'NONE', 'WORKASPACE' ) );
#4760 = DIRECTION ( 'NONE',  ( 0.0000000000000000000, 0.3339948838425151300, 0.9425748869808831000 ) ) ;
#4761 = DIRECTION ( 'NONE',  ( 0.0000000000000000000, 0.9425748869808833200, -0.3339948838425151900 ) ) ;
#4762 = CARTESIAN_POINT ( 'NONE',  ( -0.06249999999999995100, 0.1864418784441869400, 0.3996047366695216200 ) ) ;
#4763 = AXIS2_PLACEMENT_3D ( 'NONE', #4762, #4761, #4760 ) ;
#4764 =( NAMED_UNIT ( * ) PLANE_ANGLE_UNIT ( ) SI_UNIT ( $, .RADIAN. ) );
#4765 = PLANE ( 'NONE',  #4763 ) ;
#4766 =( GEOMETRIC_REPRESENTATION_CONTEXT ( 3 ) GLOBAL_UNCERTAINTY_ASSIGNED_CONTEXT ( ( #4767 ) ) GLOBAL_UNIT_ASSIGNED_CONTEXT ( ( #4770, #4769, #4768 ) ) REPRESENTATION_CONTEXT ( 'NONE', 'WORKASPACE' ) );
#4767 = UNCERTAINTY_MEASURE_WITH_UNIT (LENGTH_MEASURE( 1.000000000000000100E-005 ), #4770, 'distance_accuracy_value', 'NONE');
#4768 =( NAMED_UNIT ( * ) SI_UNIT ( $, .STERADIAN. ) SOLID_ANGLE_UNIT ( ) );
#4769 =( NAMED_UNIT ( * ) PLANE_ANGLE_UNIT ( ) SI_UNIT ( $, .RADIAN. ) );
#4770 =( CONVERSION_BASED_UNIT ( 'INCH', #4771 ) LENGTH_UNIT ( ) NAMED_UNIT ( #4772 ) );
#4771 = LENGTH_MEASURE_WITH_UNIT ( LENGTH_MEASURE( 0.02539999999999999900 ), #4773 );
#4772 = DIMENSIONAL_EXPONENTS ( 1.000000000000000000, 0.0000000000000000000, 0.0000000000000000000, 0.0000000000000000000, 0.0000000000000000000, 0.0000000000000000000, 0.0000000000000000000 ) ;
#4773 =( LENGTH_UNIT ( ) NAMED_UNIT ( * ) SI_UNIT ( $, .METRE. ) );
#4774 = MECHANICAL_DESIGN_GEOMETRIC_PRESENTATION_REPRESENTATION (  '', ( #4776 ), #4766 ) ;
#4775 = PRESENTATION_LAYER_ASSIGNMENT (  '', '', ( #4776 ) ) ;
#4776 = STYLED_ITEM ( 'NONE', ( #4777 ), #1365 ) ;
#4777 = PRESENTATION_STYLE_ASSIGNMENT (( #4778 ) ) ;
#4778 = SURFACE_STYLE_USAGE ( .BOTH. , #4779 ) ;
#4779 = SURFACE_SIDE_STYLE ('',( #4780 ) ) ;
#4780 = SURFACE_STYLE_FILL_AREA ( #4781 ) ;
#4781 = FILL_AREA_STYLE ('',( #4712 ) ) ;
#4782 = COLOUR_RGB ( '',0.9882352941176471000, 1.000000000000000000, 0.9882352941176471000 ) ;
#4783 = FACE_OUTER_BOUND ( 'NONE', #1366, .T. ) ;
#4784 = DIRECTION ( 'NONE',  ( 1.000000000000000000, 0.0000000000000000000, 0.0000000000000000000 ) ) ;
#4785 = VECTOR ( 'NONE', #4784, 39.37007874015748100 ) ;
#4786 = UNCERTAINTY_MEASURE_WITH_UNIT (LENGTH_MEASURE( 1.000000000000000100E-005 ), #4789, 'distance_accuracy_value', 'NONE');
#4787 =( NAMED_UNIT ( * ) SI_UNIT ( $, .STERADIAN. ) SOLID_ANGLE_UNIT ( ) );
#4788 =( NAMED_UNIT ( * ) PLANE_ANGLE_UNIT ( ) SI_UNIT ( $, .RADIAN. ) );
#4789 =( CONVERSION_BASED_UNIT ( 'INCH', #4790 ) LENGTH_UNIT ( ) NAMED_UNIT ( #4791 ) );
#4790 = LENGTH_MEASURE_WITH_UNIT ( LENGTH_MEASURE( 0.02539999999999999900 ), #4792 );
#4791 = DIMENSIONAL_EXPONENTS ( 1.000000000000000000, 0.0000000000000000000, 0.0000000000000000000, 0.0000000000000000000, 0.0000000000000000000, 0.0000000000000000000, 0.0000000000000000000 ) ;
#4792 =( LENGTH_UNIT ( ) NAMED_UNIT ( * ) SI_UNIT ( $, .METRE. ) );
#4793 = MECHANICAL_DESIGN_GEOMETRIC_PRESENTATION_REPRESENTATION (  '', ( #4795 ), #4759 ) ;
#4794 = PRESENTATION_LAYER_ASSIGNMENT (  '', '', ( #4795 ) ) ;
#4795 = STYLED_ITEM ( 'NONE', ( #4796 ), #1323 ) ;
#4796 = PRESENTATION_STYLE_ASSIGNMENT (( #4797 ) ) ;
#4797 = SURFACE_STYLE_USAGE ( .BOTH. , #4798 ) ;
#4798 = SURFACE_SIDE_STYLE ('',( #4799 ) ) ;
#4799 = SURFACE_STYLE_FILL_AREA ( #4800 ) ;
#4800 = FILL_AREA_STYLE ('',( #4807 ) ) ;
#4801 = COLOUR_RGB ( '',0.9882352941176471000, 1.000000000000000000, 0.9882352941176471000 ) ;
#4802 = DIRECTION ( 'NONE',  ( -0.7071067811865477900, -0.7071067811865472400, 0.0000000000000000000 ) ) ;
#4803 = DIRECTION ( 'NONE',  ( -0.7071067811865472400, 0.7071067811865477900, 0.0000000000000000000 ) ) ;
#4804 = CARTESIAN_POINT ( 'NONE',  ( 0.05249999999999968600, -0.09200000000000001200, -0.1725000000000000100 ) ) ;
#4805 = AXIS2_PLACEMENT_3D ( 'NONE', #4804, #4803, #4802 ) ;
#4806 = FACE_OUTER_BOUND ( 'NONE', #1469, .T. ) ;
#4807 = FILL_AREA_STYLE_COLOUR ( '', #4801 ) ;
#4808 = PLANE ( 'NONE',  #4805 ) ;
#4809 =( GEOMETRIC_REPRESENTATION_CONTEXT ( 3 ) GLOBAL_UNCERTAINTY_ASSIGNED_CONTEXT ( ( #4810 ) ) GLOBAL_UNIT_ASSIGNED_CONTEXT ( ( #4620, #4619, #4811 ) ) REPRESENTATION_CONTEXT ( 'NONE', 'WORKASPACE' ) );
#4810 = UNCERTAINTY_MEASURE_WITH_UNIT (LENGTH_MEASURE( 1.000000000000000100E-005 ), #4620, 'distance_accuracy_value', 'NONE');
#4811 =( NAMED_UNIT ( * ) SI_UNIT ( $, .STERADIAN. ) SOLID_ANGLE_UNIT ( ) );
#4812 =( CONVERSION_BASED_UNIT ( 'INCH', #4813 ) LENGTH_UNIT ( ) NAMED_UNIT ( #4814 ) );
#4813 = LENGTH_MEASURE_WITH_UNIT ( LENGTH_MEASURE( 0.02539999999999999900 ), #4815 );
#4814 = DIMENSIONAL_EXPONENTS ( 1.000000000000000000, 0.0000000000000000000, 0.0000000000000000000, 0.0000000000000000000, 0.0000000000000000000, 0.0000000000000000000, 0.0000000000000000000 ) ;
#4815 =( LENGTH_UNIT ( ) NAMED_UNIT ( * ) SI_UNIT ( $, .METRE. ) );
#4816 = MECHANICAL_DESIGN_GEOMETRIC_PRESENTATION_REPRESENTATION (  '', ( #4818 ), #5229 ) ;
#4817 = PRESENTATION_LAYER_ASSIGNMENT (  '', '', ( #4818 ) ) ;
#4818 = STYLED_ITEM ( 'NONE', ( #4819 ), #1459 ) ;
#4819 = PRESENTATION_STYLE_ASSIGNMENT (( #4820 ) ) ;
#4820 = SURFACE_STYLE_USAGE ( .BOTH. , #4821 ) ;
#4821 = SURFACE_SIDE_STYLE ('',( #4822 ) ) ;
#4822 = SURFACE_STYLE_FILL_AREA ( #4823 ) ;
#4823 = FILL_AREA_STYLE ('',( #4830 ) ) ;
#4824 = COLOUR_RGB ( '',0.9882352941176471000, 1.000000000000000000, 0.9882352941176471000 ) ;
#4825 = DIRECTION ( 'NONE',  ( 0.0000000000000000000, 0.2079116908177666100, -0.9781476007338041300 ) ) ;
#4826 = DIRECTION ( 'NONE',  ( -2.279991945880679300E-016, -0.9781476007338041300, -0.2079116908177665300 ) ) ;
#4827 = CARTESIAN_POINT ( 'NONE',  ( -0.0004999999999999683500, 0.1235248411914388600, -0.1346238510795116900 ) ) ;
#4828 = AXIS2_PLACEMENT_3D ( 'NONE', #4827, #4826, #4825 ) ;
#4829 = FACE_OUTER_BOUND ( 'NONE', #1460, .T. ) ;
#4830 = FILL_AREA_STYLE_COLOUR ( '', #4824 ) ;
#4831 = CYLINDRICAL_SURFACE ( 'NONE', #4828, 0.06200000000000000600 ) ;
#4832 =( GEOMETRIC_REPRESENTATION_CONTEXT ( 3 ) GLOBAL_UNCERTAINTY_ASSIGNED_CONTEXT ( ( #4833 ) ) GLOBAL_UNIT_ASSIGNED_CONTEXT ( ( #4836, #4835, #4834 ) ) REPRESENTATION_CONTEXT ( 'NONE', 'WORKASPACE' ) );
#4833 = UNCERTAINTY_MEASURE_WITH_UNIT (LENGTH_MEASURE( 1.000000000000000100E-005 ), #4836, 'distance_accuracy_value', 'NONE');
#4834 =( NAMED_UNIT ( * ) SI_UNIT ( $, .STERADIAN. ) SOLID_ANGLE_UNIT ( ) );
#4835 =( NAMED_UNIT ( * ) PLANE_ANGLE_UNIT ( ) SI_UNIT ( $, .RADIAN. ) );
#4836 =( CONVERSION_BASED_UNIT ( 'INCH', #4837 ) LENGTH_UNIT ( ) NAMED_UNIT ( #4838 ) );
#4837 = LENGTH_MEASURE_WITH_UNIT ( LENGTH_MEASURE( 0.02539999999999999900 ), #4839 );
#4838 = DIMENSIONAL_EXPONENTS ( 1.000000000000000000, 0.0000000000000000000, 0.0000000000000000000, 0.0000000000000000000, 0.0000000000000000000, 0.0000000000000000000, 0.0000000000000000000 ) ;
#4839 =( LENGTH_UNIT ( ) NAMED_UNIT ( * ) SI_UNIT ( $, .METRE. ) );
#4840 = MECHANICAL_DESIGN_GEOMETRIC_PRESENTATION_REPRESENTATION (  '', ( #4842 ), #4832 ) ;
#4841 = PRESENTATION_LAYER_ASSIGNMENT (  '', '', ( #4842 ) ) ;
#4842 = STYLED_ITEM ( 'NONE', ( #4843 ), #1453 ) ;
#4843 = PRESENTATION_STYLE_ASSIGNMENT (( #4844 ) ) ;
#4844 = SURFACE_STYLE_USAGE ( .BOTH. , #4845 ) ;
#4845 = SURFACE_SIDE_STYLE ('',( #4846 ) ) ;
#4846 = SURFACE_STYLE_FILL_AREA ( #4847 ) ;
#4847 = FILL_AREA_STYLE ('',( #4854 ) ) ;
#4848 = COLOUR_RGB ( '',0.9882352941176471000, 1.000000000000000000, 0.9882352941176471000 ) ;
#4849 = DIRECTION ( 'NONE',  ( -0.7071067811865523500, 0.7071067811865426900, 0.0000000000000000000 ) ) ;
#4850 = DIRECTION ( 'NONE',  ( 0.7071067811865426900, 0.7071067811865523500, 0.0000000000000000000 ) ) ;
#4851 = CARTESIAN_POINT ( 'NONE',  ( -0.06250000000000000000, -0.08199999999999997600, -0.1525000000000000000 ) ) ;
#4852 = AXIS2_PLACEMENT_3D ( 'NONE', #4851, #4850, #4849 ) ;
#4853 = FACE_OUTER_BOUND ( 'NONE', #1454, .T. ) ;
#4854 = FILL_AREA_STYLE_COLOUR ( '', #4848 ) ;
#4855 = PLANE ( 'NONE',  #4852 ) ;
#4856 =( GEOMETRIC_REPRESENTATION_CONTEXT ( 3 ) GLOBAL_UNCERTAINTY_ASSIGNED_CONTEXT ( ( #4857 ) ) GLOBAL_UNIT_ASSIGNED_CONTEXT ( ( #4860, #4859, #4858 ) ) REPRESENTATION_CONTEXT ( 'NONE', 'WORKASPACE' ) );
#4857 = UNCERTAINTY_MEASURE_WITH_UNIT (LENGTH_MEASURE( 1.000000000000000100E-005 ), #4860, 'distance_accuracy_value', 'NONE');
#4858 =( NAMED_UNIT ( * ) SI_UNIT ( $, .STERADIAN. ) SOLID_ANGLE_UNIT ( ) );
#4859 =( NAMED_UNIT ( * ) PLANE_ANGLE_UNIT ( ) SI_UNIT ( $, .RADIAN. ) );
#4860 =( CONVERSION_BASED_UNIT ( 'INCH', #4861 ) LENGTH_UNIT ( ) NAMED_UNIT ( #4979 ) );
#4861 = LENGTH_MEASURE_WITH_UNIT ( LENGTH_MEASURE( 0.02539999999999999900 ), #4980 );
#4862 = AXIS2_PLACEMENT_3D ( 'NONE', #5014, #5013, #5012 ) ;
#4863 = CIRCLE ( 'NONE', #4862, 0.02500000000000000500 ) ;
#4864 = DIRECTION ( 'NONE',  ( 0.5000000000000077700, -0.0000000000000000000, 0.8660254037844340400 ) ) ;
#4865 = VECTOR ( 'NONE', #4864, 39.37007874015748100 ) ;
#4866 = CARTESIAN_POINT ( 'NONE',  ( 0.0000000000000000000, 0.1950000000000000100, 0.0000000000000000000 ) ) ;
#4867 = LINE ( 'NONE', #4866, #4865 ) ;
#4868 = CARTESIAN_POINT ( 'NONE',  ( -0.07800000000000000000, 0.1950000000000000100, 0.5273402111496344700 ) ) ;
#4869 = DIRECTION ( 'NONE',  ( -1.000000000000000000, 0.0000000000000000000, 0.0000000000000000000 ) ) ;
#4870 = VECTOR ( 'NONE', #4869, 39.37007874015748100 ) ;
#4871 = CARTESIAN_POINT ( 'NONE',  ( 0.07800000000000000000, 0.1950000000000000100, 0.5273402111496344700 ) ) ;
#4872 = LINE ( 'NONE', #4871, #4870 ) ;
#4873 = CARTESIAN_POINT ( 'NONE',  ( 0.07800000000000000000, 0.1950000000000000100, 0.5273402111496344700 ) ) ;
#4874 = CARTESIAN_POINT ( 'NONE',  ( 0.07800000000000000000, 0.1950000000000000100, 0.4862841247665813400 ) ) ;
#4875 = DIRECTION ( 'NONE',  ( -0.0000000000000000000, -0.0000000000000000000, 1.000000000000000000 ) ) ;
#4876 = VECTOR ( 'NONE', #4875, 39.37007874015748100 ) ;
#4877 = CARTESIAN_POINT ( 'NONE',  ( 0.07800000000000000000, 0.1950000000000000100, 0.5273402111496344700 ) ) ;
#4878 = DIRECTION ( 'NONE',  ( 0.0000000000000000000, -0.0000000000000000000, 1.000000000000000000 ) ) ;
#4879 = DIRECTION ( 'NONE',  ( 0.0000000000000000000, 1.000000000000000000, 0.0000000000000000000 ) ) ;
#4880 = CARTESIAN_POINT ( 'NONE',  ( 0.1000000000000001600, 0.1950000000000000100, 0.6474999999999999600 ) ) ;
#4881 = LINE ( 'NONE', #4877, #4876 ) ;
#4882 = AXIS2_PLACEMENT_3D ( 'NONE', #4880, #4879, #4878 ) ;
#4883 = PLANE ( 'NONE',  #4882 ) ;
#4884 = FACE_BOUND ( 'NONE', #861, .T. ) ;
#4885 = FACE_OUTER_BOUND ( 'NONE', #1416, .T. ) ;
#4886 = DIRECTION ( 'NONE',  ( 1.000000000000000000, 0.0000000000000000000, 0.0000000000000000000 ) ) ;
#4887 = VECTOR ( 'NONE', #4886, 39.37007874015748100 ) ;
#4888 = CARTESIAN_POINT ( 'NONE',  ( -0.09999999999999967200, 0.1950000000000000100, 0.6724999999999999900 ) ) ;
#4889 = LINE ( 'NONE', #4888, #4887 ) ;
#4890 = DIRECTION ( 'NONE',  ( 0.0000000000000000000, 0.0000000000000000000, 1.000000000000000000 ) ) ;
#4891 = DIRECTION ( 'NONE',  ( 0.0000000000000000000, 1.000000000000000000, 0.0000000000000000000 ) ) ;
#4892 = DIMENSIONAL_EXPONENTS ( 1.000000000000000000, 0.0000000000000000000, 0.0000000000000000000, 0.0000000000000000000, 0.0000000000000000000, 0.0000000000000000000, 0.0000000000000000000 ) ;
#4893 =( LENGTH_UNIT ( ) NAMED_UNIT ( * ) SI_UNIT ( $, .METRE. ) );
#4894 = MECHANICAL_DESIGN_GEOMETRIC_PRESENTATION_REPRESENTATION (  '', ( #4896 ), #4941 ) ;
#4895 = PRESENTATION_LAYER_ASSIGNMENT (  '', '', ( #4896 ) ) ;
#4896 = STYLED_ITEM ( 'NONE', ( #4897 ), #1385 ) ;
#4897 = PRESENTATION_STYLE_ASSIGNMENT (( #4898 ) ) ;
#4898 = SURFACE_STYLE_USAGE ( .BOTH. , #4899 ) ;
#4899 = SURFACE_SIDE_STYLE ('',( #4900 ) ) ;
#4900 = SURFACE_STYLE_FILL_AREA ( #4901 ) ;
#4901 = FILL_AREA_STYLE ('',( #4908 ) ) ;
#4902 = COLOUR_RGB ( '',0.9882352941176471000, 1.000000000000000000, 0.9882352941176471000 ) ;
#4903 = FACE_OUTER_BOUND ( 'NONE', #1386, .T. ) ;
#4904 = DIRECTION ( 'NONE',  ( 1.000000000000000000, 0.0000000000000000000, 0.0000000000000000000 ) ) ;
#4905 = VECTOR ( 'NONE', #4904, 39.37007874015748100 ) ;
#4906 = CARTESIAN_POINT ( 'NONE',  ( -0.06249999999999995100, 0.1000156726110602300, -0.07164374084952265800 ) ) ;
#4907 = LINE ( 'NONE', #4906, #4905 ) ;
#4908 = FILL_AREA_STYLE_COLOUR ( '', #4902 ) ;
#4909 = DIRECTION ( 'NONE',  ( 0.0000000000000000000, -0.2079116908177666100, 0.9781476007338041300 ) ) ;
#4910 = DIRECTION ( 'NONE',  ( 0.0000000000000000000, -0.9781476007338042500, -0.2079116908177665600 ) ) ;
#4911 = CARTESIAN_POINT ( 'NONE',  ( 0.0004999999999999502500, 0.1138400691242153100, -0.1366824129306786800 ) ) ;
#4912 = AXIS2_PLACEMENT_3D ( 'NONE', #4911, #4910, #4909 ) ;
#4913 = CIRCLE ( 'NONE', #4912, 0.06200000000000000600 ) ;
#4914 = DIRECTION ( 'NONE',  ( -1.000000000000000000, 0.0000000000000000000, 0.0000000000000000000 ) ) ;
#4915 = VECTOR ( 'NONE', #4914, 39.37007874015748100 ) ;
#4916 = CARTESIAN_POINT ( 'NONE',  ( -0.06249999999999995100, 0.1267305939549168400, -0.1973275641761745300 ) ) ;
#4917 = LINE ( 'NONE', #4916, #4915 ) ;
#4918 = DIRECTION ( 'NONE',  ( 0.0000000000000000000, -0.1391731009600585300, -0.9902680687415712500 ) ) ;
#4919 = DIRECTION ( 'NONE',  ( 0.0000000000000000000, -0.9902680687415712500, 0.1391731009600585300 ) ) ;
#4920 = CARTESIAN_POINT ( 'NONE',  ( -0.06249999999999995100, 0.1529693192429640900, 0.3051410330849777000 ) ) ;
#4921 = AXIS2_PLACEMENT_3D ( 'NONE', #4920, #4919, #4918 ) ;
#4922 = PLANE ( 'NONE',  #4921 ) ;
#4923 =( GEOMETRIC_REPRESENTATION_CONTEXT ( 3 ) GLOBAL_UNCERTAINTY_ASSIGNED_CONTEXT ( ( #5015 ) ) GLOBAL_UNIT_ASSIGNED_CONTEXT ( ( #5018, #5017, #5016 ) ) REPRESENTATION_CONTEXT ( 'NONE', 'WORKASPACE' ) );
#4924 = CARTESIAN_POINT ( 'NONE',  ( -0.02500000000000004600, -0.1819999999999997200, 0.6480000000000000200 ) ) ;
#4925 = DIRECTION ( 'NONE',  ( 0.0000000000000000000, 0.2079116908177666700, -0.9781476007338041300 ) ) ;
#4926 = DIRECTION ( 'NONE',  ( 0.0000000000000000000, 0.9781476007338042500, 0.2079116908177665600 ) ) ;
#4927 = CARTESIAN_POINT ( 'NONE',  ( -0.0004999999999999660700, 0.1332096132586623500, -0.1325652892283447100 ) ) ;
#4928 = AXIS2_PLACEMENT_3D ( 'NONE', #4927, #4926, #4925 ) ;
#4929 = CIRCLE ( 'NONE', #4928, 0.06199999999999999300 ) ;
#4930 = CARTESIAN_POINT ( 'NONE',  ( 0.0004999999999999502500, 0.1461001380893638700, -0.1932104404738405600 ) ) ;
#4931 = CARTESIAN_POINT ( 'NONE',  ( -0.0004999999999999673800, 0.1461001380893638700, -0.1932104404738405600 ) ) ;
#4932 = DIRECTION ( 'NONE',  ( 1.000000000000000000, 0.0000000000000000000, 0.0000000000000000000 ) ) ;
#4933 = VECTOR ( 'NONE', #4932, 39.37007874015748100 ) ;
#4934 = CARTESIAN_POINT ( 'NONE',  ( 0.06249999999999995100, 0.1461001380893638700, -0.1932104404738405600 ) ) ;
#4935 = LINE ( 'NONE', #4934, #4933 ) ;
#4936 = DIRECTION ( 'NONE',  ( 0.0000000000000000000, 0.2079116908177665300, -0.9781476007338040200 ) ) ;
#4937 = DIRECTION ( 'NONE',  ( 0.0000000000000000000, -0.9781476007338041300, -0.2079116908177665600 ) ) ;
#4938 = CARTESIAN_POINT ( 'NONE',  ( 0.06249999999999995100, 0.1201111767371430700, -0.07094199038211515500 ) ) ;
#4939 = AXIS2_PLACEMENT_3D ( 'NONE', #4938, #4937, #4936 ) ;
#4940 = PLANE ( 'NONE',  #4939 ) ;
#4941 =( GEOMETRIC_REPRESENTATION_CONTEXT ( 3 ) GLOBAL_UNCERTAINTY_ASSIGNED_CONTEXT ( ( #4942 ) ) GLOBAL_UNIT_ASSIGNED_CONTEXT ( ( #4945, #4944, #4943 ) ) REPRESENTATION_CONTEXT ( 'NONE', 'WORKASPACE' ) );
#4942 = UNCERTAINTY_MEASURE_WITH_UNIT (LENGTH_MEASURE( 1.000000000000000100E-005 ), #4945, 'distance_accuracy_value', 'NONE');
#4943 =( NAMED_UNIT ( * ) SI_UNIT ( $, .STERADIAN. ) SOLID_ANGLE_UNIT ( ) );
#4944 =( NAMED_UNIT ( * ) PLANE_ANGLE_UNIT ( ) SI_UNIT ( $, .RADIAN. ) );
#4945 =( CONVERSION_BASED_UNIT ( 'INCH', #4946 ) LENGTH_UNIT ( ) NAMED_UNIT ( #4892 ) );
#4946 = LENGTH_MEASURE_WITH_UNIT ( LENGTH_MEASURE( 0.02539999999999999900 ), #4893 );
#4947 = CONICAL_SURFACE ( 'NONE', #4949, 0.4124999999999992000, 0.7853981633974535000 ) ;
#4948 = CARTESIAN_POINT ( 'NONE',  ( 0.0000000000000000000, 0.05499999999999999300, 0.0000000000000000000 ) ) ;
#4949 = AXIS2_PLACEMENT_3D ( 'NONE', #4948, #4891, #4890 ) ;
#4950 = FACE_OUTER_BOUND ( 'NONE', #1410, .T. ) ;
#4951 = DIRECTION ( 'NONE',  ( 0.0000000000000000000, -1.000000000000000000, 0.0000000000000000000 ) ) ;
#4952 = VECTOR ( 'NONE', #4951, 39.37007874015748100 ) ;
#4953 = CARTESIAN_POINT ( 'NONE',  ( 0.2462499999999971900, 0.05499999999999999300, -0.4265175113638376400 ) ) ;
#4954 = LINE ( 'NONE', #4953, #4952 ) ;
#4955 = DIRECTION ( 'NONE',  ( -0.0000000000000000000, 1.000000000000000000, -0.0000000000000000000 ) ) ;
#4956 = VECTOR ( 'NONE', #4955, 39.37007874015748100 ) ;
#4957 = CARTESIAN_POINT ( 'NONE',  ( 0.07800000000000000000, 0.05499999999999999300, 0.4862841247665813400 ) ) ;
#4958 = LINE ( 'NONE', #4957, #4956 ) ;
#4959 = CARTESIAN_POINT ( 'NONE',  ( 0.2462499999999971900, 0.1400000000000000100, -0.4265175113638376400 ) ) ;
#4960 = DIRECTION ( 'NONE',  ( 0.0000000000000000000, 0.0000000000000000000, 1.000000000000000000 ) ) ;
#4961 = DIRECTION ( 'NONE',  ( -0.0000000000000000000, -1.000000000000000000, -0.0000000000000000000 ) ) ;
#4962 = AXIS2_PLACEMENT_3D ( 'NONE', #4969, #4961, #4960 ) ;
#4963 = CIRCLE ( 'NONE', #4962, 0.4924999999999999900 ) ;
#4964 = DIRECTION ( 'NONE',  ( 0.5000000000000076600, 0.0000000000000000000, 0.8660254037844342700 ) ) ;
#4965 = DIRECTION ( 'NONE',  ( -0.8660254037844342700, 0.0000000000000000000, 0.5000000000000076600 ) ) ;
#4966 = CARTESIAN_POINT ( 'NONE',  ( 0.0000000000000000000, 0.1400000000000000100, 0.0000000000000000000 ) ) ;
#4967 = AXIS2_PLACEMENT_3D ( 'NONE', #4966, #4965, #4964 ) ;
#4968 = PLANE ( 'NONE',  #4967 ) ;
#4969 = CARTESIAN_POINT ( 'NONE',  ( 0.0000000000000000000, 0.1400000000000000100, 0.0000000000000000000 ) ) ;
#4970 = FACE_OUTER_BOUND ( 'NONE', #1190, .T. ) ;
#4971 = DIRECTION ( 'NONE',  ( 4.742791655667130400E-017, -1.000000000000000000, -0.0000000000000000000 ) ) ;
#4972 = VECTOR ( 'NONE', #4971, 39.37007874015748100 ) ;
#4973 = CARTESIAN_POINT ( 'NONE',  ( -0.02500000000000004600, -0.1819999999999997200, 0.6480000000000000200 ) ) ;
#4974 = LINE ( 'NONE', #4973, #4972 ) ;
#4975 = DIRECTION ( 'NONE',  ( 0.0000000000000000000, 0.0000000000000000000, -1.000000000000000000 ) ) ;
#4976 = VECTOR ( 'NONE', #4975, 39.37007874015748100 ) ;
#4977 = CARTESIAN_POINT ( 'NONE',  ( -0.05250000000000012300, -0.09199999999999988700, 0.6480000000000000200 ) ) ;
#4978 = LINE ( 'NONE', #4977, #4976 ) ;
#4979 = DIMENSIONAL_EXPONENTS ( 1.000000000000000000, 0.0000000000000000000, 0.0000000000000000000, 0.0000000000000000000, 0.0000000000000000000, 0.0000000000000000000, 0.0000000000000000000 ) ;
#4980 =( LENGTH_UNIT ( ) NAMED_UNIT ( * ) SI_UNIT ( $, .METRE. ) );
#4981 = MECHANICAL_DESIGN_GEOMETRIC_PRESENTATION_REPRESENTATION (  '', ( #4983 ), #4856 ) ;
#4982 = PRESENTATION_LAYER_ASSIGNMENT (  '', '', ( #4983 ) ) ;
#4983 = STYLED_ITEM ( 'NONE', ( #4984 ), #1445 ) ;
#4984 = PRESENTATION_STYLE_ASSIGNMENT (( #4985 ) ) ;
#4985 = SURFACE_STYLE_USAGE ( .BOTH. , #4986 ) ;
#4986 = SURFACE_SIDE_STYLE ('',( #4987 ) ) ;
#4987 = SURFACE_STYLE_FILL_AREA ( #4988 ) ;
#4988 = FILL_AREA_STYLE ('',( #4995 ) ) ;
#4989 = COLOUR_RGB ( '',0.9882352941176471000, 1.000000000000000000, 0.9882352941176471000 ) ;
#4990 = FACE_OUTER_BOUND ( 'NONE', #1446, .T. ) ;
#4991 = DIRECTION ( 'NONE',  ( -0.0000000000000000000, 0.9902680687415712500, -0.1391731009600584700 ) ) ;
#4992 = VECTOR ( 'NONE', #4991, 39.37007874015748100 ) ;
#4993 = CARTESIAN_POINT ( 'NONE',  ( 0.04606048983324425400, 0.2175061108988160000, 0.4999089341819135100 ) ) ;
#4994 = LINE ( 'NONE', #4993, #4992 ) ;
#4995 = FILL_AREA_STYLE_COLOUR ( '', #4989 ) ;
#4996 = CARTESIAN_POINT ( 'NONE',  ( 0.1434383202099739100, 0.1950000000000000100, 0.5273402111496344700 ) ) ;
#4997 = DIRECTION ( 'NONE',  ( 0.0000000000000000000, 0.0000000000000000000, 1.000000000000000000 ) ) ;
#4998 = DIRECTION ( 'NONE',  ( 0.0000000000000000000, 1.000000000000000000, 0.0000000000000000000 ) ) ;
#4999 = CARTESIAN_POINT ( 'NONE',  ( 0.0000000000000000000, 0.1950000000000000100, 0.0000000000000000000 ) ) ;
#5000 = AXIS2_PLACEMENT_3D ( 'NONE', #4999, #4998, #4997 ) ;
#5001 = CIRCLE ( 'NONE', #5000, 0.5464999999999999900 ) ;
#5002 = CARTESIAN_POINT ( 'NONE',  ( 0.2732499999999968800, 0.1950000000000000100, -0.4732828831681975500 ) ) ;
#5003 = DIRECTION ( 'NONE',  ( 0.0000000000000000000, 1.000000000000000000, 0.0000000000000000000 ) ) ;
#5004 = VECTOR ( 'NONE', #5003, 39.37007874015748100 ) ;
#5005 = CARTESIAN_POINT ( 'NONE',  ( 0.2732499999999968800, 0.1950000000000000100, -0.4732828831681975500 ) ) ;
#5006 = LINE ( 'NONE', #5005, #5004 ) ;
#5007 = DIRECTION ( 'NONE',  ( -6.829619984160657100E-016, 0.0000000000000000000, 1.000000000000000000 ) ) ;
#5008 = DIRECTION ( 'NONE',  ( -0.0000000000000000000, -1.000000000000000000, -0.0000000000000000000 ) ) ;
#5009 = CARTESIAN_POINT ( 'NONE',  ( 0.1500000000000001600, 0.1950000000000000100, 0.5514637340750523400 ) ) ;
#5010 = AXIS2_PLACEMENT_3D ( 'NONE', #5009, #5008, #5007 ) ;
#5011 = CIRCLE ( 'NONE', #5010, 0.02500000000000000500 ) ;
#5012 = DIRECTION ( 'NONE',  ( 0.0000000000000000000, 0.0000000000000000000, 1.000000000000000000 ) ) ;
#5013 = DIRECTION ( 'NONE',  ( -0.0000000000000000000, -1.000000000000000000, -0.0000000000000000000 ) ) ;
#5014 = CARTESIAN_POINT ( 'NONE',  ( -0.1499999999999998600, 0.1950000000000000100, 0.5514637340750523400 ) ) ;
#5015 = UNCERTAINTY_MEASURE_WITH_UNIT (LENGTH_MEASURE( 1.000000000000000100E-005 ), #5018, 'distance_accuracy_value', 'NONE');
#5016 =( NAMED_UNIT ( * ) SI_UNIT ( $, .STERADIAN. ) SOLID_ANGLE_UNIT ( ) );
#5017 =( NAMED_UNIT ( * ) PLANE_ANGLE_UNIT ( ) SI_UNIT ( $, .RADIAN. ) );
#5018 =( CONVERSION_BASED_UNIT ( 'INCH', #5019 ) LENGTH_UNIT ( ) NAMED_UNIT ( #5020 ) );
#5019 = LENGTH_MEASURE_WITH_UNIT ( LENGTH_MEASURE( 0.02539999999999999900 ), #5021 );
#5020 = DIMENSIONAL_EXPONENTS ( 1.000000000000000000, 0.0000000000000000000, 0.0000000000000000000, 0.0000000000000000000, 0.0000000000000000000, 0.0000000000000000000, 0.0000000000000000000 ) ;
#5021 =( LENGTH_UNIT ( ) NAMED_UNIT ( * ) SI_UNIT ( $, .METRE. ) );
#5022 = MECHANICAL_DESIGN_GEOMETRIC_PRESENTATION_REPRESENTATION (  '', ( #5024 ), #4923 ) ;
#5023 = PRESENTATION_LAYER_ASSIGNMENT (  '', '', ( #5024 ) ) ;
#5024 = STYLED_ITEM ( 'NONE', ( #5025 ), #1374 ) ;
#5025 = PRESENTATION_STYLE_ASSIGNMENT (( #5026 ) ) ;
#5026 = SURFACE_STYLE_USAGE ( .BOTH. , #5027 ) ;
#5027 = SURFACE_SIDE_STYLE ('',( #5028 ) ) ;
#5028 = SURFACE_STYLE_FILL_AREA ( #5029 ) ;
#5029 = FILL_AREA_STYLE ('',( #5037 ) ) ;
#5030 = COLOUR_RGB ( '',0.9882352941176471000, 1.000000000000000000, 0.9882352941176471000 ) ;
#5031 = FACE_OUTER_BOUND ( 'NONE', #1375, .T. ) ;
#5032 = DIRECTION ( 'NONE',  ( 8.885562794412652700E-016, 0.2079116908177666700, -0.9781476007338041300 ) ) ;
#5033 = DIRECTION ( 'NONE',  ( 0.0000000000000000000, 0.9781476007338042500, 0.2079116908177665600 ) ) ;
#5034 = CARTESIAN_POINT ( 'NONE',  ( 0.0004999999999999502500, 0.1332096132586623500, -0.1325652892283447100 ) ) ;
#5035 = AXIS2_PLACEMENT_3D ( 'NONE', #5034, #5033, #5032 ) ;
#5036 = CIRCLE ( 'NONE', #5035, 0.06199999999999999300 ) ;
#5037 = FILL_AREA_STYLE_COLOUR ( '', #5030 ) ;
#5038 = DIRECTION ( 'NONE',  ( -1.000000000000000000, 0.0000000000000000000, 0.0000000000000000000 ) ) ;
#5039 = VECTOR ( 'NONE', #5038, 39.37007874015748100 ) ;
#5040 = CARTESIAN_POINT ( 'NONE',  ( 0.06249999999999995100, 0.1201111767371430700, -0.07094199038211515500 ) ) ;
#5041 = LINE ( 'NONE', #5040, #5039 ) ;
#5042 = SURFACE_STYLE_FILL_AREA ( #5043 ) ;
#5043 = FILL_AREA_STYLE ('',( #5050 ) ) ;
#5044 = COLOUR_RGB ( '',0.9882352941176471000, 1.000000000000000000, 0.9882352941176471000 ) ;
#5045 = FACE_OUTER_BOUND ( 'NONE', #1508, .T. ) ;
#5046 = DIRECTION ( 'NONE',  ( -0.0000000000000000000, 1.000000000000000000, -0.0000000000000000000 ) ) ;
#5047 = VECTOR ( 'NONE', #5046, 39.37007874015748100 ) ;
#5048 = CARTESIAN_POINT ( 'NONE',  ( 0.1845056529904728300, 0.07199999999999999500, -0.05062702614890338800 ) ) ;
#5049 = LINE ( 'NONE', #5048, #5047 ) ;
#5050 = FILL_AREA_STYLE_COLOUR ( '', #5044 ) ;
#5051 = CARTESIAN_POINT ( 'NONE',  ( 0.1845056529904728300, 0.07199999999999999500, -0.05062702614890338800 ) ) ;
#5052 = DIRECTION ( 'NONE',  ( -1.000000000000000000, 0.0000000000000000000, 0.0000000000000000000 ) ) ;
#5053 = VECTOR ( 'NONE', #5052, 39.37007874015748100 ) ;
#5054 = CARTESIAN_POINT ( 'NONE',  ( 0.2645056529904728500, 0.07199999999999999500, -0.05062702614890338800 ) ) ;
#5055 = LINE ( 'NONE', #5054, #5053 ) ;
#5056 = CARTESIAN_POINT ( 'NONE',  ( 0.2645056529904728500, 0.07199999999999999500, 0.01501399949212226300 ) ) ;
#5057 = DIRECTION ( 'NONE',  ( 0.0000000000000000000, 0.0000000000000000000, 1.000000000000000000 ) ) ;
#5058 = VECTOR ( 'NONE', #5057, 39.37007874015748100 ) ;
#5059 = CARTESIAN_POINT ( 'NONE',  ( 0.2645056529904728500, 0.07199999999999999500, -0.03011420563608286500 ) ) ;
#5060 = LINE ( 'NONE', #5059, #5058 ) ;
#5061 = DIRECTION ( 'NONE',  ( -0.0000000000000000000, 1.000000000000000000, -0.0000000000000000000 ) ) ;
#5062 = VECTOR ( 'NONE', #5061, 39.37007874015748100 ) ;
#5063 = CARTESIAN_POINT ( 'NONE',  ( 0.2645056529904728500, 0.07199999999999999500, -0.03011420563608286500 ) ) ;
#5064 = LINE ( 'NONE', #5063, #5062 ) ;
#5065 = DIRECTION ( 'NONE',  ( -0.0000000000000000000, 1.000000000000000000, -0.0000000000000000000 ) ) ;
#5066 = VECTOR ( 'NONE', #5065, 39.37007874015748100 ) ;
#5067 = CARTESIAN_POINT ( 'NONE',  ( 0.2645056529904728500, 0.07199999999999999500, 0.01501399949212226300 ) ) ;
#5068 = LINE ( 'NONE', #5067, #5066 ) ;
#5069 = CARTESIAN_POINT ( 'NONE',  ( 0.2563005247853446500, 0.07199999999999999500, 0.01501399949212226300 ) ) ;
#5070 = DIRECTION ( 'NONE',  ( -1.000000000000000000, 0.0000000000000000000, 0.0000000000000000000 ) ) ;
#5071 = VECTOR ( 'NONE', #5070, 39.37007874015748100 ) ;
#5072 = CARTESIAN_POINT ( 'NONE',  ( 0.2645056529904728500, 0.07199999999999999500, 0.01501399949212226300 ) ) ;
#5073 = LINE ( 'NONE', #5072, #5071 ) ;
#5074 = DIRECTION ( 'NONE',  ( 0.0000000000000000000, 0.0000000000000000000, 1.000000000000000000 ) ) ;
#5075 = DIRECTION ( 'NONE',  ( -1.000000000000000000, 0.0000000000000000000, 0.0000000000000000000 ) ) ;
#5076 = CARTESIAN_POINT ( 'NONE',  ( 0.04606048983324425400, 0.2157850625576482900, 0.4876630389244086500 ) ) ;
#5077 = DIRECTION ( 'NONE',  ( -0.0000000000000000000, 0.9902680687415712500, -0.1391731009600584700 ) ) ;
#5078 = VECTOR ( 'NONE', #5077, 39.37007874015748100 ) ;
#5079 = CARTESIAN_POINT ( 'NONE',  ( -0.006937693086198524000, 0.2157850625576482900, 0.4876630389244086500 ) ) ;
#5080 = LINE ( 'NONE', #5079, #5078 ) ;
#5081 = FILL_AREA_STYLE_COLOUR ( '', #5127 ) ;
#5082 = DIRECTION ( 'NONE',  ( 0.0000000000000000000, 0.9902680687415712500, -0.1391731009600584700 ) ) ;
#5083 = DIRECTION ( 'NONE',  ( 0.0000000000000000000, -0.1391731009600584700, -0.9902680687415712500 ) ) ;
#5084 = CARTESIAN_POINT ( 'NONE',  ( 0.005428549595004794100, 0.2231609840197955300, 0.5401454471708578800 ) ) ;
#5085 = AXIS2_PLACEMENT_3D ( 'NONE', #5084, #5083, #5082 ) ;
#5086 = PLANE ( 'NONE',  #5085 ) ;
#5087 =( GEOMETRIC_REPRESENTATION_CONTEXT ( 3 ) GLOBAL_UNCERTAINTY_ASSIGNED_CONTEXT ( ( #5088 ) ) GLOBAL_UNIT_ASSIGNED_CONTEXT ( ( #5091, #5090, #5089 ) ) REPRESENTATION_CONTEXT ( 'NONE', 'WORKASPACE' ) );
#5088 = UNCERTAINTY_MEASURE_WITH_UNIT (LENGTH_MEASURE( 1.000000000000000100E-005 ), #5091, 'distance_accuracy_value', 'NONE');
#5089 =( NAMED_UNIT ( * ) SI_UNIT ( $, .STERADIAN. ) SOLID_ANGLE_UNIT ( ) );
#5090 =( NAMED_UNIT ( * ) PLANE_ANGLE_UNIT ( ) SI_UNIT ( $, .RADIAN. ) );
#5091 =( CONVERSION_BASED_UNIT ( 'INCH', #5092 ) LENGTH_UNIT ( ) NAMED_UNIT ( #5093 ) );
#5092 = LENGTH_MEASURE_WITH_UNIT ( LENGTH_MEASURE( 0.02539999999999999900 ), #5094 );
#5093 = DIMENSIONAL_EXPONENTS ( 1.000000000000000000, 0.0000000000000000000, 0.0000000000000000000, 0.0000000000000000000, 0.0000000000000000000, 0.0000000000000000000, 0.0000000000000000000 ) ;
#5094 =( LENGTH_UNIT ( ) NAMED_UNIT ( * ) SI_UNIT ( $, .METRE. ) );
#5095 = MECHANICAL_DESIGN_GEOMETRIC_PRESENTATION_REPRESENTATION (  '', ( #5097 ), #5087 ) ;
#5096 = PRESENTATION_LAYER_ASSIGNMENT (  '', '', ( #5097 ) ) ;
#5097 = STYLED_ITEM ( 'NONE', ( #5098 ), #1513 ) ;
#5098 = PRESENTATION_STYLE_ASSIGNMENT (( #5099 ) ) ;
#5099 = SURFACE_STYLE_USAGE ( .BOTH. , #5100 ) ;
#5100 = SURFACE_SIDE_STYLE ('',( #5101 ) ) ;
#5101 = SURFACE_STYLE_FILL_AREA ( #5102 ) ;
#5102 = FILL_AREA_STYLE ('',( #5159 ) ) ;
#5103 = SURFACE_STYLE_USAGE ( .BOTH. , #5368 ) ;
#5104 = DIRECTION ( 'NONE',  ( -1.000000000000000000, 0.0000000000000000000, 0.0000000000000000000 ) ) ;
#5105 = DIRECTION ( 'NONE',  ( -0.0000000000000000000, 0.0000000000000000000, -1.000000000000000000 ) ) ;
#5106 = CARTESIAN_POINT ( 'NONE',  ( 0.2645056529904728500, 0.07199999999999999500, 0.01501399949212226300 ) ) ;
#5107 = AXIS2_PLACEMENT_3D ( 'NONE', #5106, #5105, #5104 ) ;
#5108 = STYLED_ITEM ( 'NONE', ( #5109 ), #1573 ) ;
#5109 = PRESENTATION_STYLE_ASSIGNMENT (( #5103 ) ) ;
#5110 = PLANE ( 'NONE',  #5107 ) ;
#5111 =( GEOMETRIC_REPRESENTATION_CONTEXT ( 3 ) GLOBAL_UNCERTAINTY_ASSIGNED_CONTEXT ( ( #5112 ) ) GLOBAL_UNIT_ASSIGNED_CONTEXT ( ( #5115, #5114, #5113 ) ) REPRESENTATION_CONTEXT ( 'NONE', 'WORKASPACE' ) );
#5112 = UNCERTAINTY_MEASURE_WITH_UNIT (LENGTH_MEASURE( 1.000000000000000100E-005 ), #5115, 'distance_accuracy_value', 'NONE');
#5113 =( NAMED_UNIT ( * ) SI_UNIT ( $, .STERADIAN. ) SOLID_ANGLE_UNIT ( ) );
#5114 =( NAMED_UNIT ( * ) PLANE_ANGLE_UNIT ( ) SI_UNIT ( $, .RADIAN. ) );
#5115 =( CONVERSION_BASED_UNIT ( 'INCH', #5116 ) LENGTH_UNIT ( ) NAMED_UNIT ( #5117 ) );
#5116 = LENGTH_MEASURE_WITH_UNIT ( LENGTH_MEASURE( 0.02539999999999999900 ), #5118 );
#5117 = DIMENSIONAL_EXPONENTS ( 1.000000000000000000, 0.0000000000000000000, 0.0000000000000000000, 0.0000000000000000000, 0.0000000000000000000, 0.0000000000000000000, 0.0000000000000000000 ) ;
#5118 =( LENGTH_UNIT ( ) NAMED_UNIT ( * ) SI_UNIT ( $, .METRE. ) );
#5119 = MECHANICAL_DESIGN_GEOMETRIC_PRESENTATION_REPRESENTATION (  '', ( #5121 ), #5111 ) ;
#5120 = PRESENTATION_LAYER_ASSIGNMENT (  '', '', ( #5121 ) ) ;
#5121 = STYLED_ITEM ( 'NONE', ( #5122 ), #1519 ) ;
#5122 = PRESENTATION_STYLE_ASSIGNMENT (( #5123 ) ) ;
#5123 = SURFACE_STYLE_USAGE ( .BOTH. , #5124 ) ;
#5124 = SURFACE_SIDE_STYLE ('',( #5125 ) ) ;
#5125 = SURFACE_STYLE_FILL_AREA ( #5126 ) ;
#5126 = FILL_AREA_STYLE ('',( #5081 ) ) ;
#5127 = COLOUR_RGB ( '',0.9882352941176471000, 1.000000000000000000, 0.9882352941176471000 ) ;
#5128 = FACE_OUTER_BOUND ( 'NONE', #1484, .T. ) ;
#5129 = UNCERTAINTY_MEASURE_WITH_UNIT (LENGTH_MEASURE( 1.000000000000000100E-005 ), #5132, 'distance_accuracy_value', 'NONE');
#5130 =( NAMED_UNIT ( * ) SI_UNIT ( $, .STERADIAN. ) SOLID_ANGLE_UNIT ( ) );
#5131 =( NAMED_UNIT ( * ) PLANE_ANGLE_UNIT ( ) SI_UNIT ( $, .RADIAN. ) );
#5132 =( CONVERSION_BASED_UNIT ( 'INCH', #5133 ) LENGTH_UNIT ( ) NAMED_UNIT ( #5134 ) );
#5133 = LENGTH_MEASURE_WITH_UNIT ( LENGTH_MEASURE( 0.02539999999999999900 ), #5135 );
#5134 = DIMENSIONAL_EXPONENTS ( 1.000000000000000000, 0.0000000000000000000, 0.0000000000000000000, 0.0000000000000000000, 0.0000000000000000000, 0.0000000000000000000, 0.0000000000000000000 ) ;
#5135 =( LENGTH_UNIT ( ) NAMED_UNIT ( * ) SI_UNIT ( $, .METRE. ) );
#5136 = MECHANICAL_DESIGN_GEOMETRIC_PRESENTATION_REPRESENTATION (  '', ( #5138 ), #5205 ) ;
#5137 = PRESENTATION_LAYER_ASSIGNMENT (  '', '', ( #5138 ) ) ;
#5138 = STYLED_ITEM ( 'NONE', ( #5139 ), #1472 ) ;
#5139 = PRESENTATION_STYLE_ASSIGNMENT (( #5140 ) ) ;
#5140 = SURFACE_STYLE_USAGE ( .BOTH. , #5141 ) ;
#5141 = SURFACE_SIDE_STYLE ('',( #5142 ) ) ;
#5142 = SURFACE_STYLE_FILL_AREA ( #5143 ) ;
#5143 = FILL_AREA_STYLE ('',( #5150 ) ) ;
#5144 = COLOUR_RGB ( '',0.9882352941176471000, 1.000000000000000000, 0.9882352941176471000 ) ;
#5145 = DIRECTION ( 'NONE',  ( 0.0000000000000000000, 0.9781476007338040200, 0.2079116908177665300 ) ) ;
#5146 = DIRECTION ( 'NONE',  ( 0.0000000000000000000, 0.2079116908177665600, -0.9781476007338041300 ) ) ;
#5147 = CARTESIAN_POINT ( 'NONE',  ( 0.0000000000000000000, 0.1364153660221403800, -0.1952690023250075500 ) ) ;
#5148 = AXIS2_PLACEMENT_3D ( 'NONE', #5147, #5146, #5145 ) ;
#5149 = FACE_OUTER_BOUND ( 'NONE', #1450, .T. ) ;
#5150 = FILL_AREA_STYLE_COLOUR ( '', #5144 ) ;
#5151 = PLANE ( 'NONE',  #5148 ) ;
#5152 =( GEOMETRIC_REPRESENTATION_CONTEXT ( 3 ) GLOBAL_UNCERTAINTY_ASSIGNED_CONTEXT ( ( #5206 ) ) GLOBAL_UNIT_ASSIGNED_CONTEXT ( ( #5209, #5208, #5207 ) ) REPRESENTATION_CONTEXT ( 'NONE', 'WORKASPACE' ) );
#5153 = COLOUR_RGB ( '',0.9882352941176471000, 1.000000000000000000, 0.9882352941176471000 ) ;
#5154 = FACE_OUTER_BOUND ( 'NONE', #1661, .T. ) ;
#5155 = DIRECTION ( 'NONE',  ( 0.0000000000000000000, 0.1391731009600580500, 0.9902680687415712500 ) ) ;
#5156 = VECTOR ( 'NONE', #5155, 39.37007874015748900 ) ;
#5157 = CARTESIAN_POINT ( 'NONE',  ( 0.005428549595004794100, 0.2101301894366687500, 0.4474265259354643400 ) ) ;
#5158 = LINE ( 'NONE', #5157, #5156 ) ;
#5159 = FILL_AREA_STYLE_COLOUR ( '', #5153 ) ;
#5160 = DIRECTION ( 'NONE',  ( 0.0000000000000000000, 0.0000000000000000000, -1.000000000000000000 ) ) ;
#5161 = DIRECTION ( 'NONE',  ( 1.000000000000000000, 0.0000000000000000000, 0.0000000000000000000 ) ) ;
#5162 = CARTESIAN_POINT ( 'NONE',  ( 0.1845056529904728300, 0.07199999999999999500, -0.05062702614890338800 ) ) ;
#5163 = AXIS2_PLACEMENT_3D ( 'NONE', #5162, #5161, #5160 ) ;
#5164 = PLANE ( 'NONE',  #5163 ) ;
#5165 =( GEOMETRIC_REPRESENTATION_CONTEXT ( 3 ) GLOBAL_UNCERTAINTY_ASSIGNED_CONTEXT ( ( #5166 ) ) GLOBAL_UNIT_ASSIGNED_CONTEXT ( ( #5169, #5168, #5167 ) ) REPRESENTATION_CONTEXT ( 'NONE', 'WORKASPACE' ) );
#5166 = UNCERTAINTY_MEASURE_WITH_UNIT (LENGTH_MEASURE( 1.000000000000000100E-005 ), #5169, 'distance_accuracy_value', 'NONE');
#5167 =( NAMED_UNIT ( * ) SI_UNIT ( $, .STERADIAN. ) SOLID_ANGLE_UNIT ( ) );
#5168 =( NAMED_UNIT ( * ) PLANE_ANGLE_UNIT ( ) SI_UNIT ( $, .RADIAN. ) );
#5169 =( CONVERSION_BASED_UNIT ( 'INCH', #5170 ) LENGTH_UNIT ( ) NAMED_UNIT ( #5171 ) );
#5170 = LENGTH_MEASURE_WITH_UNIT ( LENGTH_MEASURE( 0.02539999999999999900 ), #5172 );
#5171 = DIMENSIONAL_EXPONENTS ( 1.000000000000000000, 0.0000000000000000000, 0.0000000000000000000, 0.0000000000000000000, 0.0000000000000000000, 0.0000000000000000000, 0.0000000000000000000 ) ;
#5172 =( LENGTH_UNIT ( ) NAMED_UNIT ( * ) SI_UNIT ( $, .METRE. ) );
#5173 = MECHANICAL_DESIGN_GEOMETRIC_PRESENTATION_REPRESENTATION (  '', ( #5175 ), #5165 ) ;
#5174 = PRESENTATION_LAYER_ASSIGNMENT (  '', '', ( #5175 ) ) ;
#5175 = STYLED_ITEM ( 'NONE', ( #5176 ), #1507 ) ;
#5176 = PRESENTATION_STYLE_ASSIGNMENT (( #5177 ) ) ;
#5177 = SURFACE_STYLE_USAGE ( .BOTH. , #5178 ) ;
#5178 = SURFACE_SIDE_STYLE ('',( #5042 ) ) ;
#5179 = CARTESIAN_POINT ( 'NONE',  ( 0.06249999999999995100, -0.08199999999999971200, 0.6480000000000000200 ) ) ;
#5180 = PLANE ( 'NONE',  #5253 ) ;
#5181 =( GEOMETRIC_REPRESENTATION_CONTEXT ( 3 ) GLOBAL_UNCERTAINTY_ASSIGNED_CONTEXT ( ( #5182 ) ) GLOBAL_UNIT_ASSIGNED_CONTEXT ( ( #5185, #5184, #5183 ) ) REPRESENTATION_CONTEXT ( 'NONE', 'WORKASPACE' ) );
#5182 = UNCERTAINTY_MEASURE_WITH_UNIT (LENGTH_MEASURE( 1.000000000000000100E-005 ), #5185, 'distance_accuracy_value', 'NONE');
#5183 =( NAMED_UNIT ( * ) SI_UNIT ( $, .STERADIAN. ) SOLID_ANGLE_UNIT ( ) );
#5184 =( NAMED_UNIT ( * ) PLANE_ANGLE_UNIT ( ) SI_UNIT ( $, .RADIAN. ) );
#5185 =( CONVERSION_BASED_UNIT ( 'INCH', #5186 ) LENGTH_UNIT ( ) NAMED_UNIT ( #5187 ) );
#5186 = LENGTH_MEASURE_WITH_UNIT ( LENGTH_MEASURE( 0.02539999999999999900 ), #5188 );
#5187 = DIMENSIONAL_EXPONENTS ( 1.000000000000000000, 0.0000000000000000000, 0.0000000000000000000, 0.0000000000000000000, 0.0000000000000000000, 0.0000000000000000000, 0.0000000000000000000 ) ;
#5188 =( LENGTH_UNIT ( ) NAMED_UNIT ( * ) SI_UNIT ( $, .METRE. ) );
#5189 = MECHANICAL_DESIGN_GEOMETRIC_PRESENTATION_REPRESENTATION (  '', ( #5191 ), #5181 ) ;
#5190 = PRESENTATION_LAYER_ASSIGNMENT (  '', '', ( #5191 ) ) ;
#5191 = STYLED_ITEM ( 'NONE', ( #5192 ), #1477 ) ;
#5192 = PRESENTATION_STYLE_ASSIGNMENT (( #5193 ) ) ;
#5193 = SURFACE_STYLE_USAGE ( .BOTH. , #5194 ) ;
#5194 = SURFACE_SIDE_STYLE ('',( #5195 ) ) ;
#5195 = SURFACE_STYLE_FILL_AREA ( #5196 ) ;
#5196 = FILL_AREA_STYLE ('',( #5203 ) ) ;
#5197 = COLOUR_RGB ( '',0.9882352941176471000, 1.000000000000000000, 0.9882352941176471000 ) ;
#5198 = DIRECTION ( 'NONE',  ( -0.7071067811865477900, 0.7071067811865472400, 0.0000000000000000000 ) ) ;
#5199 = DIRECTION ( 'NONE',  ( 0.7071067811865472400, 0.7071067811865477900, 0.0000000000000000000 ) ) ;
#5200 = CARTESIAN_POINT ( 'NONE',  ( -0.05250000000000011600, -0.09199999999999988700, 0.6480000000000000200 ) ) ;
#5201 = AXIS2_PLACEMENT_3D ( 'NONE', #5200, #5199, #5198 ) ;
#5202 = FACE_OUTER_BOUND ( 'NONE', #1317, .T. ) ;
#5203 = FILL_AREA_STYLE_COLOUR ( '', #5197 ) ;
#5204 = PLANE ( 'NONE',  #5201 ) ;
#5205 =( GEOMETRIC_REPRESENTATION_CONTEXT ( 3 ) GLOBAL_UNCERTAINTY_ASSIGNED_CONTEXT ( ( #5129 ) ) GLOBAL_UNIT_ASSIGNED_CONTEXT ( ( #5132, #5131, #5130 ) ) REPRESENTATION_CONTEXT ( 'NONE', 'WORKASPACE' ) );
#5206 = UNCERTAINTY_MEASURE_WITH_UNIT (LENGTH_MEASURE( 1.000000000000000100E-005 ), #5209, 'distance_accuracy_value', 'NONE');
#5207 =( NAMED_UNIT ( * ) SI_UNIT ( $, .STERADIAN. ) SOLID_ANGLE_UNIT ( ) );
#5208 =( NAMED_UNIT ( * ) PLANE_ANGLE_UNIT ( ) SI_UNIT ( $, .RADIAN. ) );
#5209 =( CONVERSION_BASED_UNIT ( 'INCH', #5210 ) LENGTH_UNIT ( ) NAMED_UNIT ( #5211 ) );
#5210 = LENGTH_MEASURE_WITH_UNIT ( LENGTH_MEASURE( 0.02539999999999999900 ), #5212 );
#5211 = DIMENSIONAL_EXPONENTS ( 1.000000000000000000, 0.0000000000000000000, 0.0000000000000000000, 0.0000000000000000000, 0.0000000000000000000, 0.0000000000000000000, 0.0000000000000000000 ) ;
#5212 =( LENGTH_UNIT ( ) NAMED_UNIT ( * ) SI_UNIT ( $, .METRE. ) );
#5213 = MECHANICAL_DESIGN_GEOMETRIC_PRESENTATION_REPRESENTATION (  '', ( #5215 ), #5152 ) ;
#5214 = PRESENTATION_LAYER_ASSIGNMENT (  '', '', ( #5215 ) ) ;
#5215 = STYLED_ITEM ( 'NONE', ( #5216 ), #1466 ) ;
#5216 = PRESENTATION_STYLE_ASSIGNMENT (( #5217 ) ) ;
#5217 = SURFACE_STYLE_USAGE ( .BOTH. , #5218 ) ;
#5218 = SURFACE_SIDE_STYLE ('',( #5219 ) ) ;
#5219 = SURFACE_STYLE_FILL_AREA ( #5220 ) ;
#5220 = FILL_AREA_STYLE ('',( #5227 ) ) ;
#5221 = COLOUR_RGB ( '',0.9882352941176471000, 1.000000000000000000, 0.9882352941176471000 ) ;
#5222 = DIRECTION ( 'NONE',  ( 0.0000000000000000000, -0.2079116908177666400, 0.9781476007338041300 ) ) ;
#5223 = DIRECTION ( 'NONE',  ( 0.0000000000000000000, 0.9781476007338041300, 0.2079116908177665300 ) ) ;
#5224 = CARTESIAN_POINT ( 'NONE',  ( 0.0004999999999999502500, 0.1235248411914388600, -0.1346238510795116900 ) ) ;
#5225 = AXIS2_PLACEMENT_3D ( 'NONE', #5224, #5223, #5222 ) ;
#5226 = FACE_OUTER_BOUND ( 'NONE', #1467, .T. ) ;
#5227 = FILL_AREA_STYLE_COLOUR ( '', #5221 ) ;
#5228 = CYLINDRICAL_SURFACE ( 'NONE', #5225, 0.06200000000000000000 ) ;
#5229 =( GEOMETRIC_REPRESENTATION_CONTEXT ( 3 ) GLOBAL_UNCERTAINTY_ASSIGNED_CONTEXT ( ( #5230 ) ) GLOBAL_UNIT_ASSIGNED_CONTEXT ( ( #4812, #4764, #5231 ) ) REPRESENTATION_CONTEXT ( 'NONE', 'WORKASPACE' ) );
#5230 = UNCERTAINTY_MEASURE_WITH_UNIT (LENGTH_MEASURE( 1.000000000000000100E-005 ), #4812, 'distance_accuracy_value', 'NONE');
#5231 =( NAMED_UNIT ( * ) SI_UNIT ( $, .STERADIAN. ) SOLID_ANGLE_UNIT ( ) );
#5232 = PLANE ( 'NONE',  #5233 ) ;
#5233 = AXIS2_PLACEMENT_3D ( 'NONE', #5076, #5075, #5074 ) ;
#5234 =( GEOMETRIC_REPRESENTATION_CONTEXT ( 3 ) GLOBAL_UNCERTAINTY_ASSIGNED_CONTEXT ( ( #5235 ) ) GLOBAL_UNIT_ASSIGNED_CONTEXT ( ( #5238, #5237, #5236 ) ) REPRESENTATION_CONTEXT ( 'NONE', 'WORKASPACE' ) );
#5235 = UNCERTAINTY_MEASURE_WITH_UNIT (LENGTH_MEASURE( 1.000000000000000100E-005 ), #5238, 'distance_accuracy_value', 'NONE');
#5236 =( NAMED_UNIT ( * ) SI_UNIT ( $, .STERADIAN. ) SOLID_ANGLE_UNIT ( ) );
#5237 =( NAMED_UNIT ( * ) PLANE_ANGLE_UNIT ( ) SI_UNIT ( $, .RADIAN. ) );
#5238 =( CONVERSION_BASED_UNIT ( 'INCH', #5239 ) LENGTH_UNIT ( ) NAMED_UNIT ( #5240 ) );
#5239 = LENGTH_MEASURE_WITH_UNIT ( LENGTH_MEASURE( 0.02539999999999999900 ), #5241 );
#5240 = DIMENSIONAL_EXPONENTS ( 1.000000000000000000, 0.0000000000000000000, 0.0000000000000000000, 0.0000000000000000000, 0.0000000000000000000, 0.0000000000000000000, 0.0000000000000000000 ) ;
#5241 =( LENGTH_UNIT ( ) NAMED_UNIT ( * ) SI_UNIT ( $, .METRE. ) );
#5242 = MECHANICAL_DESIGN_GEOMETRIC_PRESENTATION_REPRESENTATION (  '', ( #5244 ), #5234 ) ;
#5243 = PRESENTATION_LAYER_ASSIGNMENT (  '', '', ( #5244 ) ) ;
#5244 = STYLED_ITEM ( 'NONE', ( #5245 ), #1478 ) ;
#5245 = PRESENTATION_STYLE_ASSIGNMENT (( #5246 ) ) ;
#5246 = SURFACE_STYLE_USAGE ( .BOTH. , #5247 ) ;
#5247 = SURFACE_SIDE_STYLE ('',( #5248 ) ) ;
#5248 = SURFACE_STYLE_FILL_AREA ( #5254 ) ;
#5249 = COLOUR_RGB ( '',0.9882352941176471000, 1.000000000000000000, 0.9882352941176471000 ) ;
#5250 = FACE_OUTER_BOUND ( 'NONE', #1678, .T. ) ;
#5251 = DIRECTION ( 'NONE',  ( -0.7071067811865474600, -0.7071067811865474600, 0.0000000000000000000 ) ) ;
#5252 = DIRECTION ( 'NONE',  ( -0.7071067811865475700, 0.7071067811865475700, 0.0000000000000000000 ) ) ;
#5253 = AXIS2_PLACEMENT_3D ( 'NONE', #5179, #5252, #5251 ) ;
#5254 = FILL_AREA_STYLE ('',( #5255 ) ) ;
#5255 = FILL_AREA_STYLE_COLOUR ( '', #5249 ) ;
#5256 = CARTESIAN_POINT ( 'NONE',  ( -0.006937693086198524000, 0.2231609840197955300, 0.5401454471708578800 ) ) ;
#5257 = LINE ( 'NONE', #5256, #5398 ) ;
#5258 = FILL_AREA_STYLE_COLOUR ( '', #5395 ) ;
#5259 = CARTESIAN_POINT ( 'NONE',  ( 0.2316851401699600300, 0.07199999999999999500, 0.01501399949212226300 ) ) ;
#5260 = DIRECTION ( 'NONE',  ( 0.0000000000000000000, 0.0000000000000000000, 1.000000000000000000 ) ) ;
#5261 = VECTOR ( 'NONE', #5260, 39.37007874015748100 ) ;
#5262 = CARTESIAN_POINT ( 'NONE',  ( 0.2316851401699600300, 0.07199999999999999500, -0.02293471845659568800 ) ) ;
#5263 = LINE ( 'NONE', #5262, #5261 ) ;
#5264 = CARTESIAN_POINT ( 'NONE',  ( 0.2316851401699600300, 0.07199999999999999500, -0.02293471845659568800 ) ) ;
#5265 = DIRECTION ( 'NONE',  ( -1.000000000000000000, 0.0000000000000000000, 0.0000000000000000000 ) ) ;
#5266 = VECTOR ( 'NONE', #5265, 39.37007874015748100 ) ;
#5267 = CARTESIAN_POINT ( 'NONE',  ( 0.2316851401699600300, 0.07199999999999999500, 0.01501399949212226300 ) ) ;
#5268 = LINE ( 'NONE', #5267, #5266 ) ;
#5269 = DIRECTION ( 'NONE',  ( -0.0000000000000000000, 1.000000000000000000, -0.0000000000000000000 ) ) ;
#5270 = VECTOR ( 'NONE', #5269, 39.37007874015748100 ) ;
#5271 = CARTESIAN_POINT ( 'NONE',  ( 0.2316851401699600300, 0.07199999999999999500, 0.01501399949212226300 ) ) ;
#5272 = LINE ( 'NONE', #5271, #5270 ) ;
#5273 = DIRECTION ( 'NONE',  ( -1.000000000000000000, 0.0000000000000000000, 0.0000000000000000000 ) ) ;
#5274 = DIRECTION ( 'NONE',  ( -0.0000000000000000000, 0.0000000000000000000, -1.000000000000000000 ) ) ;
#5275 = CARTESIAN_POINT ( 'NONE',  ( 0.2316851401699600300, 0.07199999999999999500, 0.01501399949212226300 ) ) ;
#5276 = AXIS2_PLACEMENT_3D ( 'NONE', #5275, #5274, #5273 ) ;
#5277 = PLANE ( 'NONE',  #5276 ) ;
#5278 =( GEOMETRIC_REPRESENTATION_CONTEXT ( 3 ) GLOBAL_UNCERTAINTY_ASSIGNED_CONTEXT ( ( #5279 ) ) GLOBAL_UNIT_ASSIGNED_CONTEXT ( ( #5343, #5342, #5280 ) ) REPRESENTATION_CONTEXT ( 'NONE', 'WORKASPACE' ) );
#5279 = UNCERTAINTY_MEASURE_WITH_UNIT (LENGTH_MEASURE( 1.000000000000000100E-005 ), #5343, 'distance_accuracy_value', 'NONE');
#5280 =( NAMED_UNIT ( * ) SI_UNIT ( $, .STERADIAN. ) SOLID_ANGLE_UNIT ( ) );
#5281 =( NAMED_UNIT ( * ) SI_UNIT ( $, .STERADIAN. ) SOLID_ANGLE_UNIT ( ) );
#5282 =( NAMED_UNIT ( * ) PLANE_ANGLE_UNIT ( ) SI_UNIT ( $, .RADIAN. ) );
#5283 =( CONVERSION_BASED_UNIT ( 'INCH', #5284 ) LENGTH_UNIT ( ) NAMED_UNIT ( #5285 ) );
#5284 = LENGTH_MEASURE_WITH_UNIT ( LENGTH_MEASURE( 0.02539999999999999900 ), #5286 );
#5285 = DIMENSIONAL_EXPONENTS ( 1.000000000000000000, 0.0000000000000000000, 0.0000000000000000000, 0.0000000000000000000, 0.0000000000000000000, 0.0000000000000000000, 0.0000000000000000000 ) ;
#5286 =( LENGTH_UNIT ( ) NAMED_UNIT ( * ) SI_UNIT ( $, .METRE. ) );
#5287 = MECHANICAL_DESIGN_GEOMETRIC_PRESENTATION_REPRESENTATION (  '', ( #5289 ), #5340 ) ;
#5288 = PRESENTATION_LAYER_ASSIGNMENT (  '', '', ( #5289 ) ) ;
#5289 = STYLED_ITEM ( 'NONE', ( #5290 ), #1541 ) ;
#5290 = PRESENTATION_STYLE_ASSIGNMENT (( #5291 ) ) ;
#5291 = SURFACE_STYLE_USAGE ( .BOTH. , #5292 ) ;
#5292 = SURFACE_SIDE_STYLE ('',( #5293 ) ) ;
#5293 = SURFACE_STYLE_FILL_AREA ( #5294 ) ;
#5294 = FILL_AREA_STYLE ('',( #5301 ) ) ;
#5295 = COLOUR_RGB ( '',0.9882352941176471000, 1.000000000000000000, 0.9882352941176471000 ) ;
#5296 = FACE_OUTER_BOUND ( 'NONE', #1648, .T. ) ;
#5297 = DIRECTION ( 'NONE',  ( -1.000000000000000000, 0.0000000000000000000, 0.0000000000000000000 ) ) ;
#5298 = VECTOR ( 'NONE', #5297, 39.37007874015748100 ) ;
#5299 = CARTESIAN_POINT ( 'NONE',  ( 0.2473261658109856500, 0.07199999999999999500, -0.1049860005078777500 ) ) ;
#5300 = LINE ( 'NONE', #5299, #5298 ) ;
#5301 = FILL_AREA_STYLE_COLOUR ( '', #5295 ) ;
#5302 = CARTESIAN_POINT ( 'NONE',  ( 0.1845056529904728300, 0.07199999999999999500, -0.1121654876873649200 ) ) ;
#5303 = CARTESIAN_POINT ( 'NONE',  ( 0.1845056529904728300, 0.07199999999999999500, -0.1049860005078777500 ) ) ;
#5304 = DIRECTION ( 'NONE',  ( -0.0000000000000000000, 1.000000000000000000, -0.0000000000000000000 ) ) ;
#5305 = VECTOR ( 'NONE', #5304, 39.37007874015748100 ) ;
#5306 = CARTESIAN_POINT ( 'NONE',  ( 0.1845056529904728300, 0.07199999999999999500, -0.1049860005078777500 ) ) ;
#5307 = LINE ( 'NONE', #5306, #5305 ) ;
#5308 = DIRECTION ( 'NONE',  ( -0.0000000000000000000, 0.9902680687415712500, -0.1391731009600584700 ) ) ;
#5309 = VECTOR ( 'NONE', #5308, 39.37007874015748100 ) ;
#5310 = CARTESIAN_POINT ( 'NONE',  ( -0.006937693086198524000, 0.2175061108988160000, 0.4999089341819135100 ) ) ;
#5311 = LINE ( 'NONE', #5310, #5309 ) ;
#5312 = LENGTH_MEASURE_WITH_UNIT ( LENGTH_MEASURE( 0.02539999999999999900 ), #5314 );
#5313 = DIMENSIONAL_EXPONENTS ( 1.000000000000000000, 0.0000000000000000000, 0.0000000000000000000, 0.0000000000000000000, 0.0000000000000000000, 0.0000000000000000000, 0.0000000000000000000 ) ;
#5314 =( LENGTH_UNIT ( ) NAMED_UNIT ( * ) SI_UNIT ( $, .METRE. ) );
#5315 = MECHANICAL_DESIGN_GEOMETRIC_PRESENTATION_REPRESENTATION (  '', ( #5317 ), #5363 ) ;
#5316 = PRESENTATION_LAYER_ASSIGNMENT (  '', '', ( #5317 ) ) ;
#5317 = STYLED_ITEM ( 'NONE', ( #5318 ), #1549 ) ;
#5318 = PRESENTATION_STYLE_ASSIGNMENT (( #5319 ) ) ;
#5319 = SURFACE_STYLE_USAGE ( .BOTH. , #5320 ) ;
#5320 = SURFACE_SIDE_STYLE ('',( #5321 ) ) ;
#5321 = SURFACE_STYLE_FILL_AREA ( #5322 ) ;
#5322 = FILL_AREA_STYLE ('',( #5329 ) ) ;
#5323 = COLOUR_RGB ( '',0.9882352941176471000, 1.000000000000000000, 0.9882352941176471000 ) ;
#5324 = FACE_OUTER_BOUND ( 'NONE', #1550, .T. ) ;
#5325 = DIRECTION ( 'NONE',  ( -0.0000000000000000000, 1.000000000000000000, -0.0000000000000000000 ) ) ;
#5326 = VECTOR ( 'NONE', #5325, 39.37007874015748100 ) ;
#5327 = CARTESIAN_POINT ( 'NONE',  ( 0.1845056529904728300, 0.07199999999999999500, -0.05226164153351877500 ) ) ;
#5328 = LINE ( 'NONE', #5327, #5326 ) ;
#5329 = FILL_AREA_STYLE_COLOUR ( '', #5323 ) ;
#5330 = CARTESIAN_POINT ( 'NONE',  ( 0.1845056529904728300, 0.07199999999999999500, -0.05226164153351877500 ) ) ;
#5331 = DIRECTION ( 'NONE',  ( 0.0000000000000000000, 0.0000000000000000000, -1.000000000000000000 ) ) ;
#5332 = VECTOR ( 'NONE', #5331, 39.37007874015748100 ) ;
#5333 = CARTESIAN_POINT ( 'NONE',  ( 0.1845056529904728300, 0.07199999999999999500, -0.05062702614890338800 ) ) ;
#5334 = LINE ( 'NONE', #5333, #5332 ) ;
#5335 = DIRECTION ( 'NONE',  ( 0.0000000000000000000, 0.0000000000000000000, 1.000000000000000000 ) ) ;
#5336 = DIRECTION ( 'NONE',  ( -1.000000000000000000, 0.0000000000000000000, 0.0000000000000000000 ) ) ;
#5337 = CARTESIAN_POINT ( 'NONE',  ( 0.005428549595004794100, 0.2175061108988160000, 0.4999089341819135100 ) ) ;
#5338 = AXIS2_PLACEMENT_3D ( 'NONE', #5337, #5336, #5335 ) ;
#5339 = PLANE ( 'NONE',  #5338 ) ;
#5340 =( GEOMETRIC_REPRESENTATION_CONTEXT ( 3 ) GLOBAL_UNCERTAINTY_ASSIGNED_CONTEXT ( ( #5341 ) ) GLOBAL_UNIT_ASSIGNED_CONTEXT ( ( #5283, #5282, #5281 ) ) REPRESENTATION_CONTEXT ( 'NONE', 'WORKASPACE' ) );
#5341 = UNCERTAINTY_MEASURE_WITH_UNIT (LENGTH_MEASURE( 1.000000000000000100E-005 ), #5283, 'distance_accuracy_value', 'NONE');
#5342 =( NAMED_UNIT ( * ) PLANE_ANGLE_UNIT ( ) SI_UNIT ( $, .RADIAN. ) );
#5343 =( CONVERSION_BASED_UNIT ( 'INCH', #5344 ) LENGTH_UNIT ( ) NAMED_UNIT ( #5345 ) );
#5344 = LENGTH_MEASURE_WITH_UNIT ( LENGTH_MEASURE( 0.02539999999999999900 ), #5346 );
#5345 = DIMENSIONAL_EXPONENTS ( 1.000000000000000000, 0.0000000000000000000, 0.0000000000000000000, 0.0000000000000000000, 0.0000000000000000000, 0.0000000000000000000, 0.0000000000000000000 ) ;
#5346 =( LENGTH_UNIT ( ) NAMED_UNIT ( * ) SI_UNIT ( $, .METRE. ) );
#5347 = MECHANICAL_DESIGN_GEOMETRIC_PRESENTATION_REPRESENTATION (  '', ( #5349 ), #5278 ) ;
#5348 = PRESENTATION_LAYER_ASSIGNMENT (  '', '', ( #5349 ) ) ;
#5349 = STYLED_ITEM ( 'NONE', ( #5350 ), #1553 ) ;
#5350 = PRESENTATION_STYLE_ASSIGNMENT (( #5351 ) ) ;
#5351 = SURFACE_STYLE_USAGE ( .BOTH. , #5352 ) ;
#5352 = SURFACE_SIDE_STYLE ('',( #5353 ) ) ;
#5353 = SURFACE_STYLE_FILL_AREA ( #5354 ) ;
#5354 = FILL_AREA_STYLE ('',( #5361 ) ) ;
#5355 = COLOUR_RGB ( '',0.9882352941176471000, 1.000000000000000000, 0.9882352941176471000 ) ;
#5356 = DIRECTION ( 'NONE',  ( 0.7659742538299850700, 0.0000000000000000000, -0.6428712487501658800 ) ) ;
#5357 = DIRECTION ( 'NONE',  ( 0.6428712487501658800, 0.0000000000000000000, 0.7659742538299850700 ) ) ;
#5358 = CARTESIAN_POINT ( 'NONE',  ( 0.1845056529904728300, 0.07199999999999999500, -0.05226164153351877500 ) ) ;
#5359 = AXIS2_PLACEMENT_3D ( 'NONE', #5358, #5357, #5356 ) ;
#5360 = FACE_OUTER_BOUND ( 'NONE', #1590, .T. ) ;
#5361 = FILL_AREA_STYLE_COLOUR ( '', #5355 ) ;
#5362 = PLANE ( 'NONE',  #5359 ) ;
#5363 =( GEOMETRIC_REPRESENTATION_CONTEXT ( 3 ) GLOBAL_UNCERTAINTY_ASSIGNED_CONTEXT ( ( #5364 ) ) GLOBAL_UNIT_ASSIGNED_CONTEXT ( ( #5367, #5366, #5365 ) ) REPRESENTATION_CONTEXT ( 'NONE', 'WORKASPACE' ) );
#5364 = UNCERTAINTY_MEASURE_WITH_UNIT (LENGTH_MEASURE( 1.000000000000000100E-005 ), #5367, 'distance_accuracy_value', 'NONE');
#5365 =( NAMED_UNIT ( * ) SI_UNIT ( $, .STERADIAN. ) SOLID_ANGLE_UNIT ( ) );
#5366 =( NAMED_UNIT ( * ) PLANE_ANGLE_UNIT ( ) SI_UNIT ( $, .RADIAN. ) );
#5367 =( CONVERSION_BASED_UNIT ( 'INCH', #5312 ) LENGTH_UNIT ( ) NAMED_UNIT ( #5313 ) );
#5368 = SURFACE_SIDE_STYLE ('',( #5369 ) ) ;
#5369 = SURFACE_STYLE_FILL_AREA ( #5370 ) ;
#5370 = FILL_AREA_STYLE ('',( #5377 ) ) ;
#5371 = COLOUR_RGB ( '',0.9882352941176471000, 1.000000000000000000, 0.9882352941176471000 ) ;
#5372 = DIRECTION ( 'NONE',  ( -1.000000000000000000, 0.0000000000000000000, 0.0000000000000000000 ) ) ;
#5373 = DIRECTION ( 'NONE',  ( -0.0000000000000000000, 0.0000000000000000000, -1.000000000000000000 ) ) ;
#5374 = CARTESIAN_POINT ( 'NONE',  ( 0.2234800119648318000, 0.07199999999999999500, -0.02293471845659568800 ) ) ;
#5375 = AXIS2_PLACEMENT_3D ( 'NONE', #5374, #5373, #5372 ) ;
#5376 = FACE_OUTER_BOUND ( 'NONE', #2029, .T. ) ;
#5377 = FILL_AREA_STYLE_COLOUR ( '', #5371 ) ;
#5378 = PLANE ( 'NONE',  #5375 ) ;
#5379 =( GEOMETRIC_REPRESENTATION_CONTEXT ( 3 ) GLOBAL_UNCERTAINTY_ASSIGNED_CONTEXT ( ( #5380 ) ) GLOBAL_UNIT_ASSIGNED_CONTEXT ( ( #5383, #5382, #5381 ) ) REPRESENTATION_CONTEXT ( 'NONE', 'WORKASPACE' ) );
#5380 = UNCERTAINTY_MEASURE_WITH_UNIT (LENGTH_MEASURE( 1.000000000000000100E-005 ), #5383, 'distance_accuracy_value', 'NONE');
#5381 =( NAMED_UNIT ( * ) SI_UNIT ( $, .STERADIAN. ) SOLID_ANGLE_UNIT ( ) );
#5382 =( NAMED_UNIT ( * ) PLANE_ANGLE_UNIT ( ) SI_UNIT ( $, .RADIAN. ) );
#5383 =( CONVERSION_BASED_UNIT ( 'INCH', #5384 ) LENGTH_UNIT ( ) NAMED_UNIT ( #5385 ) );
#5384 = LENGTH_MEASURE_WITH_UNIT ( LENGTH_MEASURE( 0.02539999999999999900 ), #5386 );
#5385 = DIMENSIONAL_EXPONENTS ( 1.000000000000000000, 0.0000000000000000000, 0.0000000000000000000, 0.0000000000000000000, 0.0000000000000000000, 0.0000000000000000000, 0.0000000000000000000 ) ;
#5386 =( LENGTH_UNIT ( ) NAMED_UNIT ( * ) SI_UNIT ( $, .METRE. ) );
#5387 = MECHANICAL_DESIGN_GEOMETRIC_PRESENTATION_REPRESENTATION (  '', ( #5389 ), #5379 ) ;
#5388 = PRESENTATION_LAYER_ASSIGNMENT (  '', '', ( #5389 ) ) ;
#5389 = STYLED_ITEM ( 'NONE', ( #5390 ), #1572 ) ;
#5390 = PRESENTATION_STYLE_ASSIGNMENT (( #5391 ) ) ;
#5391 = SURFACE_STYLE_USAGE ( .BOTH. , #5392 ) ;
#5392 = SURFACE_SIDE_STYLE ('',( #5393 ) ) ;
#5393 = SURFACE_STYLE_FILL_AREA ( #5394 ) ;
#5394 = FILL_AREA_STYLE ('',( #5258 ) ) ;
#5395 = COLOUR_RGB ( '',0.9882352941176471000, 1.000000000000000000, 0.9882352941176471000 ) ;
#5396 = FACE_OUTER_BOUND ( 'NONE', #1843, .T. ) ;
#5397 = DIRECTION ( 'NONE',  ( 0.0000000000000000000, -0.1391731009600578300, -0.9902680687415714700 ) ) ;
#5398 = VECTOR ( 'NONE', #5397, 39.37007874015748100 ) ;
#5399 = CARTESIAN_POINT ( 'NONE',  ( -0.006937693086198524000, 0.2175061108988160000, 0.4999089341819135100 ) ) ;
#5400 = DIRECTION ( 'NONE',  ( 0.0000000000000000000, 0.0000000000000000000, 1.000000000000000000 ) ) ;
#5401 = DIRECTION ( 'NONE',  ( -1.000000000000000000, 0.0000000000000000000, 0.0000000000000000000 ) ) ;
#5402 = CARTESIAN_POINT ( 'NONE',  ( 0.005428549595004794100, 0.2101301894366687500, 0.4474265259354643400 ) ) ;
#5403 = AXIS2_PLACEMENT_3D ( 'NONE', #5402, #5401, #5400 ) ;
#5404 = PLANE ( 'NONE',  #5403 ) ;
#5405 =( GEOMETRIC_REPRESENTATION_CONTEXT ( 3 ) GLOBAL_UNCERTAINTY_ASSIGNED_CONTEXT ( ( #5406 ) ) GLOBAL_UNIT_ASSIGNED_CONTEXT ( ( #5409, #5408, #5407 ) ) REPRESENTATION_CONTEXT ( 'NONE', 'WORKASPACE' ) );
#5406 = UNCERTAINTY_MEASURE_WITH_UNIT (LENGTH_MEASURE( 1.000000000000000100E-005 ), #5409, 'distance_accuracy_value', 'NONE');
#5407 =( NAMED_UNIT ( * ) SI_UNIT ( $, .STERADIAN. ) SOLID_ANGLE_UNIT ( ) );
#5408 =( NAMED_UNIT ( * ) PLANE_ANGLE_UNIT ( ) SI_UNIT ( $, .RADIAN. ) );
#5409 =( CONVERSION_BASED_UNIT ( 'INCH', #5410 ) LENGTH_UNIT ( ) NAMED_UNIT ( #5411 ) );
#5410 = LENGTH_MEASURE_WITH_UNIT ( LENGTH_MEASURE( 0.02539999999999999900 ), #5412 );
#5411 = DIMENSIONAL_EXPONENTS ( 1.000000000000000000, 0.0000000000000000000, 0.0000000000000000000, 0.0000000000000000000, 0.0000000000000000000, 0.0000000000000000000, 0.0000000000000000000 ) ;
#5412 =( LENGTH_UNIT ( ) NAMED_UNIT ( * ) SI_UNIT ( $, .METRE. ) );
#5413 = MECHANICAL_DESIGN_GEOMETRIC_PRESENTATION_REPRESENTATION (  '', ( #5415 ), #5405 ) ;
#5414 = PRESENTATION_LAYER_ASSIGNMENT (  '', '', ( #5415 ) ) ;
#5415 = STYLED_ITEM ( 'NONE', ( #5416 ), #1529 ) ;
#5416 = PRESENTATION_STYLE_ASSIGNMENT (( #5417 ) ) ;
#5417 = SURFACE_STYLE_USAGE ( .BOTH. , #5418 ) ;
#5418 = SURFACE_SIDE_STYLE ('',( #5419 ) ) ;
#5419 = SURFACE_STYLE_FILL_AREA ( #5420 ) ;
#5420 = FILL_AREA_STYLE ('',( #5421 ) ) ;
#5421 = FILL_AREA_STYLE_COLOUR ( '', #5422 ) ;
#5422 = COLOUR_RGB ( '',0.9882352941176471000, 1.000000000000000000, 0.9882352941176471000 ) ;
#5423 = FACE_OUTER_BOUND ( 'NONE', #1569, .T. ) ;
#5424 = CARTESIAN_POINT ( 'NONE',  ( 0.2645056529904728500, 0.07199999999999999500, -0.03011420563608286500 ) ) ;
#5425 = DIRECTION ( 'NONE',  ( 1.000000000000000000, 0.0000000000000000000, 0.0000000000000000000 ) ) ;
#5426 = DIRECTION ( 'NONE',  ( -0.0000000000000000000, 0.0000000000000000000, 1.000000000000000000 ) ) ;
#5427 = CARTESIAN_POINT ( 'NONE',  ( 0.1845056529904728300, 0.07199999999999999500, -0.03011420563608286500 ) ) ;
#5428 = AXIS2_PLACEMENT_3D ( 'NONE', #5427, #5426, #5425 ) ;
#5429 = PLANE ( 'NONE',  #5428 ) ;
#5430 =( GEOMETRIC_REPRESENTATION_CONTEXT ( 3 ) GLOBAL_UNCERTAINTY_ASSIGNED_CONTEXT ( ( #5431 ) ) GLOBAL_UNIT_ASSIGNED_CONTEXT ( ( #5434, #5433, #5432 ) ) REPRESENTATION_CONTEXT ( 'NONE', 'WORKASPACE' ) );
#5431 = UNCERTAINTY_MEASURE_WITH_UNIT (LENGTH_MEASURE( 1.000000000000000100E-005 ), #5434, 'distance_accuracy_value', 'NONE');
#5432 =( NAMED_UNIT ( * ) SI_UNIT ( $, .STERADIAN. ) SOLID_ANGLE_UNIT ( ) );
#5433 =( NAMED_UNIT ( * ) PLANE_ANGLE_UNIT ( ) SI_UNIT ( $, .RADIAN. ) );
#5434 =( CONVERSION_BASED_UNIT ( 'INCH', #5435 ) LENGTH_UNIT ( ) NAMED_UNIT ( #5436 ) );
#5435 = LENGTH_MEASURE_WITH_UNIT ( LENGTH_MEASURE( 0.02539999999999999900 ), #5437 );
#5436 = DIMENSIONAL_EXPONENTS ( 1.000000000000000000, 0.0000000000000000000, 0.0000000000000000000, 0.0000000000000000000, 0.0000000000000000000, 0.0000000000000000000, 0.0000000000000000000 ) ;
#5437 =( LENGTH_UNIT ( ) NAMED_UNIT ( * ) SI_UNIT ( $, .METRE. ) );
#5438 = MECHANICAL_DESIGN_GEOMETRIC_PRESENTATION_REPRESENTATION (  '', ( #5440 ), #5430 ) ;
#5439 = PRESENTATION_LAYER_ASSIGNMENT (  '', '', ( #5440 ) ) ;
#5440 = STYLED_ITEM ( 'NONE', ( #5441 ), #1526 ) ;
#5441 = PRESENTATION_STYLE_ASSIGNMENT (( #5442 ) ) ;
#5442 = SURFACE_STYLE_USAGE ( .BOTH. , #5443 ) ;
#5443 = SURFACE_SIDE_STYLE ('',( #5444 ) ) ;
#5444 = SURFACE_STYLE_FILL_AREA ( #5445 ) ;
#5445 = FILL_AREA_STYLE ('',( #5447 ) ) ;
#5446 = COLOUR_RGB ( '',0.9882352941176471000, 1.000000000000000000, 0.9882352941176471000 ) ;
#5447 = FILL_AREA_STYLE_COLOUR ( '', #5446 ) ;
#5448 = FACE_OUTER_BOUND ( 'NONE', #1523, .T. ) ;
#5449 = CARTESIAN_POINT ( 'NONE',  ( 0.1845056529904728300, 0.07199999999999999500, -0.03011420563608286500 ) ) ;
#5450 = DIRECTION ( 'NONE',  ( 1.000000000000000000, 0.0000000000000000000, 0.0000000000000000000 ) ) ;
#5451 = VECTOR ( 'NONE', #5450, 39.37007874015748100 ) ;
#5452 = CARTESIAN_POINT ( 'NONE',  ( 0.1845056529904728300, 0.07199999999999999500, -0.03011420563608286500 ) ) ;
#5453 = LINE ( 'NONE', #5452, #5451 ) ;
#5454 = DIRECTION ( 'NONE',  ( 0.0000000000000000000, 0.0000000000000000000, 1.000000000000000000 ) ) ;
#5455 = DIRECTION ( 'NONE',  ( -1.000000000000000000, 0.0000000000000000000, 0.0000000000000000000 ) ) ;
#5456 = CARTESIAN_POINT ( 'NONE',  ( 0.2645056529904728500, 0.07199999999999999500, -0.03011420563608286500 ) ) ;
#5457 = AXIS2_PLACEMENT_3D ( 'NONE', #5456, #5455, #5454 ) ;
#5458 = PLANE ( 'NONE',  #5457 ) ;
#5459 =( GEOMETRIC_REPRESENTATION_CONTEXT ( 3 ) GLOBAL_UNCERTAINTY_ASSIGNED_CONTEXT ( ( #5460 ) ) GLOBAL_UNIT_ASSIGNED_CONTEXT ( ( #5463, #5462, #5461 ) ) REPRESENTATION_CONTEXT ( 'NONE', 'WORKASPACE' ) );
#5460 = UNCERTAINTY_MEASURE_WITH_UNIT (LENGTH_MEASURE( 1.000000000000000100E-005 ), #5463, 'distance_accuracy_value', 'NONE');
#5461 =( NAMED_UNIT ( * ) SI_UNIT ( $, .STERADIAN. ) SOLID_ANGLE_UNIT ( ) );
#5462 =( NAMED_UNIT ( * ) PLANE_ANGLE_UNIT ( ) SI_UNIT ( $, .RADIAN. ) );
#5463 =( CONVERSION_BASED_UNIT ( 'INCH', #5464 ) LENGTH_UNIT ( ) NAMED_UNIT ( #5465 ) );
#5464 = LENGTH_MEASURE_WITH_UNIT ( LENGTH_MEASURE( 0.02539999999999999900 ), #5466 );
#5465 = DIMENSIONAL_EXPONENTS ( 1.000000000000000000, 0.0000000000000000000, 0.0000000000000000000, 0.0000000000000000000, 0.0000000000000000000, 0.0000000000000000000, 0.0000000000000000000 ) ;
#5466 =( LENGTH_UNIT ( ) NAMED_UNIT ( * ) SI_UNIT ( $, .METRE. ) );
#5467 = MECHANICAL_DESIGN_GEOMETRIC_PRESENTATION_REPRESENTATION (  '', ( #5469 ), #5459 ) ;
#5468 = PRESENTATION_LAYER_ASSIGNMENT (  '', '', ( #5469 ) ) ;
#5469 = STYLED_ITEM ( 'NONE', ( #5470 ), #1520 ) ;
#5470 = PRESENTATION_STYLE_ASSIGNMENT (( #5471 ) ) ;
#5471 = SURFACE_STYLE_USAGE ( .BOTH. , #5472 ) ;
#5472 = SURFACE_SIDE_STYLE ('',( #5473 ) ) ;
#5473 = SURFACE_STYLE_FILL_AREA ( #5474 ) ;
#5474 = FILL_AREA_STYLE ('',( #5475 ) ) ;
#5475 = FILL_AREA_STYLE_COLOUR ( '', #5476 ) ;
#5476 = COLOUR_RGB ( '',0.9882352941176471000, 1.000000000000000000, 0.9882352941176471000 ) ;
#5477 = FACE_OUTER_BOUND ( 'NONE', #1518, .T. ) ;
#5478 =( GEOMETRIC_REPRESENTATION_CONTEXT ( 3 ) GLOBAL_UNCERTAINTY_ASSIGNED_CONTEXT ( ( #5479 ) ) GLOBAL_UNIT_ASSIGNED_CONTEXT ( ( #5482, #5481, #5480 ) ) REPRESENTATION_CONTEXT ( 'NONE', 'WORKASPACE' ) );
#5479 = UNCERTAINTY_MEASURE_WITH_UNIT (LENGTH_MEASURE( 1.000000000000000100E-005 ), #5482, 'distance_accuracy_value', 'NONE');
#5480 =( NAMED_UNIT ( * ) SI_UNIT ( $, .STERADIAN. ) SOLID_ANGLE_UNIT ( ) );
#5481 =( NAMED_UNIT ( * ) PLANE_ANGLE_UNIT ( ) SI_UNIT ( $, .RADIAN. ) );
#5482 =( CONVERSION_BASED_UNIT ( 'INCH', #5483 ) LENGTH_UNIT ( ) NAMED_UNIT ( #5484 ) );
#5483 = LENGTH_MEASURE_WITH_UNIT ( LENGTH_MEASURE( 0.02539999999999999900 ), #5485 );
#5484 = DIMENSIONAL_EXPONENTS ( 1.000000000000000000, 0.0000000000000000000, 0.0000000000000000000, 0.0000000000000000000, 0.0000000000000000000, 0.0000000000000000000, 0.0000000000000000000 ) ;
#5485 =( LENGTH_UNIT ( ) NAMED_UNIT ( * ) SI_UNIT ( $, .METRE. ) );
#5486 = MECHANICAL_DESIGN_GEOMETRIC_PRESENTATION_REPRESENTATION (  '', ( #5488 ), #5478 ) ;
#5487 = PRESENTATION_LAYER_ASSIGNMENT (  '', '', ( #5488 ) ) ;
#5488 = STYLED_ITEM ( 'NONE', ( #5489 ), #1637 ) ;
#5489 = PRESENTATION_STYLE_ASSIGNMENT (( #5490 ) ) ;
#5490 = SURFACE_STYLE_USAGE ( .BOTH. , #5491 ) ;
#5491 = SURFACE_SIDE_STYLE ('',( #5492 ) ) ;
#5492 = SURFACE_STYLE_FILL_AREA ( #5493 ) ;
#5493 = FILL_AREA_STYLE ('',( #5500 ) ) ;
#5494 = COLOUR_RGB ( '',0.9882352941176471000, 1.000000000000000000, 0.9882352941176471000 ) ;
#5495 = FACE_OUTER_BOUND ( 'NONE', #1750, .T. ) ;
#5496 = DIRECTION ( 'NONE',  ( 1.000000000000000000, 0.0000000000000000000, 0.0000000000000000000 ) ) ;
#5497 = VECTOR ( 'NONE', #5496, 39.37007874015748100 ) ;
#5498 = CARTESIAN_POINT ( 'NONE',  ( 0.005428549595004794100, 0.2157850625576482900, 0.4876630389244086500 ) ) ;
#5499 = LINE ( 'NONE', #5498, #5497 ) ;
#5500 = FILL_AREA_STYLE_COLOUR ( '', #5494 ) ;
#5501 = DIRECTION ( 'NONE',  ( 0.0000000000000000000, -0.9902680687415712500, 0.1391731009600584700 ) ) ;
#5502 = DIRECTION ( 'NONE',  ( -0.0000000000000000000, 0.1391731009600584700, 0.9902680687415712500 ) ) ;
#5503 = CARTESIAN_POINT ( 'NONE',  ( 0.005428549595004794100, 0.2157850625576482900, 0.4876630389244086500 ) ) ;
#5504 = LINE ( 'NONE', #5550, #5549 ) ;
#5505 = DIRECTION ( 'NONE',  ( -1.000000000000000000, 0.0000000000000000000, 0.0000000000000000000 ) ) ;
#5506 = VECTOR ( 'NONE', #5505, 39.37007874015748100 ) ;
#5507 = CARTESIAN_POINT ( 'NONE',  ( 0.2234800119648318000, 0.07199999999999999500, -0.02293471845659568800 ) ) ;
#5508 = LINE ( 'NONE', #5507, #5506 ) ;
#5509 = DIRECTION ( 'NONE',  ( 0.0000000000000000000, 0.0000000000000000000, 1.000000000000000000 ) ) ;
#5510 = DIRECTION ( 'NONE',  ( -1.000000000000000000, 0.0000000000000000000, 0.0000000000000000000 ) ) ;
#5511 = CARTESIAN_POINT ( 'NONE',  ( 0.1927107811956010600, 0.07199999999999999500, -0.02293471845659568800 ) ) ;
#5512 = AXIS2_PLACEMENT_3D ( 'NONE', #5511, #5510, #5509 ) ;
#5513 = PLANE ( 'NONE',  #5512 ) ;
#5514 =( GEOMETRIC_REPRESENTATION_CONTEXT ( 3 ) GLOBAL_UNCERTAINTY_ASSIGNED_CONTEXT ( ( #5515 ) ) GLOBAL_UNIT_ASSIGNED_CONTEXT ( ( #5518, #5517, #5516 ) ) REPRESENTATION_CONTEXT ( 'NONE', 'WORKASPACE' ) );
#5515 = UNCERTAINTY_MEASURE_WITH_UNIT (LENGTH_MEASURE( 1.000000000000000100E-005 ), #5518, 'distance_accuracy_value', 'NONE');
#5516 =( NAMED_UNIT ( * ) SI_UNIT ( $, .STERADIAN. ) SOLID_ANGLE_UNIT ( ) );
#5517 =( NAMED_UNIT ( * ) PLANE_ANGLE_UNIT ( ) SI_UNIT ( $, .RADIAN. ) );
#5518 =( CONVERSION_BASED_UNIT ( 'INCH', #5519 ) LENGTH_UNIT ( ) NAMED_UNIT ( #5520 ) );
#5519 = LENGTH_MEASURE_WITH_UNIT ( LENGTH_MEASURE( 0.02539999999999999900 ), #5521 );
#5520 = DIMENSIONAL_EXPONENTS ( 1.000000000000000000, 0.0000000000000000000, 0.0000000000000000000, 0.0000000000000000000, 0.0000000000000000000, 0.0000000000000000000, 0.0000000000000000000 ) ;
#5521 =( LENGTH_UNIT ( ) NAMED_UNIT ( * ) SI_UNIT ( $, .METRE. ) );
#5522 = MECHANICAL_DESIGN_GEOMETRIC_PRESENTATION_REPRESENTATION (  '', ( #5108 ), #5514 ) ;
#5523 = PRESENTATION_LAYER_ASSIGNMENT (  '', '', ( #5108 ) ) ;
#5524 = DIRECTION ( 'NONE',  ( 1.000000000000000000, 0.0000000000000000000, 0.0000000000000000000 ) ) ;
#5525 = CARTESIAN_POINT ( 'NONE',  ( 0.2234800119648318000, 0.07199999999999999500, 0.01501399949212226300 ) ) ;
#5526 = AXIS2_PLACEMENT_3D ( 'NONE', #5525, #5524, #5581 ) ;
#5527 = PLANE ( 'NONE',  #5526 ) ;
#5528 =( GEOMETRIC_REPRESENTATION_CONTEXT ( 3 ) GLOBAL_UNCERTAINTY_ASSIGNED_CONTEXT ( ( #5529 ) ) GLOBAL_UNIT_ASSIGNED_CONTEXT ( ( #5532, #5531, #5530 ) ) REPRESENTATION_CONTEXT ( 'NONE', 'WORKASPACE' ) );
#5529 = UNCERTAINTY_MEASURE_WITH_UNIT (LENGTH_MEASURE( 1.000000000000000100E-005 ), #5532, 'distance_accuracy_value', 'NONE');
#5530 =( NAMED_UNIT ( * ) SI_UNIT ( $, .STERADIAN. ) SOLID_ANGLE_UNIT ( ) );
#5531 =( NAMED_UNIT ( * ) PLANE_ANGLE_UNIT ( ) SI_UNIT ( $, .RADIAN. ) );
#5532 =( CONVERSION_BASED_UNIT ( 'INCH', #5533 ) LENGTH_UNIT ( ) NAMED_UNIT ( #5534 ) );
#5533 = LENGTH_MEASURE_WITH_UNIT ( LENGTH_MEASURE( 0.02539999999999999900 ), #5535 );
#5534 = DIMENSIONAL_EXPONENTS ( 1.000000000000000000, 0.0000000000000000000, 0.0000000000000000000, 0.0000000000000000000, 0.0000000000000000000, 0.0000000000000000000, 0.0000000000000000000 ) ;
#5535 =( LENGTH_UNIT ( ) NAMED_UNIT ( * ) SI_UNIT ( $, .METRE. ) );
#5536 = MECHANICAL_DESIGN_GEOMETRIC_PRESENTATION_REPRESENTATION (  '', ( #5538 ), #5528 ) ;
#5537 = PRESENTATION_LAYER_ASSIGNMENT (  '', '', ( #5538 ) ) ;
#5538 = STYLED_ITEM ( 'NONE', ( #5539 ), #1580 ) ;
#5539 = PRESENTATION_STYLE_ASSIGNMENT (( #5540 ) ) ;
#5540 = SURFACE_STYLE_USAGE ( .BOTH. , #5541 ) ;
#5541 = SURFACE_SIDE_STYLE ('',( #5542 ) ) ;
#5542 = SURFACE_STYLE_FILL_AREA ( #5543 ) ;
#5543 = FILL_AREA_STYLE ('',( #5544 ) ) ;
#5544 = FILL_AREA_STYLE_COLOUR ( '', #5545 ) ;
#5545 = COLOUR_RGB ( '',0.9882352941176471000, 1.000000000000000000, 0.9882352941176471000 ) ;
#5546 = FACE_OUTER_BOUND ( 'NONE', #1588, .T. ) ;
#5547 = CARTESIAN_POINT ( 'NONE',  ( 0.1927107811956010600, 0.07199999999999999500, -0.02293471845659568800 ) ) ;
#5548 = DIRECTION ( 'NONE',  ( -0.0000000000000000000, 1.000000000000000000, -0.0000000000000000000 ) ) ;
#5549 = VECTOR ( 'NONE', #5548, 39.37007874015748100 ) ;
#5550 = CARTESIAN_POINT ( 'NONE',  ( 0.1927107811956010600, 0.07199999999999999500, -0.02293471845659568800 ) ) ;
#5551 =( NAMED_UNIT ( * ) PLANE_ANGLE_UNIT ( ) SI_UNIT ( $, .RADIAN. ) );
#5552 =( CONVERSION_BASED_UNIT ( 'INCH', #5553 ) LENGTH_UNIT ( ) NAMED_UNIT ( #5554 ) );
#5553 = LENGTH_MEASURE_WITH_UNIT ( LENGTH_MEASURE( 0.02539999999999999900 ), #5555 );
#5554 = DIMENSIONAL_EXPONENTS ( 1.000000000000000000, 0.0000000000000000000, 0.0000000000000000000, 0.0000000000000000000, 0.0000000000000000000, 0.0000000000000000000, 0.0000000000000000000 ) ;
#5555 =( LENGTH_UNIT ( ) NAMED_UNIT ( * ) SI_UNIT ( $, .METRE. ) );
#5556 = MECHANICAL_DESIGN_GEOMETRIC_PRESENTATION_REPRESENTATION (  '', ( #5558 ), #5609 ) ;
#5557 = PRESENTATION_LAYER_ASSIGNMENT (  '', '', ( #5558 ) ) ;
#5558 = STYLED_ITEM ( 'NONE', ( #5559 ), #1604 ) ;
#5559 = PRESENTATION_STYLE_ASSIGNMENT (( #5560 ) ) ;
#5560 = SURFACE_STYLE_USAGE ( .BOTH. , #5561 ) ;
#5561 = SURFACE_SIDE_STYLE ('',( #5562 ) ) ;
#5562 = SURFACE_STYLE_FILL_AREA ( #5563 ) ;
#5563 = FILL_AREA_STYLE ('',( #5570 ) ) ;
#5564 = COLOUR_RGB ( '',0.9882352941176471000, 1.000000000000000000, 0.9882352941176471000 ) ;
#5565 = FACE_OUTER_BOUND ( 'NONE', #1605, .T. ) ;
#5566 = DIRECTION ( 'NONE',  ( -1.000000000000000000, 0.0000000000000000000, 0.0000000000000000000 ) ) ;
#5567 = VECTOR ( 'NONE', #5566, 39.37007874015748100 ) ;
#5568 = CARTESIAN_POINT ( 'NONE',  ( -0.006937693086198524000, 0.2175061108988160000, 0.4999089341819135100 ) ) ;
#5569 = LINE ( 'NONE', #5568, #5567 ) ;
#5570 = FILL_AREA_STYLE_COLOUR ( '', #5564 ) ;
#5571 = CARTESIAN_POINT ( 'NONE',  ( 0.2234800119648318000, 0.07199999999999999500, 0.01501399949212226300 ) ) ;
#5572 = DIRECTION ( 'NONE',  ( -0.0000000000000000000, 1.000000000000000000, -0.0000000000000000000 ) ) ;
#5573 = VECTOR ( 'NONE', #5572, 39.37007874015748100 ) ;
#5574 = CARTESIAN_POINT ( 'NONE',  ( 0.2234800119648318000, 0.07199999999999999500, 0.01501399949212226300 ) ) ;
#5575 = LINE ( 'NONE', #5574, #5573 ) ;
#5576 = CARTESIAN_POINT ( 'NONE',  ( 0.2234800119648318000, 0.07199999999999999500, -0.02293471845659568800 ) ) ;
#5577 = DIRECTION ( 'NONE',  ( 0.0000000000000000000, 0.0000000000000000000, -1.000000000000000000 ) ) ;
#5578 = VECTOR ( 'NONE', #5577, 39.37007874015748100 ) ;
#5579 = CARTESIAN_POINT ( 'NONE',  ( 0.2234800119648318000, 0.07199999999999999500, 0.01501399949212226300 ) ) ;
#5580 = LINE ( 'NONE', #5579, #5578 ) ;
#5581 = DIRECTION ( 'NONE',  ( 0.0000000000000000000, 0.0000000000000000000, -1.000000000000000000 ) ) ;
#5582 = DIMENSIONAL_EXPONENTS ( 1.000000000000000000, 0.0000000000000000000, 0.0000000000000000000, 0.0000000000000000000, 0.0000000000000000000, 0.0000000000000000000, 0.0000000000000000000 ) ;
#5583 =( LENGTH_UNIT ( ) NAMED_UNIT ( * ) SI_UNIT ( $, .METRE. ) );
#5584 = MECHANICAL_DESIGN_GEOMETRIC_PRESENTATION_REPRESENTATION (  '', ( #5586 ), #5630 ) ;
#5585 = PRESENTATION_LAYER_ASSIGNMENT (  '', '', ( #5586 ) ) ;
#5586 = STYLED_ITEM ( 'NONE', ( #5587 ), #1614 ) ;
#5587 = PRESENTATION_STYLE_ASSIGNMENT (( #5588 ) ) ;
#5588 = SURFACE_STYLE_USAGE ( .BOTH. , #5589 ) ;
#5589 = SURFACE_SIDE_STYLE ('',( #5590 ) ) ;
#5590 = SURFACE_STYLE_FILL_AREA ( #5591 ) ;
#5591 = FILL_AREA_STYLE ('',( #5598 ) ) ;
#5592 = COLOUR_RGB ( '',0.9882352941176471000, 1.000000000000000000, 0.9882352941176471000 ) ;
#5593 = FACE_OUTER_BOUND ( 'NONE', #1615, .T. ) ;
#5594 = DIRECTION ( 'NONE',  ( -0.0000000000000000000, 0.9902680687415712500, -0.1391731009600584700 ) ) ;
#5595 = VECTOR ( 'NONE', #5594, 39.37007874015748100 ) ;
#5596 = CARTESIAN_POINT ( 'NONE',  ( -0.04756963332443797700, 0.2175061108988160000, 0.4999089341819135100 ) ) ;
#5597 = LINE ( 'NONE', #5596, #5595 ) ;
#5598 = FILL_AREA_STYLE_COLOUR ( '', #5592 ) ;
#5599 = CARTESIAN_POINT ( 'NONE',  ( -0.04756963332443797700, 0.2175061108988160000, 0.4999089341819135100 ) ) ;
#5600 = DIRECTION ( 'NONE',  ( -0.7659313974733097400, 0.0000000000000000000, 0.6429223081870643100 ) ) ;
#5601 = VECTOR ( 'NONE', #5600, 39.37007874015748900 ) ;
#5602 = CARTESIAN_POINT ( 'NONE',  ( 0.2645056529904728500, 0.07199999999999999500, -0.1106590774309546800 ) ) ;
#5603 = LINE ( 'NONE', #5602, #5601 ) ;
#5604 = DIRECTION ( 'NONE',  ( 0.0000000000000000000, -0.0000000000000000000, -1.000000000000000000 ) ) ;
#5605 = DIRECTION ( 'NONE',  ( 0.0000000000000000000, -1.000000000000000000, 0.0000000000000000000 ) ) ;
#5606 = CARTESIAN_POINT ( 'NONE',  ( 0.1845056529904728300, 0.07199999999999999500, -0.1121654876873649200 ) ) ;
#5607 = AXIS2_PLACEMENT_3D ( 'NONE', #5606, #5605, #5604 ) ;
#5608 = PLANE ( 'NONE',  #5607 ) ;
#5609 =( GEOMETRIC_REPRESENTATION_CONTEXT ( 3 ) GLOBAL_UNCERTAINTY_ASSIGNED_CONTEXT ( ( #5610 ) ) GLOBAL_UNIT_ASSIGNED_CONTEXT ( ( #5552, #5551, #5611 ) ) REPRESENTATION_CONTEXT ( 'NONE', 'WORKASPACE' ) );
#5610 = UNCERTAINTY_MEASURE_WITH_UNIT (LENGTH_MEASURE( 1.000000000000000100E-005 ), #5552, 'distance_accuracy_value', 'NONE');
#5611 =( NAMED_UNIT ( * ) SI_UNIT ( $, .STERADIAN. ) SOLID_ANGLE_UNIT ( ) );
#5612 = DIRECTION ( 'NONE',  ( -0.0000000000000000000, 1.000000000000000000, -0.0000000000000000000 ) ) ;
#5613 = VECTOR ( 'NONE', #5612, 39.37007874015748100 ) ;
#5614 = CARTESIAN_POINT ( 'NONE',  ( 0.2563005247853446500, 0.07199999999999999500, 0.01501399949212226300 ) ) ;
#5615 = FILL_AREA_STYLE_COLOUR ( '', #5658 ) ;
#5616 = LINE ( 'NONE', #5614, #5613 ) ;
#5617 = DIRECTION ( 'NONE',  ( 0.0000000000000000000, 0.0000000000000000000, -1.000000000000000000 ) ) ;
#5618 = VECTOR ( 'NONE', #5617, 39.37007874015748100 ) ;
#5619 = CARTESIAN_POINT ( 'NONE',  ( 0.2563005247853446500, 0.07199999999999999500, 0.01501399949212226300 ) ) ;
#5620 = LINE ( 'NONE', #5619, #5618 ) ;
#5621 = DIRECTION ( 'NONE',  ( -0.0000000000000000000, 1.000000000000000000, -0.0000000000000000000 ) ) ;
#5622 = VECTOR ( 'NONE', #5621, 39.37007874015748100 ) ;
#5623 = CARTESIAN_POINT ( 'NONE',  ( 0.2563005247853446500, 0.07199999999999999500, -0.02293471845659568800 ) ) ;
#5624 = LINE ( 'NONE', #5623, #5622 ) ;
#5625 = DIRECTION ( 'NONE',  ( 0.0000000000000000000, 0.9902680687415712500, -0.1391731009600584700 ) ) ;
#5626 = DIRECTION ( 'NONE',  ( 0.0000000000000000000, -0.1391731009600584700, -0.9902680687415712500 ) ) ;
#5627 = CARTESIAN_POINT ( 'NONE',  ( -0.006937693086198524000, 0.2175061108988160000, 0.4999089341819135100 ) ) ;
#5628 = AXIS2_PLACEMENT_3D ( 'NONE', #5627, #5626, #5625 ) ;
#5629 = PLANE ( 'NONE',  #5628 ) ;
#5630 =( GEOMETRIC_REPRESENTATION_CONTEXT ( 3 ) GLOBAL_UNCERTAINTY_ASSIGNED_CONTEXT ( ( #5631 ) ) GLOBAL_UNIT_ASSIGNED_CONTEXT ( ( #5634, #5633, #5632 ) ) REPRESENTATION_CONTEXT ( 'NONE', 'WORKASPACE' ) );
#5631 = UNCERTAINTY_MEASURE_WITH_UNIT (LENGTH_MEASURE( 1.000000000000000100E-005 ), #5634, 'distance_accuracy_value', 'NONE');
#5632 =( NAMED_UNIT ( * ) SI_UNIT ( $, .STERADIAN. ) SOLID_ANGLE_UNIT ( ) );
#5633 =( NAMED_UNIT ( * ) PLANE_ANGLE_UNIT ( ) SI_UNIT ( $, .RADIAN. ) );
#5634 =( CONVERSION_BASED_UNIT ( 'INCH', #5635 ) LENGTH_UNIT ( ) NAMED_UNIT ( #5582 ) );
#5635 = LENGTH_MEASURE_WITH_UNIT ( LENGTH_MEASURE( 0.02539999999999999900 ), #5583 );
#5636 = LINE ( 'NONE', #5688, #5687 ) ;
#5637 = DIRECTION ( 'NONE',  ( 0.0000000000000000000, 0.0000000000000000000, -1.000000000000000000 ) ) ;
#5638 = DIRECTION ( 'NONE',  ( 1.000000000000000000, 0.0000000000000000000, 0.0000000000000000000 ) ) ;
#5639 = CARTESIAN_POINT ( 'NONE',  ( 0.2563005247853446500, 0.07199999999999999500, 0.01501399949212226300 ) ) ;
#5640 = AXIS2_PLACEMENT_3D ( 'NONE', #5639, #5638, #5637 ) ;
#5641 = PLANE ( 'NONE',  #5640 ) ;
#5642 =( GEOMETRIC_REPRESENTATION_CONTEXT ( 3 ) GLOBAL_UNCERTAINTY_ASSIGNED_CONTEXT ( ( #5643 ) ) GLOBAL_UNIT_ASSIGNED_CONTEXT ( ( #5646, #5645, #5644 ) ) REPRESENTATION_CONTEXT ( 'NONE', 'WORKASPACE' ) );
#5643 = UNCERTAINTY_MEASURE_WITH_UNIT (LENGTH_MEASURE( 1.000000000000000100E-005 ), #5646, 'distance_accuracy_value', 'NONE');
#5644 =( NAMED_UNIT ( * ) SI_UNIT ( $, .STERADIAN. ) SOLID_ANGLE_UNIT ( ) );
#5645 =( NAMED_UNIT ( * ) PLANE_ANGLE_UNIT ( ) SI_UNIT ( $, .RADIAN. ) );
#5646 =( CONVERSION_BASED_UNIT ( 'INCH', #5647 ) LENGTH_UNIT ( ) NAMED_UNIT ( #5648 ) );
#5647 = LENGTH_MEASURE_WITH_UNIT ( LENGTH_MEASURE( 0.02539999999999999900 ), #5649 );
#5648 = DIMENSIONAL_EXPONENTS ( 1.000000000000000000, 0.0000000000000000000, 0.0000000000000000000, 0.0000000000000000000, 0.0000000000000000000, 0.0000000000000000000, 0.0000000000000000000 ) ;
#5649 =( LENGTH_UNIT ( ) NAMED_UNIT ( * ) SI_UNIT ( $, .METRE. ) );
#5650 = MECHANICAL_DESIGN_GEOMETRIC_PRESENTATION_REPRESENTATION (  '', ( #5652 ), #5642 ) ;
#5651 = PRESENTATION_LAYER_ASSIGNMENT (  '', '', ( #5652 ) ) ;
#5652 = STYLED_ITEM ( 'NONE', ( #5653 ), #1627 ) ;
#5653 = PRESENTATION_STYLE_ASSIGNMENT (( #5654 ) ) ;
#5654 = SURFACE_STYLE_USAGE ( .BOTH. , #5655 ) ;
#5655 = SURFACE_SIDE_STYLE ('',( #5656 ) ) ;
#5656 = SURFACE_STYLE_FILL_AREA ( #5657 ) ;
#5657 = FILL_AREA_STYLE ('',( #5615 ) ) ;
#5658 = COLOUR_RGB ( '',0.9882352941176471000, 1.000000000000000000, 0.9882352941176471000 ) ;
#5659 = FACE_OUTER_BOUND ( 'NONE', #1625, .T. ) ;
#5660 = AXIS2_PLACEMENT_3D ( 'NONE', #5503, #5502, #5501 ) ;
#5661 = PLANE ( 'NONE',  #5660 ) ;
#5662 =( GEOMETRIC_REPRESENTATION_CONTEXT ( 3 ) GLOBAL_UNCERTAINTY_ASSIGNED_CONTEXT ( ( #5663 ) ) GLOBAL_UNIT_ASSIGNED_CONTEXT ( ( #5666, #5665, #5664 ) ) REPRESENTATION_CONTEXT ( 'NONE', 'WORKASPACE' ) );
#5663 = UNCERTAINTY_MEASURE_WITH_UNIT (LENGTH_MEASURE( 1.000000000000000100E-005 ), #5666, 'distance_accuracy_value', 'NONE');
#5664 =( NAMED_UNIT ( * ) SI_UNIT ( $, .STERADIAN. ) SOLID_ANGLE_UNIT ( ) );
#5665 =( NAMED_UNIT ( * ) PLANE_ANGLE_UNIT ( ) SI_UNIT ( $, .RADIAN. ) );
#5666 =( CONVERSION_BASED_UNIT ( 'INCH', #5667 ) LENGTH_UNIT ( ) NAMED_UNIT ( #5668 ) );
#5667 = LENGTH_MEASURE_WITH_UNIT ( LENGTH_MEASURE( 0.02539999999999999900 ), #5669 );
#5668 = DIMENSIONAL_EXPONENTS ( 1.000000000000000000, 0.0000000000000000000, 0.0000000000000000000, 0.0000000000000000000, 0.0000000000000000000, 0.0000000000000000000, 0.0000000000000000000 ) ;
#5669 =( LENGTH_UNIT ( ) NAMED_UNIT ( * ) SI_UNIT ( $, .METRE. ) );
#5670 = MECHANICAL_DESIGN_GEOMETRIC_PRESENTATION_REPRESENTATION (  '', ( #5672 ), #5662 ) ;
#5671 = PRESENTATION_LAYER_ASSIGNMENT (  '', '', ( #5672 ) ) ;
#5672 = STYLED_ITEM ( 'NONE', ( #5673 ), #1634 ) ;
#5673 = PRESENTATION_STYLE_ASSIGNMENT (( #5674 ) ) ;
#5674 = SURFACE_STYLE_USAGE ( .BOTH. , #5675 ) ;
#5675 = SURFACE_SIDE_STYLE ('',( #5676 ) ) ;
#5676 = SURFACE_STYLE_FILL_AREA ( #5677 ) ;
#5677 = FILL_AREA_STYLE ('',( #5684 ) ) ;
#5678 = COLOUR_RGB ( '',0.9882352941176471000, 1.000000000000000000, 0.9882352941176471000 ) ;
#5679 = FACE_OUTER_BOUND ( 'NONE', #1701, .T. ) ;
#5680 = DIRECTION ( 'NONE',  ( -0.0000000000000000000, 0.9902680687415712500, -0.1391731009600584700 ) ) ;
#5681 = VECTOR ( 'NONE', #5680, 39.37007874015748100 ) ;
#5682 = CARTESIAN_POINT ( 'NONE',  ( 0.005428549595004794100, 0.2157850625576482900, 0.4876630389244086500 ) ) ;
#5683 = LINE ( 'NONE', #5682, #5681 ) ;
#5684 = FILL_AREA_STYLE_COLOUR ( '', #5678 ) ;
#5685 = CARTESIAN_POINT ( 'NONE',  ( 0.005428549595004794100, 0.2157850625576482900, 0.4876630389244086500 ) ) ;
#5686 = DIRECTION ( 'NONE',  ( -1.000000000000000000, 0.0000000000000000000, 0.0000000000000000000 ) ) ;
#5687 = VECTOR ( 'NONE', #5686, 39.37007874015748100 ) ;
#5688 = CARTESIAN_POINT ( 'NONE',  ( 0.04606048983324425400, 0.2175061108988160000, 0.4999089341819135100 ) ) ;
#5689 = CARTESIAN_POINT ( 'NONE',  ( -0.2462500000000038300, 0.1400000000000000100, -0.4265175113638338100 ) ) ;
#5690 = CARTESIAN_POINT ( 'NONE',  ( 0.0000000000000000000, 0.05499999999999999300, -0.1250000000000000000 ) ) ;
#5691 = CARTESIAN_POINT ( 'NONE',  ( 0.0000000000000000000, 0.05399999999999999200, 0.0000000000000000000 ) ) ;
#5692 = CYLINDRICAL_SURFACE ( 'NONE', #5848, 0.3125000000000000000 ) ;
#5693 = FACE_OUTER_BOUND ( 'NONE', #798, .T. ) ;
#5694 = CARTESIAN_POINT ( 'NONE',  ( 1.530757942277971300E-017, 0.0000000000000000000, 0.1250000000000000000 ) ) ;
#5695 = DIRECTION ( 'NONE',  ( 0.0000000000000000000, 0.0000000000000000000, 1.000000000000000000 ) ) ;
#5696 = DIRECTION ( 'NONE',  ( -0.0000000000000000000, -1.000000000000000000, -0.0000000000000000000 ) ) ;
#5697 = CARTESIAN_POINT ( 'NONE',  ( 0.0000000000000000000, 0.1349999999999999500, 0.0000000000000000000 ) ) ;
#5698 = DIRECTION ( 'NONE',  ( 0.0000000000000000000, 0.0000000000000000000, 1.000000000000000000 ) ) ;
#5699 = DIRECTION ( 'NONE',  ( -0.0000000000000000000, -1.000000000000000000, -0.0000000000000000000 ) ) ;
#5700 = AXIS2_PLACEMENT_3D ( 'NONE', #5701, #5699, #3669 ) ;
#5701 = CARTESIAN_POINT ( 'NONE',  ( -0.1499999999999998600, 0.1950000000000000100, 0.5514637340750523400 ) ) ;
#5702 = CYLINDRICAL_SURFACE ( 'NONE', #5700, 0.02500000000000000500 ) ;
#5703 = FACE_OUTER_BOUND ( 'NONE', #1094, .T. ) ;
#5704 = DIRECTION ( 'NONE',  ( 1.000000000000000000, 0.0000000000000000000, 0.0000000000000000000 ) ) ;
#5705 = VECTOR ( 'NONE', #5704, 39.37007874015748100 ) ;
#5706 = CARTESIAN_POINT ( 'NONE',  ( 0.1000000000000001600, 0.1950000000000000100, 0.6280000000000000000 ) ) ;
#5707 = LINE ( 'NONE', #5706, #5705 ) ;
#5708 = CARTESIAN_POINT ( 'NONE',  ( -0.06499999999999998800, 0.1950000000000000100, 0.6500000000000000200 ) ) ;
#5709 = DIRECTION ( 'NONE',  ( -2.716326130063890200E-015, -0.0000000000000000000, 1.000000000000000000 ) ) ;
#5710 = VECTOR ( 'NONE', #5709, 39.37007874015748100 ) ;
#5711 =( LENGTH_UNIT ( ) NAMED_UNIT ( * ) SI_UNIT ( $, .METRE. ) );
#5712 = MECHANICAL_DESIGN_GEOMETRIC_PRESENTATION_REPRESENTATION (  '', ( #5714 ), #5828 ) ;
#5713 = PRESENTATION_LAYER_ASSIGNMENT (  '', '', ( #5714 ) ) ;
#5714 = STYLED_ITEM ( 'NONE', ( #5715 ), #794 ) ;
#5715 = PRESENTATION_STYLE_ASSIGNMENT (( #5716 ) ) ;
#5716 = SURFACE_STYLE_USAGE ( .BOTH. , #5717 ) ;
#5717 = SURFACE_SIDE_STYLE ('',( #5718 ) ) ;
#5718 = SURFACE_STYLE_FILL_AREA ( #5719 ) ;
#5719 = FILL_AREA_STYLE ('',( #5720 ) ) ;
#5720 = FILL_AREA_STYLE_COLOUR ( '', #5721 ) ;
#5721 = COLOUR_RGB ( '',0.6274509803921568500, 0.6588235294117647000, 0.6784313725490196400 ) ;
#5722 = CARTESIAN_POINT ( 'NONE',  ( 0.0000000000000000000, 0.05499999999999999300, 0.1560000000000000000 ) ) ;
#5723 = DIRECTION ( 'NONE',  ( 0.0000000000000000000, 0.0000000000000000000, 1.000000000000000000 ) ) ;
#5724 = CARTESIAN_POINT ( 'NONE',  ( -0.07800000000000000000, 0.1950000000000000100, 0.5273402111496344700 ) ) ;
#5725 = LINE ( 'NONE', #5724, #5755 ) ;
#5726 = DIRECTION ( 'NONE',  ( -0.0000000000000000000, -1.000000000000000000, -0.0000000000000000000 ) ) ;
#5727 = VECTOR ( 'NONE', #5726, 39.37007874015748100 ) ;
#5728 = CARTESIAN_POINT ( 'NONE',  ( 0.1434383202099739100, 0.1950000000000000100, 0.5273402111496344700 ) ) ;
#5729 = LINE ( 'NONE', #5728, #5727 ) ;
#5730 = CARTESIAN_POINT ( 'NONE',  ( -0.06500000000000000200, 0.0000000000000000000, 0.6500000000000000200 ) ) ;
#5731 = CARTESIAN_POINT ( 'NONE',  ( 0.1250000000000001400, 0.0000000000000000000, 0.6474999999999998500 ) ) ;
#5732 = CARTESIAN_POINT ( 'NONE',  ( 0.1434383202099739100, 0.0000000000000000000, 0.5273402111496344700 ) ) ;
#5733 = DIRECTION ( 'NONE',  ( 0.0000000000000000000, 0.0000000000000000000, 1.000000000000000000 ) ) ;
#5734 = DIRECTION ( 'NONE',  ( 0.0000000000000000000, 1.000000000000000000, 0.0000000000000000000 ) ) ;
#5735 = CARTESIAN_POINT ( 'NONE',  ( 0.0000000000000000000, 0.0000000000000000000, 0.0000000000000000000 ) ) ;
#5736 = AXIS2_PLACEMENT_3D ( 'NONE', #5735, #5734, #5733 ) ;
#5737 = CIRCLE ( 'NONE', #5736, 0.5464999999999999900 ) ;
#5738 = DIRECTION ( 'NONE',  ( 0.0000000000000000000, 0.0000000000000000000, 1.000000000000000000 ) ) ;
#5739 = DIRECTION ( 'NONE',  ( 0.0000000000000000000, 1.000000000000000000, 0.0000000000000000000 ) ) ;
#5740 = AXIS2_PLACEMENT_3D ( 'NONE', #5879, #5739, #5738 ) ;
#5741 = CIRCLE ( 'NONE', #5740, 0.05100000000000001800 ) ;
#5742 = LINE ( 'NONE', #5748, #5710 ) ;
#5743 = DIRECTION ( 'NONE',  ( 0.0000000000000000000, 0.0000000000000000000, 1.000000000000000000 ) ) ;
#5744 = DIRECTION ( 'NONE',  ( 0.0000000000000000000, 1.000000000000000000, 0.0000000000000000000 ) ) ;
#5745 = CARTESIAN_POINT ( 'NONE',  ( 0.0000000000000000000, 0.1950000000000000100, 0.0000000000000000000 ) ) ;
#5746 = AXIS2_PLACEMENT_3D ( 'NONE', #5745, #5744, #5743 ) ;
#5747 = CIRCLE ( 'NONE', #5746, 0.4924999999999999900 ) ;
#5748 = CARTESIAN_POINT ( 'NONE',  ( -0.06500000000000000200, 0.1950000000000000100, 0.6500000000000000200 ) ) ;
#5749 = CARTESIAN_POINT ( 'NONE',  ( 0.2462499999999971900, 0.1950000000000000100, -0.4265175113638376400 ) ) ;
#5750 = DIRECTION ( 'NONE',  ( 0.4999999999999943400, 0.0000000000000000000, -0.8660254037844418200 ) ) ;
#5751 = VECTOR ( 'NONE', #5750, 39.37007874015748100 ) ;
#5752 = CARTESIAN_POINT ( 'NONE',  ( 0.0000000000000000000, 0.1950000000000000100, 0.0000000000000000000 ) ) ;
#5753 = LINE ( 'NONE', #5752, #5751 ) ;
#5754 = DIRECTION ( 'NONE',  ( -0.0000000000000000000, -0.0000000000000000000, 1.000000000000000000 ) ) ;
#5755 = VECTOR ( 'NONE', #5754, 39.37007874015748100 ) ;
#5756 = DIRECTION ( 'NONE',  ( -0.0000000000000000000, 1.000000000000000000, -0.0000000000000000000 ) ) ;
#5757 = AXIS2_PLACEMENT_3D ( 'NONE', #5798, #5756, #5698 ) ;
#5758 = AXIS2_PLACEMENT_3D ( 'NONE', #5817, #5816, #5815 ) ;
#5759 = CYLINDRICAL_SURFACE ( 'NONE', #5757, 0.4924999999999999900 ) ;
#5760 = FACE_OUTER_BOUND ( 'NONE', #732, .T. ) ;
#5761 = LINE ( 'NONE', #5802, #5801 ) ;
#5762 = DIRECTION ( 'NONE',  ( 0.0000000000000000000, 0.0000000000000000000, 1.000000000000000000 ) ) ;
#5763 = DIRECTION ( 'NONE',  ( 0.0000000000000000000, 1.000000000000000000, 0.0000000000000000000 ) ) ;
#5764 = CARTESIAN_POINT ( 'NONE',  ( 0.0000000000000000000, 0.05499999999999999300, 0.0000000000000000000 ) ) ;
#5765 = AXIS2_PLACEMENT_3D ( 'NONE', #5764, #5763, #5762 ) ;
#5766 = CIRCLE ( 'NONE', #5765, 0.4124999999999992000 ) ;
#5767 = CIRCLE ( 'NONE', #5844, 0.4924999999999999900 ) ;
#5768 =( NAMED_UNIT ( * ) SI_UNIT ( $, .STERADIAN. ) SOLID_ANGLE_UNIT ( ) );
#5769 =( NAMED_UNIT ( * ) PLANE_ANGLE_UNIT ( ) SI_UNIT ( $, .RADIAN. ) );
#5770 =( CONVERSION_BASED_UNIT ( 'INCH', #5771 ) LENGTH_UNIT ( ) NAMED_UNIT ( #5772 ) );
#5771 = LENGTH_MEASURE_WITH_UNIT ( LENGTH_MEASURE( 0.02539999999999999900 ), #5711 );
#5772 = DIMENSIONAL_EXPONENTS ( 1.000000000000000000, 0.0000000000000000000, 0.0000000000000000000, 0.0000000000000000000, 0.0000000000000000000, 0.0000000000000000000, 0.0000000000000000000 ) ;
#5773 = CARTESIAN_POINT ( 'NONE',  ( 0.0000000000000000000, 0.05499999999999999300, 0.0000000000000000000 ) ) ;
#5774 = CIRCLE ( 'NONE', #5837, 0.3125000000000000000 ) ;
#5775 = DIRECTION ( 'NONE',  ( 0.0000000000000000000, 0.0000000000000000000, 1.000000000000000000 ) ) ;
#5776 = DIRECTION ( 'NONE',  ( 0.0000000000000000000, 1.000000000000000000, 0.0000000000000000000 ) ) ;
#5777 = CARTESIAN_POINT ( 'NONE',  ( 0.0000000000000000000, 0.07499999999999999700, 0.0000000000000000000 ) ) ;
#5778 = AXIS2_PLACEMENT_3D ( 'NONE', #5777, #5776, #5775 ) ;
#5779 = AXIS2_PLACEMENT_3D ( 'NONE', #5697, #5696, #5695 ) ;
#5780 = CIRCLE ( 'NONE', #5779, 0.4924999999999999900 ) ;
#5781 = DIRECTION ( 'NONE',  ( -0.0000000000000000000, 1.000000000000000000, -0.0000000000000000000 ) ) ;
#5782 = VECTOR ( 'NONE', #5781, 39.37007874015748100 ) ;
#5783 = CARTESIAN_POINT ( 'NONE',  ( -0.1875000000000015500, -0.1000000000000000100, -0.2937595264191637500 ) ) ;
#5784 = LINE ( 'NONE', #5783, #5782 ) ;
#5785 = CARTESIAN_POINT ( 'NONE',  ( 6.031186292575208600E-017, 0.1400000000000000100, -0.4924999999999999900 ) ) ;
#5786 = CARTESIAN_POINT ( 'NONE',  ( 0.09999999999999997800, 0.1950000000000000100, 0.6724999999999999900 ) ) ;
#5787 = DIRECTION ( 'NONE',  ( 0.0000000000000000000, 0.0000000000000000000, 1.000000000000000000 ) ) ;
#5788 = DIRECTION ( 'NONE',  ( 0.0000000000000000000, 1.000000000000000000, 0.0000000000000000000 ) ) ;
#5789 = CARTESIAN_POINT ( 'NONE',  ( 0.1000000000000001600, 0.1950000000000000100, 0.6474999999999999600 ) ) ;
#5790 = AXIS2_PLACEMENT_3D ( 'NONE', #5789, #5788, #5787 ) ;
#5791 = CIRCLE ( 'NONE', #5790, 0.02500000000000000500 ) ;
#5792 = CARTESIAN_POINT ( 'NONE',  ( -0.1875000000000015500, -0.06900000000000000600, -0.3557595264191637500 ) ) ;
#5793 = DIRECTION ( 'NONE',  ( 0.0000000000000000000, 0.0000000000000000000, 1.000000000000000000 ) ) ;
#5794 = DIRECTION ( 'NONE',  ( -0.0000000000000000000, 1.000000000000000000, -0.0000000000000000000 ) ) ;
#5795 = CARTESIAN_POINT ( 'NONE',  ( -0.1875000000000015500, -0.06900000000000000600, -0.3247595264191637200 ) ) ;
#5796 = AXIS2_PLACEMENT_3D ( 'NONE', #5795, #5794, #5793 ) ;
#5797 = CIRCLE ( 'NONE', #5796, 0.03099999999999998900 ) ;
#5798 = CARTESIAN_POINT ( 'NONE',  ( 0.0000000000000000000, 0.05499999999999999300, 0.0000000000000000000 ) ) ;
#5799 = CARTESIAN_POINT ( 'NONE',  ( -0.2462500000000038300, 0.1950000000000000100, -0.4265175113638338100 ) ) ;
#5800 = DIRECTION ( 'NONE',  ( -0.0000000000000000000, 1.000000000000000000, -0.0000000000000000000 ) ) ;
#5801 = VECTOR ( 'NONE', #5800, 39.37007874015748100 ) ;
#5802 = CARTESIAN_POINT ( 'NONE',  ( -0.2462500000000037700, 0.05499999999999999300, -0.4265175113638338100 ) ) ;
#5803 = DIRECTION ( 'NONE',  ( 0.0000000000000000000, 1.000000000000000000, 0.0000000000000000000 ) ) ;
#5804 = CARTESIAN_POINT ( 'NONE',  ( 0.0000000000000000000, 0.05499999999999999300, 0.0000000000000000000 ) ) ;
#5805 = AXIS2_PLACEMENT_3D ( 'NONE', #5804, #5803, #5723 ) ;
#5806 = CIRCLE ( 'NONE', #5805, 0.1560000000000000000 ) ;
#5807 = DIRECTION ( 'NONE',  ( 0.0000000000000000000, 0.0000000000000000000, 1.000000000000000000 ) ) ;
#5808 = DIRECTION ( 'NONE',  ( 0.0000000000000000000, 1.000000000000000000, 0.0000000000000000000 ) ) ;
#5809 = CARTESIAN_POINT ( 'NONE',  ( 0.0000000000000000000, 0.05399999999999999200, 0.0000000000000000000 ) ) ;
#5810 = AXIS2_PLACEMENT_3D ( 'NONE', #5809, #5808, #5807 ) ;
#5811 = DIRECTION ( 'NONE',  ( -0.0000000000000000000, 1.000000000000000000, -0.0000000000000000000 ) ) ;
#5812 = VECTOR ( 'NONE', #5811, 39.37007874015748100 ) ;
#5813 = CARTESIAN_POINT ( 'NONE',  ( 6.031186292575208600E-017, 0.05499999999999999300, -0.4924999999999999900 ) ) ;
#5814 = LINE ( 'NONE', #5813, #5812 ) ;
#5815 = DIRECTION ( 'NONE',  ( 0.0000000000000000000, 0.0000000000000000000, -1.000000000000000000 ) ) ;
#5816 = DIRECTION ( 'NONE',  ( 0.0000000000000000000, -1.000000000000000000, 0.0000000000000000000 ) ) ;
#5817 = CARTESIAN_POINT ( 'NONE',  ( 0.0000000000000000000, 0.05999999999999999800, 0.0000000000000000000 ) ) ;
#5818 = DIRECTION ( 'NONE',  ( 0.0000000000000000000, 1.000000000000000000, 0.0000000000000000000 ) ) ;
#5819 = VECTOR ( 'NONE', #5818, 39.37007874015748100 ) ;
#5820 = CARTESIAN_POINT ( 'NONE',  ( 0.0000000000000000000, 0.05399999999999999200, 0.1560000000000000000 ) ) ;
#5821 = LINE ( 'NONE', #5820, #5819 ) ;
#5822 = CARTESIAN_POINT ( 'NONE',  ( 0.0000000000000000000, 0.05499999999999999300, 0.3125000000000000000 ) ) ;
#5823 = DIRECTION ( 'NONE',  ( 0.0000000000000000000, 1.000000000000000000, 0.0000000000000000000 ) ) ;
#5824 = VECTOR ( 'NONE', #5823, 39.37007874015748100 ) ;
#5825 = CARTESIAN_POINT ( 'NONE',  ( 0.09350000000000004100, 0.05399999999999999200, -0.1248749374374217200 ) ) ;
#5826 = LINE ( 'NONE', #5825, #5824 ) ;
#5827 = CARTESIAN_POINT ( 'NONE',  ( 0.09350000000000004100, 0.05499999999999999300, -0.1248749374374217200 ) ) ;
#5828 =( GEOMETRIC_REPRESENTATION_CONTEXT ( 3 ) GLOBAL_UNCERTAINTY_ASSIGNED_CONTEXT ( ( #5829 ) ) GLOBAL_UNIT_ASSIGNED_CONTEXT ( ( #5770, #5769, #5768 ) ) REPRESENTATION_CONTEXT ( 'NONE', 'WORKASPACE' ) );
#5829 = UNCERTAINTY_MEASURE_WITH_UNIT (LENGTH_MEASURE( 1.000000000000000100E-005 ), #5770, 'distance_accuracy_value', 'NONE');
#5830 = LINE ( 'NONE', #5905, #5904 ) ;
#5831 = CYLINDRICAL_SURFACE ( 'NONE', #5810, 0.1560000000000000000 ) ;
#5832 = FACE_OUTER_BOUND ( 'NONE', #791, .T. ) ;
#5833 = CARTESIAN_POINT ( 'NONE',  ( 0.09350000000000004100, 0.07499999999999999700, -0.1248749374374217200 ) ) ;
#5834 = CARTESIAN_POINT ( 'NONE',  ( 3.826894855694929500E-017, 0.05499999999999999300, -0.3125000000000000000 ) ) ;
#5835 = DIRECTION ( 'NONE',  ( 0.0000000000000000000, 0.0000000000000000000, 1.000000000000000000 ) ) ;
#5836 = DIRECTION ( 'NONE',  ( 0.0000000000000000000, 1.000000000000000000, 0.0000000000000000000 ) ) ;
#5837 = AXIS2_PLACEMENT_3D ( 'NONE', #5773, #5836, #5835 ) ;
#5838 = CYLINDRICAL_SURFACE ( 'NONE', #5758, 0.1250000000000000000 ) ;
#5839 = FACE_OUTER_BOUND ( 'NONE', #779, .T. ) ;
#5840 = CARTESIAN_POINT ( 'NONE',  ( -0.07800000000000000000, 0.1950000000000000100, 0.4862841247665813400 ) ) ;
#5841 = DIRECTION ( 'NONE',  ( 0.0000000000000000000, 0.0000000000000000000, 1.000000000000000000 ) ) ;
#5842 = DIRECTION ( 'NONE',  ( 0.0000000000000000000, 1.000000000000000000, 0.0000000000000000000 ) ) ;
#5843 = CARTESIAN_POINT ( 'NONE',  ( 0.0000000000000000000, 0.1950000000000000100, 0.0000000000000000000 ) ) ;
#5844 = AXIS2_PLACEMENT_3D ( 'NONE', #5843, #5842, #5841 ) ;
#5845 = CIRCLE ( 'NONE', #5778, 0.1560000000000000000 ) ;
#5846 = DIRECTION ( 'NONE',  ( 0.0000000000000000000, 0.0000000000000000000, 1.000000000000000000 ) ) ;
#5847 = DIRECTION ( 'NONE',  ( 0.0000000000000000000, 1.000000000000000000, 0.0000000000000000000 ) ) ;
#5848 = AXIS2_PLACEMENT_3D ( 'NONE', #5691, #5847, #5846 ) ;
#5849 = CARTESIAN_POINT ( 'NONE',  ( 0.0000000000000000000, 0.07499999999999999700, 0.1560000000000000000 ) ) ;
#5850 = DIRECTION ( 'NONE',  ( 0.0000000000000000000, 0.0000000000000000000, 1.000000000000000000 ) ) ;
#5851 = DIRECTION ( 'NONE',  ( 0.0000000000000000000, 1.000000000000000000, 0.0000000000000000000 ) ) ;
#5852 = CARTESIAN_POINT ( 'NONE',  ( -0.1875000000000015500, 0.0000000000000000000, 0.3247595264191635000 ) ) ;
#5853 = AXIS2_PLACEMENT_3D ( 'NONE', #5852, #5851, #5850 ) ;
#5854 = CIRCLE ( 'NONE', #5853, 0.05099999999999994800 ) ;
#5855 = DIRECTION ( 'NONE',  ( 0.0000000000000000000, 0.0000000000000000000, -1.000000000000000000 ) ) ;
#5856 = VECTOR ( 'NONE', #5855, 39.37007874015748100 ) ;
#5857 = CARTESIAN_POINT ( 'NONE',  ( 0.1250000000000001400, 0.0000000000000000000, 0.6474999999999998500 ) ) ;
#5858 = LINE ( 'NONE', #5857, #5856 ) ;
#5859 = CARTESIAN_POINT ( 'NONE',  ( -0.1249999999999998600, 0.0000000000000000000, 0.6474999999999998500 ) ) ;
#5860 = CARTESIAN_POINT ( 'NONE',  ( 0.1250000000000001400, 0.0000000000000000000, 0.5514637340750523400 ) ) ;
#5861 = DIRECTION ( 'NONE',  ( 0.0000000000000000000, 0.0000000000000000000, 1.000000000000000000 ) ) ;
#5862 = DIRECTION ( 'NONE',  ( 0.0000000000000000000, 1.000000000000000000, 0.0000000000000000000 ) ) ;
#5863 = CARTESIAN_POINT ( 'NONE',  ( 0.1500000000000001600, 0.0000000000000000000, 0.5514637340750523400 ) ) ;
#5864 = AXIS2_PLACEMENT_3D ( 'NONE', #5863, #5862, #5861 ) ;
#5865 = CIRCLE ( 'NONE', #5864, 0.02500000000000000500 ) ;
#5866 = DIRECTION ( 'NONE',  ( 2.956864247876996600E-016, -0.0000000000000000000, 1.000000000000000000 ) ) ;
#5867 = VECTOR ( 'NONE', #5866, 39.37007874015748100 ) ;
#5868 = CARTESIAN_POINT ( 'NONE',  ( -0.1249999999999998500, 0.0000000000000000000, 0.6474999999999998500 ) ) ;
#5869 = LINE ( 'NONE', #5868, #5867 ) ;
#5870 = DIRECTION ( 'NONE',  ( 0.0000000000000000000, 0.0000000000000000000, 1.000000000000000000 ) ) ;
#5871 = DIRECTION ( 'NONE',  ( 0.0000000000000000000, 1.000000000000000000, 0.0000000000000000000 ) ) ;
#5872 = CARTESIAN_POINT ( 'NONE',  ( 0.3750000000000000600, 0.0000000000000000000, 0.0000000000000000000 ) ) ;
#5873 = AXIS2_PLACEMENT_3D ( 'NONE', #5872, #5871, #5870 ) ;
#5874 = CIRCLE ( 'NONE', #5873, 0.05100000000000002400 ) ;
#5875 = DIRECTION ( 'NONE',  ( 1.000000000000000000, -0.0000000000000000000, -0.0000000000000000000 ) ) ;
#5876 = VECTOR ( 'NONE', #5875, 39.37007874015748100 ) ;
#5877 = CARTESIAN_POINT ( 'NONE',  ( 0.06500000000000009900, 0.0000000000000000000, 0.5779999999999999600 ) ) ;
#5878 = LINE ( 'NONE', #5877, #5876 ) ;
#5879 = CARTESIAN_POINT ( 'NONE',  ( -0.1875000000000015500, 0.0000000000000000000, -0.3247595264191637200 ) ) ;
#5880 = CARTESIAN_POINT ( 'NONE',  ( -0.1249999999999998800, 0.0000000000000000000, 0.5514637340750523400 ) ) ;
#5881 = DIRECTION ( 'NONE',  ( 0.0000000000000000000, 0.0000000000000000000, 1.000000000000000000 ) ) ;
#5882 = DIRECTION ( 'NONE',  ( 0.0000000000000000000, 1.000000000000000000, 0.0000000000000000000 ) ) ;
#5883 = CARTESIAN_POINT ( 'NONE',  ( 0.1000000000000001600, 0.0000000000000000000, 0.6474999999999999600 ) ) ;
#5884 = AXIS2_PLACEMENT_3D ( 'NONE', #5883, #5882, #5881 ) ;
#5885 = CIRCLE ( 'NONE', #5884, 0.02500000000000000500 ) ;
#5886 = CARTESIAN_POINT ( 'NONE',  ( 0.09999999999999997800, 0.0000000000000000000, 0.6724999999999999900 ) ) ;
#5887 = CARTESIAN_POINT ( 'NONE',  ( -0.09999999999999967200, 0.0000000000000000000, 0.6724999999999999900 ) ) ;
#5888 = DIRECTION ( 'NONE',  ( 1.000000000000000000, 0.0000000000000000000, 0.0000000000000000000 ) ) ;
#5889 = VECTOR ( 'NONE', #5888, 39.37007874015748100 ) ;
#5890 = CARTESIAN_POINT ( 'NONE',  ( -0.09999999999999967200, 0.0000000000000000000, 0.6724999999999999900 ) ) ;
#5891 = LINE ( 'NONE', #5890, #5889 ) ;
#5892 = DIRECTION ( 'NONE',  ( 0.0000000000000000000, 0.0000000000000000000, 1.000000000000000000 ) ) ;
#5893 = DIRECTION ( 'NONE',  ( 0.0000000000000000000, 1.000000000000000000, 0.0000000000000000000 ) ) ;
#5894 = CARTESIAN_POINT ( 'NONE',  ( -0.1499999999999998600, 0.0000000000000000000, 0.5514637340750523400 ) ) ;
#5895 = AXIS2_PLACEMENT_3D ( 'NONE', #5894, #5893, #5892 ) ;
#5896 = CIRCLE ( 'NONE', #5895, 0.02500000000000000500 ) ;
#5897 = DIRECTION ( 'NONE',  ( 0.0000000000000000000, 0.0000000000000000000, -1.000000000000000000 ) ) ;
#5898 = DIRECTION ( 'NONE',  ( -0.0000000000000000000, 1.000000000000000000, -0.0000000000000000000 ) ) ;
#5899 = CARTESIAN_POINT ( 'NONE',  ( -0.09999999999999985300, 0.0000000000000000000, 0.6474999999999999600 ) ) ;
#5900 = AXIS2_PLACEMENT_3D ( 'NONE', #5899, #5898, #5897 ) ;
#5901 = CIRCLE ( 'NONE', #5900, 0.02500000000000000500 ) ;
#5902 = CARTESIAN_POINT ( 'NONE',  ( 6.031186292575208600E-017, 0.1349999999999999500, -0.4924999999999999900 ) ) ;
#5903 = DIRECTION ( 'NONE',  ( 8.659274570719398600E-017, 0.7071067811865438000, -0.7071067811865511300 ) ) ;
#5904 = VECTOR ( 'NONE', #5903, 39.37007874015748900 ) ;
#5905 = CARTESIAN_POINT ( 'NONE',  ( 5.051501209517296200E-017, 0.05499999999999999300, -0.4124999999999992000 ) ) ;
#5906 = PLANE ( 'NONE',  #6116 ) ;
#5907 =( GEOMETRIC_REPRESENTATION_CONTEXT ( 3 ) GLOBAL_UNCERTAINTY_ASSIGNED_CONTEXT ( ( #5908 ) ) GLOBAL_UNIT_ASSIGNED_CONTEXT ( ( #5926, #5925, #5909 ) ) REPRESENTATION_CONTEXT ( 'NONE', 'WORKASPACE' ) );
#5908 = UNCERTAINTY_MEASURE_WITH_UNIT (LENGTH_MEASURE( 1.000000000000000100E-005 ), #5926, 'distance_accuracy_value', 'NONE');
#5909 =( NAMED_UNIT ( * ) SI_UNIT ( $, .STERADIAN. ) SOLID_ANGLE_UNIT ( ) );
#5910 = AXIS2_PLACEMENT_3D ( 'NONE', #6040, #6039, #6038 ) ;
#5911 = PLANE ( 'NONE',  #5910 ) ;
#5912 =( GEOMETRIC_REPRESENTATION_CONTEXT ( 3 ) GLOBAL_UNCERTAINTY_ASSIGNED_CONTEXT ( ( #5913 ) ) GLOBAL_UNIT_ASSIGNED_CONTEXT ( ( #6072, #6071, #6070 ) ) REPRESENTATION_CONTEXT ( 'NONE', 'WORKASPACE' ) );
#5913 = UNCERTAINTY_MEASURE_WITH_UNIT (LENGTH_MEASURE( 1.000000000000000100E-005 ), #6072, 'distance_accuracy_value', 'NONE');
#5914 = SURFACE_STYLE_USAGE ( .BOTH. , #6171 ) ;
#5915 = CARTESIAN_POINT ( 'NONE',  ( 0.005428549595004794100, 0.2175061108988160000, 0.4999089341819135100 ) ) ;
#5916 = CARTESIAN_POINT ( 'NONE',  ( 0.04606048983324425400, 0.2175061108988160000, 0.4999089341819135100 ) ) ;
#5917 = DIRECTION ( 'NONE',  ( -0.0000000000000000000, 0.9902680687415712500, -0.1391731009600584700 ) ) ;
#5918 = VECTOR ( 'NONE', #5917, 39.37007874015748100 ) ;
#5919 = CARTESIAN_POINT ( 'NONE',  ( -0.006937693086198524000, 0.2101301894366687500, 0.4474265259354643400 ) ) ;
#5920 = LINE ( 'NONE', #5919, #5918 ) ;
#5921 = CARTESIAN_POINT ( 'NONE',  ( -0.006937693086198524000, 0.2101301894366687500, 0.4474265259354643400 ) ) ;
#5922 = CARTESIAN_POINT ( 'NONE',  ( 0.2645056529904728500, 0.07199999999999999500, -0.05780651332839056900 ) ) ;
#5923 = DIRECTION ( 'NONE',  ( 1.000000000000000000, 0.0000000000000000000, 0.0000000000000000000 ) ) ;
#5924 = VECTOR ( 'NONE', #5923, 39.37007874015748100 ) ;
#5925 =( NAMED_UNIT ( * ) PLANE_ANGLE_UNIT ( ) SI_UNIT ( $, .RADIAN. ) );
#5926 =( CONVERSION_BASED_UNIT ( 'INCH', #5927 ) LENGTH_UNIT ( ) NAMED_UNIT ( #5928 ) );
#5927 = LENGTH_MEASURE_WITH_UNIT ( LENGTH_MEASURE( 0.02539999999999999900 ), #5929 );
#5928 = DIMENSIONAL_EXPONENTS ( 1.000000000000000000, 0.0000000000000000000, 0.0000000000000000000, 0.0000000000000000000, 0.0000000000000000000, 0.0000000000000000000, 0.0000000000000000000 ) ;
#5929 =( LENGTH_UNIT ( ) NAMED_UNIT ( * ) SI_UNIT ( $, .METRE. ) );
#5930 = MECHANICAL_DESIGN_GEOMETRIC_PRESENTATION_REPRESENTATION (  '', ( #5932 ), #5907 ) ;
#5931 = PRESENTATION_LAYER_ASSIGNMENT (  '', '', ( #5932 ) ) ;
#5932 = STYLED_ITEM ( 'NONE', ( #5933 ), #1680 ) ;
#5933 = PRESENTATION_STYLE_ASSIGNMENT (( #5934 ) ) ;
#5934 = SURFACE_STYLE_USAGE ( .BOTH. , #5935 ) ;
#5935 = SURFACE_SIDE_STYLE ('',( #5936 ) ) ;
#5936 = SURFACE_STYLE_FILL_AREA ( #5942 ) ;
#5937 = COLOUR_RGB ( '',0.9882352941176471000, 1.000000000000000000, 0.9882352941176471000 ) ;
#5938 = FACE_OUTER_BOUND ( 'NONE', #1654, .T. ) ;
#5939 = DIRECTION ( 'NONE',  ( 0.0000000000000000000, 0.0000000000000000000, -1.000000000000000000 ) ) ;
#5940 = DIRECTION ( 'NONE',  ( 1.000000000000000000, 0.0000000000000000000, 0.0000000000000000000 ) ) ;
#5941 = AXIS2_PLACEMENT_3D ( 'NONE', #6073, #5940, #5939 ) ;
#5942 = FILL_AREA_STYLE ('',( #5943 ) ) ;
#5943 = FILL_AREA_STYLE_COLOUR ( '', #5937 ) ;
#5944 = AXIS2_PLACEMENT_3D ( 'NONE', #6014, #6013, #6012 ) ;
#5945 = LINE ( 'NONE', #5954, #5953 ) ;
#5946 = DIRECTION ( 'NONE',  ( -0.0000000000000000000, 0.9902680687415712500, -0.1391731009600584700 ) ) ;
#5947 = VECTOR ( 'NONE', #5946, 39.37007874015748100 ) ;
#5948 = CARTESIAN_POINT ( 'NONE',  ( 0.005428549595004794100, 0.2101301894366687500, 0.4474265259354643400 ) ) ;
#5949 = LINE ( 'NONE', #5991, #5990 ) ;
#5950 = CARTESIAN_POINT ( 'NONE',  ( 0.04606048983324425400, 0.2157850625576482900, 0.4876630389244086500 ) ) ;
#5951 = CARTESIAN_POINT ( 'NONE',  ( 0.005428549595004794100, 0.2231609840197955300, 0.5401454471708578800 ) ) ;
#5952 = DIRECTION ( 'NONE',  ( 0.0000000000000000000, 0.1391731009600578300, 0.9902680687415714700 ) ) ;
#5953 = VECTOR ( 'NONE', #5952, 39.37007874015748100 ) ;
#5954 = CARTESIAN_POINT ( 'NONE',  ( 0.005428549595004794100, 0.2175061108988160000, 0.4999089341819135100 ) ) ;
#5955 = COLOUR_RGB ( '',0.9882352941176471000, 1.000000000000000000, 0.9882352941176471000 ) ;
#5956 = FACE_OUTER_BOUND ( 'NONE', #1676, .T. ) ;
#5957 = DIRECTION ( 'NONE',  ( -0.0000000000000000000, 1.000000000000000000, -0.0000000000000000000 ) ) ;
#5958 = VECTOR ( 'NONE', #5957, 39.37007874015748100 ) ;
#5959 = CARTESIAN_POINT ( 'NONE',  ( 0.2645056529904728500, 0.07199999999999999500, -0.1121654876873649200 ) ) ;
#5960 = LINE ( 'NONE', #5959, #5958 ) ;
#5961 = FILL_AREA_STYLE_COLOUR ( '', #5955 ) ;
#5962 = CARTESIAN_POINT ( 'NONE',  ( 0.2645056529904728500, 0.07199999999999999500, -0.1121654876873649200 ) ) ;
#5963 = DIRECTION ( 'NONE',  ( 1.000000000000000000, 0.0000000000000000000, 0.0000000000000000000 ) ) ;
#5964 = VECTOR ( 'NONE', #5963, 39.37007874015748100 ) ;
#5965 = CARTESIAN_POINT ( 'NONE',  ( 0.1845056529904728300, 0.07199999999999999500, -0.1121654876873649200 ) ) ;
#5966 = LINE ( 'NONE', #5965, #5964 ) ;
#5967 = DIRECTION ( 'NONE',  ( 1.000000000000000000, 0.0000000000000000000, 0.0000000000000000000 ) ) ;
#5968 = DIRECTION ( 'NONE',  ( -0.0000000000000000000, 0.0000000000000000000, 1.000000000000000000 ) ) ;
#5969 = CARTESIAN_POINT ( 'NONE',  ( 0.1845056529904728300, 0.07199999999999999500, -0.1121654876873649200 ) ) ;
#5970 = AXIS2_PLACEMENT_3D ( 'NONE', #5969, #5968, #5967 ) ;
#5971 = PLANE ( 'NONE',  #5970 ) ;
#5972 =( GEOMETRIC_REPRESENTATION_CONTEXT ( 3 ) GLOBAL_UNCERTAINTY_ASSIGNED_CONTEXT ( ( #5973 ) ) GLOBAL_UNIT_ASSIGNED_CONTEXT ( ( #6016, #6015, #5974 ) ) REPRESENTATION_CONTEXT ( 'NONE', 'WORKASPACE' ) );
#5973 = UNCERTAINTY_MEASURE_WITH_UNIT (LENGTH_MEASURE( 1.000000000000000100E-005 ), #6016, 'distance_accuracy_value', 'NONE');
#5974 =( NAMED_UNIT ( * ) SI_UNIT ( $, .STERADIAN. ) SOLID_ANGLE_UNIT ( ) );
#5975 = STYLED_ITEM ( 'NONE', ( #5976 ), #1660 ) ;
#5976 = PRESENTATION_STYLE_ASSIGNMENT (( #5977 ) ) ;
#5977 = SURFACE_STYLE_USAGE ( .BOTH. , #5978 ) ;
#5978 = SURFACE_SIDE_STYLE ('',( #5979 ) ) ;
#5979 = SURFACE_STYLE_FILL_AREA ( #5980 ) ;
#5980 = FILL_AREA_STYLE ('',( #5987 ) ) ;
#5981 = COLOUR_RGB ( '',0.9882352941176471000, 1.000000000000000000, 0.9882352941176471000 ) ;
#5982 = FACE_OUTER_BOUND ( 'NONE', #1598, .T. ) ;
#5983 = DIRECTION ( 'NONE',  ( -0.0000000000000000000, 0.9902680687415712500, -0.1391731009600584700 ) ) ;
#5984 = VECTOR ( 'NONE', #5983, 39.37007874015748100 ) ;
#5985 = CARTESIAN_POINT ( 'NONE',  ( -0.006937693086198524000, 0.2231609840197955300, 0.5401454471708578800 ) ) ;
#5986 = LINE ( 'NONE', #5985, #5984 ) ;
#5987 = FILL_AREA_STYLE_COLOUR ( '', #5981 ) ;
#5988 = CARTESIAN_POINT ( 'NONE',  ( -0.006937693086198524000, 0.2231609840197955300, 0.5401454471708578800 ) ) ;
#5989 = DIRECTION ( 'NONE',  ( -1.000000000000000000, 0.0000000000000000000, 0.0000000000000000000 ) ) ;
#5990 = VECTOR ( 'NONE', #5989, 39.37007874015748100 ) ;
#5991 = CARTESIAN_POINT ( 'NONE',  ( 0.005428549595004794100, 0.2231609840197955300, 0.5401454471708578800 ) ) ;
#5992 = CARTESIAN_POINT ( 'NONE',  ( 0.2015409094007292500, 0.07199999999999999500, -0.05780651332839056900 ) ) ;
#5993 = LINE ( 'NONE', #5992, #5924 ) ;
#5994 = DIRECTION ( 'NONE',  ( -0.0000000000000000000, 0.9902680687415712500, -0.1391731009600584700 ) ) ;
#5995 = VECTOR ( 'NONE', #5994, 39.37007874015748100 ) ;
#5996 = CARTESIAN_POINT ( 'NONE',  ( 0.005428549595004794100, 0.2231609840197955300, 0.5401454471708578800 ) ) ;
#5997 = LINE ( 'NONE', #5996, #5995 ) ;
#5998 = DIRECTION ( 'NONE',  ( -0.0000000000000000000, 0.9902680687415712500, -0.1391731009600584700 ) ) ;
#5999 = VECTOR ( 'NONE', #5998, 39.37007874015748100 ) ;
#6000 = CARTESIAN_POINT ( 'NONE',  ( 0.04606048983324425400, 0.2157850625576482900, 0.4876630389244086500 ) ) ;
#6001 = LINE ( 'NONE', #6000, #5999 ) ;
#6002 = DIRECTION ( 'NONE',  ( 0.0000000000000000000, 0.9902680687415712500, -0.1391731009600584700 ) ) ;
#6003 = DIRECTION ( 'NONE',  ( 0.0000000000000000000, -0.1391731009600584700, -0.9902680687415712500 ) ) ;
#6004 = CARTESIAN_POINT ( 'NONE',  ( 0.04606048983324425400, 0.2175061108988160000, 0.4999089341819135100 ) ) ;
#6005 = AXIS2_PLACEMENT_3D ( 'NONE', #6004, #6003, #6002 ) ;
#6006 = PLANE ( 'NONE',  #6005 ) ;
#6007 =( GEOMETRIC_REPRESENTATION_CONTEXT ( 3 ) GLOBAL_UNCERTAINTY_ASSIGNED_CONTEXT ( ( #6008 ) ) GLOBAL_UNIT_ASSIGNED_CONTEXT ( ( #6043, #6042, #6009 ) ) REPRESENTATION_CONTEXT ( 'NONE', 'WORKASPACE' ) );
#6008 = UNCERTAINTY_MEASURE_WITH_UNIT (LENGTH_MEASURE( 1.000000000000000100E-005 ), #6043, 'distance_accuracy_value', 'NONE');
#6009 =( NAMED_UNIT ( * ) SI_UNIT ( $, .STERADIAN. ) SOLID_ANGLE_UNIT ( ) );
#6010 = CARTESIAN_POINT ( 'NONE',  ( -0.006937693086198524000, 0.2101301894366687500, 0.4474265259354643400 ) ) ;
#6011 = LINE ( 'NONE', #6010, #6120 ) ;
#6012 = DIRECTION ( 'NONE',  ( 0.0000000000000000000, 0.0000000000000000000, -1.000000000000000000 ) ) ;
#6013 = DIRECTION ( 'NONE',  ( 1.000000000000000000, 0.0000000000000000000, 0.0000000000000000000 ) ) ;
#6014 = CARTESIAN_POINT ( 'NONE',  ( -0.006937693086198524000, 0.2157850625576482900, 0.4876630389244086500 ) ) ;
#6015 =( NAMED_UNIT ( * ) PLANE_ANGLE_UNIT ( ) SI_UNIT ( $, .RADIAN. ) );
#6016 =( CONVERSION_BASED_UNIT ( 'INCH', #6017 ) LENGTH_UNIT ( ) NAMED_UNIT ( #6018 ) );
#6017 = LENGTH_MEASURE_WITH_UNIT ( LENGTH_MEASURE( 0.02539999999999999900 ), #6019 );
#6018 = DIMENSIONAL_EXPONENTS ( 1.000000000000000000, 0.0000000000000000000, 0.0000000000000000000, 0.0000000000000000000, 0.0000000000000000000, 0.0000000000000000000, 0.0000000000000000000 ) ;
#6019 =( LENGTH_UNIT ( ) NAMED_UNIT ( * ) SI_UNIT ( $, .METRE. ) );
#6020 = MECHANICAL_DESIGN_GEOMETRIC_PRESENTATION_REPRESENTATION (  '', ( #6022 ), #5972 ) ;
#6021 = PRESENTATION_LAYER_ASSIGNMENT (  '', '', ( #6022 ) ) ;
#6022 = STYLED_ITEM ( 'NONE', ( #6023 ), #1666 ) ;
#6023 = PRESENTATION_STYLE_ASSIGNMENT (( #6024 ) ) ;
#6024 = SURFACE_STYLE_USAGE ( .BOTH. , #6025 ) ;
#6025 = SURFACE_SIDE_STYLE ('',( #6026 ) ) ;
#6026 = SURFACE_STYLE_FILL_AREA ( #6027 ) ;
#6027 = FILL_AREA_STYLE ('',( #6033 ) ) ;
#6028 = COLOUR_RGB ( '',0.9882352941176471000, 1.000000000000000000, 0.9882352941176471000 ) ;
#6029 = FACE_OUTER_BOUND ( 'NONE', #1667, .T. ) ;
#6030 = DIRECTION ( 'NONE',  ( -0.0000000000000000000, 1.000000000000000000, -0.0000000000000000000 ) ) ;
#6031 = VECTOR ( 'NONE', #6030, 39.37007874015748100 ) ;
#6032 = CARTESIAN_POINT ( 'NONE',  ( 0.1845056529904728300, 0.07199999999999999500, -0.1121654876873649200 ) ) ;
#6033 = FILL_AREA_STYLE_COLOUR ( '', #6028 ) ;
#6034 = LINE ( 'NONE', #6032, #6031 ) ;
#6035 = DIRECTION ( 'NONE',  ( 0.0000000000000000000, 0.0000000000000000000, -1.000000000000000000 ) ) ;
#6036 = VECTOR ( 'NONE', #6035, 39.37007874015748100 ) ;
#6037 = CARTESIAN_POINT ( 'NONE',  ( 0.1845056529904728300, 0.07199999999999999500, -0.1049860005078777500 ) ) ;
#6038 = DIRECTION ( 'NONE',  ( 0.0000000000000000000, 0.0000000000000000000, -1.000000000000000000 ) ) ;
#6039 = DIRECTION ( 'NONE',  ( 1.000000000000000000, 0.0000000000000000000, 0.0000000000000000000 ) ) ;
#6040 = CARTESIAN_POINT ( 'NONE',  ( 0.1845056529904728300, 0.07199999999999999500, -0.1049860005078777500 ) ) ;
#6041 = LINE ( 'NONE', #6037, #6036 ) ;
#6042 =( NAMED_UNIT ( * ) PLANE_ANGLE_UNIT ( ) SI_UNIT ( $, .RADIAN. ) );
#6043 =( CONVERSION_BASED_UNIT ( 'INCH', #6044 ) LENGTH_UNIT ( ) NAMED_UNIT ( #6045 ) );
#6044 = LENGTH_MEASURE_WITH_UNIT ( LENGTH_MEASURE( 0.02539999999999999900 ), #6046 );
#6045 = DIMENSIONAL_EXPONENTS ( 1.000000000000000000, 0.0000000000000000000, 0.0000000000000000000, 0.0000000000000000000, 0.0000000000000000000, 0.0000000000000000000, 0.0000000000000000000 ) ;
#6046 =( LENGTH_UNIT ( ) NAMED_UNIT ( * ) SI_UNIT ( $, .METRE. ) );
#6047 = MECHANICAL_DESIGN_GEOMETRIC_PRESENTATION_REPRESENTATION (  '', ( #6049 ), #6007 ) ;
#6048 = PRESENTATION_LAYER_ASSIGNMENT (  '', '', ( #6049 ) ) ;
#6049 = STYLED_ITEM ( 'NONE', ( #6050 ), #1684 ) ;
#6050 = PRESENTATION_STYLE_ASSIGNMENT (( #6051 ) ) ;
#6051 = SURFACE_STYLE_USAGE ( .BOTH. , #6052 ) ;
#6052 = SURFACE_SIDE_STYLE ('',( #6053 ) ) ;
#6053 = SURFACE_STYLE_FILL_AREA ( #6054 ) ;
#6054 = FILL_AREA_STYLE ('',( #6061 ) ) ;
#6055 = COLOUR_RGB ( '',0.9882352941176471000, 1.000000000000000000, 0.9882352941176471000 ) ;
#6056 = DIRECTION ( 'NONE',  ( 0.0000000000000000000, -0.9902680687415712500, 0.1391731009600584700 ) ) ;
#6057 = DIRECTION ( 'NONE',  ( -0.0000000000000000000, 0.1391731009600584700, 0.9902680687415712500 ) ) ;
#6058 = CARTESIAN_POINT ( 'NONE',  ( -0.006937693086198524000, 0.2101301894366687500, 0.4474265259354643400 ) ) ;
#6059 = AXIS2_PLACEMENT_3D ( 'NONE', #6058, #6057, #6056 ) ;
#6060 = FACE_OUTER_BOUND ( 'NONE', #1685, .T. ) ;
#6061 = FILL_AREA_STYLE_COLOUR ( '', #6055 ) ;
#6062 = PLANE ( 'NONE',  #6059 ) ;
#6063 =( GEOMETRIC_REPRESENTATION_CONTEXT ( 3 ) GLOBAL_UNCERTAINTY_ASSIGNED_CONTEXT ( ( #6091 ) ) GLOBAL_UNIT_ASSIGNED_CONTEXT ( ( #6094, #6093, #6092 ) ) REPRESENTATION_CONTEXT ( 'NONE', 'WORKASPACE' ) );
#6064 = LENGTH_MEASURE_WITH_UNIT ( LENGTH_MEASURE( 0.02539999999999999900 ), #6066 );
#6065 = DIMENSIONAL_EXPONENTS ( 1.000000000000000000, 0.0000000000000000000, 0.0000000000000000000, 0.0000000000000000000, 0.0000000000000000000, 0.0000000000000000000, 0.0000000000000000000 ) ;
#6066 =( LENGTH_UNIT ( ) NAMED_UNIT ( * ) SI_UNIT ( $, .METRE. ) );
#6067 = MECHANICAL_DESIGN_GEOMETRIC_PRESENTATION_REPRESENTATION (  '', ( #5975 ), #5912 ) ;
#6068 = PRESENTATION_LAYER_ASSIGNMENT (  '', '', ( #5975 ) ) ;
#6069 = PLANE ( 'NONE',  #5944 ) ;
#6070 =( NAMED_UNIT ( * ) SI_UNIT ( $, .STERADIAN. ) SOLID_ANGLE_UNIT ( ) );
#6071 =( NAMED_UNIT ( * ) PLANE_ANGLE_UNIT ( ) SI_UNIT ( $, .RADIAN. ) );
#6072 =( CONVERSION_BASED_UNIT ( 'INCH', #6064 ) LENGTH_UNIT ( ) NAMED_UNIT ( #6065 ) );
#6073 = CARTESIAN_POINT ( 'NONE',  ( -0.006937693086198524000, 0.2231609840197955300, 0.5401454471708578800 ) ) ;
#6074 = PLANE ( 'NONE',  #5941 ) ;
#6075 =( GEOMETRIC_REPRESENTATION_CONTEXT ( 3 ) GLOBAL_UNCERTAINTY_ASSIGNED_CONTEXT ( ( #6076 ) ) GLOBAL_UNIT_ASSIGNED_CONTEXT ( ( #6079, #6078, #6077 ) ) REPRESENTATION_CONTEXT ( 'NONE', 'WORKASPACE' ) );
#6076 = UNCERTAINTY_MEASURE_WITH_UNIT (LENGTH_MEASURE( 1.000000000000000100E-005 ), #6079, 'distance_accuracy_value', 'NONE');
#6077 =( NAMED_UNIT ( * ) SI_UNIT ( $, .STERADIAN. ) SOLID_ANGLE_UNIT ( ) );
#6078 =( NAMED_UNIT ( * ) PLANE_ANGLE_UNIT ( ) SI_UNIT ( $, .RADIAN. ) );
#6079 =( CONVERSION_BASED_UNIT ( 'INCH', #6080 ) LENGTH_UNIT ( ) NAMED_UNIT ( #6081 ) );
#6080 = LENGTH_MEASURE_WITH_UNIT ( LENGTH_MEASURE( 0.02539999999999999900 ), #6082 );
#6081 = DIMENSIONAL_EXPONENTS ( 1.000000000000000000, 0.0000000000000000000, 0.0000000000000000000, 0.0000000000000000000, 0.0000000000000000000, 0.0000000000000000000, 0.0000000000000000000 ) ;
#6082 =( LENGTH_UNIT ( ) NAMED_UNIT ( * ) SI_UNIT ( $, .METRE. ) );
#6083 = MECHANICAL_DESIGN_GEOMETRIC_PRESENTATION_REPRESENTATION (  '', ( #6085 ), #6075 ) ;
#6084 = PRESENTATION_LAYER_ASSIGNMENT (  '', '', ( #6085 ) ) ;
#6085 = STYLED_ITEM ( 'NONE', ( #6086 ), #1675 ) ;
#6086 = PRESENTATION_STYLE_ASSIGNMENT (( #6087 ) ) ;
#6087 = SURFACE_STYLE_USAGE ( .BOTH. , #6088 ) ;
#6088 = SURFACE_SIDE_STYLE ('',( #6089 ) ) ;
#6089 = SURFACE_STYLE_FILL_AREA ( #6090 ) ;
#6090 = FILL_AREA_STYLE ('',( #5961 ) ) ;
#6091 = UNCERTAINTY_MEASURE_WITH_UNIT (LENGTH_MEASURE( 1.000000000000000100E-005 ), #6094, 'distance_accuracy_value', 'NONE');
#6092 =( NAMED_UNIT ( * ) SI_UNIT ( $, .STERADIAN. ) SOLID_ANGLE_UNIT ( ) );
#6093 =( NAMED_UNIT ( * ) PLANE_ANGLE_UNIT ( ) SI_UNIT ( $, .RADIAN. ) );
#6094 =( CONVERSION_BASED_UNIT ( 'INCH', #6095 ) LENGTH_UNIT ( ) NAMED_UNIT ( #6096 ) );
#6095 = LENGTH_MEASURE_WITH_UNIT ( LENGTH_MEASURE( 0.02539999999999999900 ), #6097 );
#6096 = DIMENSIONAL_EXPONENTS ( 1.000000000000000000, 0.0000000000000000000, 0.0000000000000000000, 0.0000000000000000000, 0.0000000000000000000, 0.0000000000000000000, 0.0000000000000000000 ) ;
#6097 =( LENGTH_UNIT ( ) NAMED_UNIT ( * ) SI_UNIT ( $, .METRE. ) );
#6098 = MECHANICAL_DESIGN_GEOMETRIC_PRESENTATION_REPRESENTATION (  '', ( #6100 ), #6063 ) ;
#6099 = PRESENTATION_LAYER_ASSIGNMENT (  '', '', ( #6100 ) ) ;
#6100 = STYLED_ITEM ( 'NONE', ( #6101 ), #1683 ) ;
#6101 = PRESENTATION_STYLE_ASSIGNMENT (( #6102 ) ) ;
#6102 = SURFACE_STYLE_USAGE ( .BOTH. , #6103 ) ;
#6103 = SURFACE_SIDE_STYLE ('',( #6104 ) ) ;
#6104 = SURFACE_STYLE_FILL_AREA ( #6105 ) ;
#6105 = FILL_AREA_STYLE ('',( #6112 ) ) ;
#6106 = COLOUR_RGB ( '',0.9882352941176471000, 1.000000000000000000, 0.9882352941176471000 ) ;
#6107 = FACE_OUTER_BOUND ( 'NONE', #1514, .T. ) ;
#6108 = DIRECTION ( 'NONE',  ( 0.0000000000000000000, -0.1391731009600596600, -0.9902680687415710300 ) ) ;
#6109 = VECTOR ( 'NONE', #6108, 39.37007874015748900 ) ;
#6110 = CARTESIAN_POINT ( 'NONE',  ( -0.04756963332443797700, 0.2175061108988160000, 0.4999089341819135100 ) ) ;
#6111 = LINE ( 'NONE', #6110, #6109 ) ;
#6112 = FILL_AREA_STYLE_COLOUR ( '', #6106 ) ;
#6113 = DIRECTION ( 'NONE',  ( 0.0000000000000000000, 0.1391731009600580500, 0.9902680687415712500 ) ) ;
#6114 = DIRECTION ( 'NONE',  ( 0.0000000000000000000, 0.9902680687415713600, -0.1391731009600580800 ) ) ;
#6115 = CARTESIAN_POINT ( 'NONE',  ( -0.006937693086198524000, 0.2157850625576482900, 0.4876630389244086500 ) ) ;
#6116 = AXIS2_PLACEMENT_3D ( 'NONE', #6115, #6114, #6113 ) ;
#6117 = LINE ( 'NONE', #5948, #5947 ) ;
#6118 = CARTESIAN_POINT ( 'NONE',  ( 0.005428549595004794100, 0.2101301894366687500, 0.4474265259354643400 ) ) ;
#6119 = DIRECTION ( 'NONE',  ( 1.000000000000000000, 0.0000000000000000000, 0.0000000000000000000 ) ) ;
#6120 = VECTOR ( 'NONE', #6119, 39.37007874015748100 ) ;
#6121 = PRESENTATION_STYLE_ASSIGNMENT (( #6122 ) ) ;
#6122 = SURFACE_STYLE_USAGE ( .BOTH. , #6123 ) ;
#6123 = SURFACE_SIDE_STYLE ('',( #6124 ) ) ;
#6124 = SURFACE_STYLE_FILL_AREA ( #6125 ) ;
#6125 = FILL_AREA_STYLE ('',( #6132 ) ) ;
#6126 = COLOUR_RGB ( '',0.9882352941176471000, 1.000000000000000000, 0.9882352941176471000 ) ;
#6127 = FACE_OUTER_BOUND ( 'NONE', #1491, .T. ) ;
#6128 = DIRECTION ( 'NONE',  ( -0.0000000000000000000, 1.000000000000000000, -0.0000000000000000000 ) ) ;
#6129 = VECTOR ( 'NONE', #6128, 39.37007874015748100 ) ;
#6130 = CARTESIAN_POINT ( 'NONE',  ( 0.1845056529904728300, 0.07199999999999999500, -0.03011420563608286500 ) ) ;
#6131 = LINE ( 'NONE', #6130, #6129 ) ;
#6132 = FILL_AREA_STYLE_COLOUR ( '', #6126 ) ;
#6133 = CARTESIAN_POINT ( 'NONE',  ( 0.2645056529904728500, 0.07199999999999999500, -0.05062702614890338800 ) ) ;
#6134 = DIRECTION ( 'NONE',  ( 0.0000000000000000000, 0.0000000000000000000, 1.000000000000000000 ) ) ;
#6135 = VECTOR ( 'NONE', #6134, 39.37007874015748100 ) ;
#6136 = CARTESIAN_POINT ( 'NONE',  ( 0.2645056529904728500, 0.07199999999999999500, -0.05780651332839056900 ) ) ;
#6137 = LINE ( 'NONE', #6136, #6135 ) ;
#6138 = DIRECTION ( 'NONE',  ( 0.0000000000000000000, 0.0000000000000000000, 1.000000000000000000 ) ) ;
#6139 = DIRECTION ( 'NONE',  ( -1.000000000000000000, 0.0000000000000000000, 0.0000000000000000000 ) ) ;
#6140 = CARTESIAN_POINT ( 'NONE',  ( 0.2645056529904728500, 0.07199999999999999500, -0.05780651332839056900 ) ) ;
#6141 = AXIS2_PLACEMENT_3D ( 'NONE', #6140, #6139, #6138 ) ;
#6142 = PLANE ( 'NONE',  #6141 ) ;
#6143 =( GEOMETRIC_REPRESENTATION_CONTEXT ( 3 ) GLOBAL_UNCERTAINTY_ASSIGNED_CONTEXT ( ( #6144 ) ) GLOBAL_UNIT_ASSIGNED_CONTEXT ( ( #6147, #6146, #6145 ) ) REPRESENTATION_CONTEXT ( 'NONE', 'WORKASPACE' ) );
#6144 = UNCERTAINTY_MEASURE_WITH_UNIT (LENGTH_MEASURE( 1.000000000000000100E-005 ), #6147, 'distance_accuracy_value', 'NONE');
#6145 =( NAMED_UNIT ( * ) SI_UNIT ( $, .STERADIAN. ) SOLID_ANGLE_UNIT ( ) );
#6146 =( NAMED_UNIT ( * ) PLANE_ANGLE_UNIT ( ) SI_UNIT ( $, .RADIAN. ) );
#6147 =( CONVERSION_BASED_UNIT ( 'INCH', #6148 ) LENGTH_UNIT ( ) NAMED_UNIT ( #6149 ) );
#6148 = LENGTH_MEASURE_WITH_UNIT ( LENGTH_MEASURE( 0.02539999999999999900 ), #6150 );
#6149 = DIMENSIONAL_EXPONENTS ( 1.000000000000000000, 0.0000000000000000000, 0.0000000000000000000, 0.0000000000000000000, 0.0000000000000000000, 0.0000000000000000000, 0.0000000000000000000 ) ;
#6150 =( LENGTH_UNIT ( ) NAMED_UNIT ( * ) SI_UNIT ( $, .METRE. ) );
#6151 = MECHANICAL_DESIGN_GEOMETRIC_PRESENTATION_REPRESENTATION (  '', ( #6153 ), #6143 ) ;
#6152 = PRESENTATION_LAYER_ASSIGNMENT (  '', '', ( #6153 ) ) ;
#6153 = STYLED_ITEM ( 'NONE', ( #6154 ), #1727 ) ;
#6154 = PRESENTATION_STYLE_ASSIGNMENT (( #6155 ) ) ;
#6155 = SURFACE_STYLE_USAGE ( .BOTH. , #6156 ) ;
#6156 = SURFACE_SIDE_STYLE ('',( #6157 ) ) ;
#6157 = SURFACE_STYLE_FILL_AREA ( #6158 ) ;
#6158 = FILL_AREA_STYLE ('',( #6165 ) ) ;
#6159 = COLOUR_RGB ( '',0.9882352941176471000, 1.000000000000000000, 0.9882352941176471000 ) ;
#6160 = DIRECTION ( 'NONE',  ( 1.000000000000000000, 0.0000000000000000000, 0.0000000000000000000 ) ) ;
#6161 = DIRECTION ( 'NONE',  ( -0.0000000000000000000, 0.0000000000000000000, 1.000000000000000000 ) ) ;
#6162 = CARTESIAN_POINT ( 'NONE',  ( 0.2015409094007292500, 0.07199999999999999500, -0.05780651332839056900 ) ) ;
#6163 = AXIS2_PLACEMENT_3D ( 'NONE', #6162, #6161, #6160 ) ;
#6164 = FACE_OUTER_BOUND ( 'NONE', #1728, .T. ) ;
#6165 = FILL_AREA_STYLE_COLOUR ( '', #6159 ) ;
#6166 = PLANE ( 'NONE',  #6163 ) ;
#6167 =( GEOMETRIC_REPRESENTATION_CONTEXT ( 3 ) GLOBAL_UNCERTAINTY_ASSIGNED_CONTEXT ( ( #6168 ) ) GLOBAL_UNIT_ASSIGNED_CONTEXT ( ( #6205, #6204, #6169 ) ) REPRESENTATION_CONTEXT ( 'NONE', 'WORKASPACE' ) );
#6168 = UNCERTAINTY_MEASURE_WITH_UNIT (LENGTH_MEASURE( 1.000000000000000100E-005 ), #6205, 'distance_accuracy_value', 'NONE');
#6169 =( NAMED_UNIT ( * ) SI_UNIT ( $, .STERADIAN. ) SOLID_ANGLE_UNIT ( ) );
#6170 = FACE_OUTER_BOUND ( 'NONE', #1760, .T. ) ;
#6171 = SURFACE_SIDE_STYLE ('',( #6172 ) ) ;
#6172 = SURFACE_STYLE_FILL_AREA ( #6173 ) ;
#6173 = FILL_AREA_STYLE ('',( #6179 ) ) ;
#6174 = COLOUR_RGB ( '',0.9882352941176471000, 1.000000000000000000, 0.9882352941176471000 ) ;
#6175 = DIRECTION ( 'NONE',  ( -0.0000000000000000000, 1.000000000000000000, -0.0000000000000000000 ) ) ;
#6176 = VECTOR ( 'NONE', #6175, 39.37007874015748100 ) ;
#6177 = CARTESIAN_POINT ( 'NONE',  ( 0.2645056529904728500, 0.07199999999999999500, -0.05062702614890338800 ) ) ;
#6178 = LINE ( 'NONE', #6177, #6176 ) ;
#6179 = FILL_AREA_STYLE_COLOUR ( '', #6174 ) ;
#6180 = DIRECTION ( 'NONE',  ( 0.0000000000000000000, 0.1391731009600596600, 0.9902680687415710300 ) ) ;
#6181 = VECTOR ( 'NONE', #6180, 39.37007874015748900 ) ;
#6182 = CARTESIAN_POINT ( 'NONE',  ( 0.04606048983324425400, 0.2157850625576482900, 0.4876630389244086500 ) ) ;
#6183 = PRESENTATION_LAYER_ASSIGNMENT (  '', '', ( #6184 ) ) ;
#6184 = STYLED_ITEM ( 'NONE', ( #6185 ), #1719 ) ;
#6185 = PRESENTATION_STYLE_ASSIGNMENT (( #6186 ) ) ;
#6186 = SURFACE_STYLE_USAGE ( .BOTH. , #6187 ) ;
#6187 = SURFACE_SIDE_STYLE ('',( #6188 ) ) ;
#6188 = SURFACE_STYLE_FILL_AREA ( #6189 ) ;
#6189 = FILL_AREA_STYLE ('',( #6191 ) ) ;
#6190 = COLOUR_RGB ( '',0.9882352941176471000, 1.000000000000000000, 0.9882352941176471000 ) ;
#6191 = FILL_AREA_STYLE_COLOUR ( '', #6190 ) ;
#6192 = FACE_OUTER_BOUND ( 'NONE', #1716, .T. ) ;
#6193 = CARTESIAN_POINT ( 'NONE',  ( 0.2563005247853446500, 0.07199999999999999500, -0.02293471845659568800 ) ) ;
#6194 = DIRECTION ( 'NONE',  ( -0.0000000000000000000, 1.000000000000000000, -0.0000000000000000000 ) ) ;
#6195 = VECTOR ( 'NONE', #6194, 39.37007874015748100 ) ;
#6196 = CARTESIAN_POINT ( 'NONE',  ( 0.2316851401699600300, 0.07199999999999999500, -0.02293471845659568800 ) ) ;
#6197 = LINE ( 'NONE', #6196, #6195 ) ;
#6198 = DIRECTION ( 'NONE',  ( -1.000000000000000000, 0.0000000000000000000, 0.0000000000000000000 ) ) ;
#6199 = VECTOR ( 'NONE', #6198, 39.37007874015748100 ) ;
#6200 = CARTESIAN_POINT ( 'NONE',  ( 0.2563005247853446500, 0.07199999999999999500, -0.02293471845659568800 ) ) ;
#6201 = LINE ( 'NONE', #6200, #6199 ) ;
#6202 = CARTESIAN_POINT ( 'NONE',  ( 0.005428549595004794100, 0.2175061108988160000, 0.4999089341819135100 ) ) ;
#6203 = FILL_AREA_STYLE_COLOUR ( '', #6297 ) ;
#6204 =( NAMED_UNIT ( * ) PLANE_ANGLE_UNIT ( ) SI_UNIT ( $, .RADIAN. ) );
#6205 =( CONVERSION_BASED_UNIT ( 'INCH', #6206 ) LENGTH_UNIT ( ) NAMED_UNIT ( #6207 ) );
#6206 = LENGTH_MEASURE_WITH_UNIT ( LENGTH_MEASURE( 0.02539999999999999900 ), #6208 );
#6207 = DIMENSIONAL_EXPONENTS ( 1.000000000000000000, 0.0000000000000000000, 0.0000000000000000000, 0.0000000000000000000, 0.0000000000000000000, 0.0000000000000000000, 0.0000000000000000000 ) ;
#6208 =( LENGTH_UNIT ( ) NAMED_UNIT ( * ) SI_UNIT ( $, .METRE. ) );
#6209 = MECHANICAL_DESIGN_GEOMETRIC_PRESENTATION_REPRESENTATION (  '', ( #6211 ), #6167 ) ;
#6210 = PRESENTATION_LAYER_ASSIGNMENT (  '', '', ( #6211 ) ) ;
#6211 = STYLED_ITEM ( 'NONE', ( #6212 ), #1725 ) ;
#6212 = PRESENTATION_STYLE_ASSIGNMENT (( #6213 ) ) ;
#6213 = SURFACE_STYLE_USAGE ( .BOTH. , #6214 ) ;
#6214 = SURFACE_SIDE_STYLE ('',( #6215 ) ) ;
#6215 = SURFACE_STYLE_FILL_AREA ( #6216 ) ;
#6216 = FILL_AREA_STYLE ('',( #6302 ) ) ;
#6217 = COLOUR_RGB ( '',0.9882352941176471000, 1.000000000000000000, 0.9882352941176471000 ) ;
#6218 = FACE_OUTER_BOUND ( 'NONE', #1726, .T. ) ;
#6219 = DIRECTION ( 'NONE',  ( -0.0000000000000000000, 1.000000000000000000, -0.0000000000000000000 ) ) ;
#6220 = VECTOR ( 'NONE', #6219, 39.37007874015748100 ) ;
#6221 = CARTESIAN_POINT ( 'NONE',  ( 0.2015409094007292500, 0.07199999999999999500, -0.05780651332839056900 ) ) ;
#6222 = DIRECTION ( 'NONE',  ( -0.6429223081870644200, 0.0000000000000000000, -0.7659313974733098500 ) ) ;
#6223 = CARTESIAN_POINT ( 'NONE',  ( 0.2645056529904728500, 0.07199999999999999500, -0.1106590774309546800 ) ) ;
#6224 = AXIS2_PLACEMENT_3D ( 'NONE', #6223, #6222, #6275 ) ;
#6225 = FACE_OUTER_BOUND ( 'NONE', #1754, .T. ) ;
#6226 = FILL_AREA_STYLE_COLOUR ( '', #6274 ) ;
#6227 = PLANE ( 'NONE',  #6224 ) ;
#6228 =( GEOMETRIC_REPRESENTATION_CONTEXT ( 3 ) GLOBAL_UNCERTAINTY_ASSIGNED_CONTEXT ( ( #6229 ) ) GLOBAL_UNIT_ASSIGNED_CONTEXT ( ( #6232, #6231, #6230 ) ) REPRESENTATION_CONTEXT ( 'NONE', 'WORKASPACE' ) );
#6229 = UNCERTAINTY_MEASURE_WITH_UNIT (LENGTH_MEASURE( 1.000000000000000100E-005 ), #6232, 'distance_accuracy_value', 'NONE');
#6230 =( NAMED_UNIT ( * ) SI_UNIT ( $, .STERADIAN. ) SOLID_ANGLE_UNIT ( ) );
#6231 =( NAMED_UNIT ( * ) PLANE_ANGLE_UNIT ( ) SI_UNIT ( $, .RADIAN. ) );
#6232 =( CONVERSION_BASED_UNIT ( 'INCH', #6233 ) LENGTH_UNIT ( ) NAMED_UNIT ( #6234 ) );
#6233 = LENGTH_MEASURE_WITH_UNIT ( LENGTH_MEASURE( 0.02539999999999999900 ), #6235 );
#6234 = DIMENSIONAL_EXPONENTS ( 1.000000000000000000, 0.0000000000000000000, 0.0000000000000000000, 0.0000000000000000000, 0.0000000000000000000, 0.0000000000000000000, 0.0000000000000000000 ) ;
#6235 =( LENGTH_UNIT ( ) NAMED_UNIT ( * ) SI_UNIT ( $, .METRE. ) );
#6236 = MECHANICAL_DESIGN_GEOMETRIC_PRESENTATION_REPRESENTATION (  '', ( #6238 ), #6228 ) ;
#6237 = PRESENTATION_LAYER_ASSIGNMENT (  '', '', ( #6238 ) ) ;
#6238 = STYLED_ITEM ( 'NONE', ( #6239 ), #1746 ) ;
#6239 = PRESENTATION_STYLE_ASSIGNMENT (( #6240 ) ) ;
#6240 = SURFACE_STYLE_USAGE ( .BOTH. , #6241 ) ;
#6241 = SURFACE_SIDE_STYLE ('',( #6242 ) ) ;
#6242 = SURFACE_STYLE_FILL_AREA ( #6243 ) ;
#6243 = FILL_AREA_STYLE ('',( #6250 ) ) ;
#6244 = COLOUR_RGB ( '',0.9882352941176471000, 1.000000000000000000, 0.9882352941176471000 ) ;
#6245 = FACE_OUTER_BOUND ( 'NONE', #1747, .T. ) ;
#6246 = DIRECTION ( 'NONE',  ( -0.0000000000000000000, 1.000000000000000000, -0.0000000000000000000 ) ) ;
#6247 = VECTOR ( 'NONE', #6246, 39.37007874015748100 ) ;
#6248 = CARTESIAN_POINT ( 'NONE',  ( 0.2645056529904728500, 0.07199999999999999500, -0.1106590774309546800 ) ) ;
#6249 = LINE ( 'NONE', #6248, #6247 ) ;
#6250 = FILL_AREA_STYLE_COLOUR ( '', #6244 ) ;
#6251 = LINE ( 'NONE', #6202, #6300 ) ;
#6252 = LINE ( 'NONE', #6182, #6181 ) ;
#6253 = DIRECTION ( 'NONE',  ( 0.0000000000000000000, 0.0000000000000000000, -1.000000000000000000 ) ) ;
#6254 = DIRECTION ( 'NONE',  ( 1.000000000000000000, 0.0000000000000000000, 0.0000000000000000000 ) ) ;
#6255 = CARTESIAN_POINT ( 'NONE',  ( -0.04756963332443797700, 0.2175061108988160000, 0.4999089341819135100 ) ) ;
#6256 = AXIS2_PLACEMENT_3D ( 'NONE', #6255, #6254, #6253 ) ;
#6257 = PLANE ( 'NONE',  #6256 ) ;
#6258 =( GEOMETRIC_REPRESENTATION_CONTEXT ( 3 ) GLOBAL_UNCERTAINTY_ASSIGNED_CONTEXT ( ( #6259 ) ) GLOBAL_UNIT_ASSIGNED_CONTEXT ( ( #6262, #6261, #6260 ) ) REPRESENTATION_CONTEXT ( 'NONE', 'WORKASPACE' ) );
#6259 = UNCERTAINTY_MEASURE_WITH_UNIT (LENGTH_MEASURE( 1.000000000000000100E-005 ), #6262, 'distance_accuracy_value', 'NONE');
#6260 =( NAMED_UNIT ( * ) SI_UNIT ( $, .STERADIAN. ) SOLID_ANGLE_UNIT ( ) );
#6261 =( NAMED_UNIT ( * ) PLANE_ANGLE_UNIT ( ) SI_UNIT ( $, .RADIAN. ) );
#6262 =( CONVERSION_BASED_UNIT ( 'INCH', #6263 ) LENGTH_UNIT ( ) NAMED_UNIT ( #6264 ) );
#6263 = LENGTH_MEASURE_WITH_UNIT ( LENGTH_MEASURE( 0.02539999999999999900 ), #6265 );
#6264 = DIMENSIONAL_EXPONENTS ( 1.000000000000000000, 0.0000000000000000000, 0.0000000000000000000, 0.0000000000000000000, 0.0000000000000000000, 0.0000000000000000000, 0.0000000000000000000 ) ;
#6265 =( LENGTH_UNIT ( ) NAMED_UNIT ( * ) SI_UNIT ( $, .METRE. ) );
#6266 = MECHANICAL_DESIGN_GEOMETRIC_PRESENTATION_REPRESENTATION (  '', ( #6268 ), #6258 ) ;
#6267 = PRESENTATION_LAYER_ASSIGNMENT (  '', '', ( #6268 ) ) ;
#6268 = STYLED_ITEM ( 'NONE', ( #6269 ), #1753 ) ;
#6269 = PRESENTATION_STYLE_ASSIGNMENT (( #6270 ) ) ;
#6270 = SURFACE_STYLE_USAGE ( .BOTH. , #6271 ) ;
#6271 = SURFACE_SIDE_STYLE ('',( #6272 ) ) ;
#6272 = SURFACE_STYLE_FILL_AREA ( #6273 ) ;
#6273 = FILL_AREA_STYLE ('',( #6226 ) ) ;
#6274 = COLOUR_RGB ( '',0.9882352941176471000, 1.000000000000000000, 0.9882352941176471000 ) ;
#6275 = DIRECTION ( 'NONE',  ( -0.7659313974733097400, 0.0000000000000000000, 0.6429223081870643100 ) ) ;
#6276 = DIRECTION ( 'NONE',  ( 0.0000000000000000000, 0.0000000000000000000, 1.000000000000000000 ) ) ;
#6277 = DIRECTION ( 'NONE',  ( -1.000000000000000000, 0.0000000000000000000, 0.0000000000000000000 ) ) ;
#6278 = CARTESIAN_POINT ( 'NONE',  ( 0.2316851401699600300, 0.07199999999999999500, -0.02293471845659568800 ) ) ;
#6279 = AXIS2_PLACEMENT_3D ( 'NONE', #6278, #6277, #6276 ) ;
#6280 = PLANE ( 'NONE',  #6279 ) ;
#6281 =( GEOMETRIC_REPRESENTATION_CONTEXT ( 3 ) GLOBAL_UNCERTAINTY_ASSIGNED_CONTEXT ( ( #6282 ) ) GLOBAL_UNIT_ASSIGNED_CONTEXT ( ( #6285, #6284, #6283 ) ) REPRESENTATION_CONTEXT ( 'NONE', 'WORKASPACE' ) );
#6282 = UNCERTAINTY_MEASURE_WITH_UNIT (LENGTH_MEASURE( 1.000000000000000100E-005 ), #6285, 'distance_accuracy_value', 'NONE');
#6283 =( NAMED_UNIT ( * ) SI_UNIT ( $, .STERADIAN. ) SOLID_ANGLE_UNIT ( ) );
#6284 =( NAMED_UNIT ( * ) PLANE_ANGLE_UNIT ( ) SI_UNIT ( $, .RADIAN. ) );
#6285 =( CONVERSION_BASED_UNIT ( 'INCH', #6286 ) LENGTH_UNIT ( ) NAMED_UNIT ( #6287 ) );
#6286 = LENGTH_MEASURE_WITH_UNIT ( LENGTH_MEASURE( 0.02539999999999999900 ), #6288 );
#6287 = DIMENSIONAL_EXPONENTS ( 1.000000000000000000, 0.0000000000000000000, 0.0000000000000000000, 0.0000000000000000000, 0.0000000000000000000, 0.0000000000000000000, 0.0000000000000000000 ) ;
#6288 =( LENGTH_UNIT ( ) NAMED_UNIT ( * ) SI_UNIT ( $, .METRE. ) );
#6289 = MECHANICAL_DESIGN_GEOMETRIC_PRESENTATION_REPRESENTATION (  '', ( #6291 ), #6281 ) ;
#6290 = PRESENTATION_LAYER_ASSIGNMENT (  '', '', ( #6291 ) ) ;
#6291 = STYLED_ITEM ( 'NONE', ( #6292 ), #1710 ) ;
#6292 = PRESENTATION_STYLE_ASSIGNMENT (( #6293 ) ) ;
#6293 = SURFACE_STYLE_USAGE ( .BOTH. , #6294 ) ;
#6294 = SURFACE_SIDE_STYLE ('',( #6295 ) ) ;
#6295 = SURFACE_STYLE_FILL_AREA ( #6296 ) ;
#6296 = FILL_AREA_STYLE ('',( #6203 ) ) ;
#6297 = COLOUR_RGB ( '',0.9882352941176471000, 1.000000000000000000, 0.9882352941176471000 ) ;
#6298 = FACE_OUTER_BOUND ( 'NONE', #1559, .T. ) ;
#6299 = DIRECTION ( 'NONE',  ( -0.0000000000000000000, 0.9902680687415712500, -0.1391731009600584700 ) ) ;
#6300 = VECTOR ( 'NONE', #6299, 39.37007874015748100 ) ;
#6301 = LINE ( 'NONE', #6221, #6220 ) ;
#6302 = FILL_AREA_STYLE_COLOUR ( '', #6217 ) ;
#6303 = CARTESIAN_POINT ( 'NONE',  ( 0.2015409094007292500, 0.07199999999999999500, -0.05780651332839056900 ) ) ;
#6304 = DIRECTION ( 'NONE',  ( 0.0000000000000000000, -0.1391731009600580500, -0.9902680687415712500 ) ) ;
#6305 = VECTOR ( 'NONE', #6304, 39.37007874015748900 ) ;
#6306 = CARTESIAN_POINT ( 'NONE',  ( -0.006937693086198524000, 0.2157850625576482900, 0.4876630389244086500 ) ) ;
#6307 = LINE ( 'NONE', #6306, #6305 ) ;
#6308 = DIRECTION ( 'NONE',  ( -1.000000000000000000, 0.0000000000000000000, 0.0000000000000000000 ) ) ;
#6309 = DIRECTION ( 'NONE',  ( -0.0000000000000000000, 0.0000000000000000000, -1.000000000000000000 ) ) ;
#6310 = CARTESIAN_POINT ( 'NONE',  ( 0.2563005247853446500, 0.07199999999999999500, -0.02293471845659568800 ) ) ;
#6311 = AXIS2_PLACEMENT_3D ( 'NONE', #6310, #6309, #6308 ) ;
#6312 = PLANE ( 'NONE',  #6311 ) ;
#6313 =( GEOMETRIC_REPRESENTATION_CONTEXT ( 3 ) GLOBAL_UNCERTAINTY_ASSIGNED_CONTEXT ( ( #6314 ) ) GLOBAL_UNIT_ASSIGNED_CONTEXT ( ( #6317, #6316, #6315 ) ) REPRESENTATION_CONTEXT ( 'NONE', 'WORKASPACE' ) );
#6314 = UNCERTAINTY_MEASURE_WITH_UNIT (LENGTH_MEASURE( 1.000000000000000100E-005 ), #6317, 'distance_accuracy_value', 'NONE');
#6315 =( NAMED_UNIT ( * ) SI_UNIT ( $, .STERADIAN. ) SOLID_ANGLE_UNIT ( ) );
#6316 =( NAMED_UNIT ( * ) PLANE_ANGLE_UNIT ( ) SI_UNIT ( $, .RADIAN. ) );
#6317 =( CONVERSION_BASED_UNIT ( 'INCH', #6318 ) LENGTH_UNIT ( ) NAMED_UNIT ( #6319 ) );
#6318 = LENGTH_MEASURE_WITH_UNIT ( LENGTH_MEASURE( 0.02539999999999999900 ), #6320 );
#6319 = DIMENSIONAL_EXPONENTS ( 1.000000000000000000, 0.0000000000000000000, 0.0000000000000000000, 0.0000000000000000000, 0.0000000000000000000, 0.0000000000000000000, 0.0000000000000000000 ) ;
#6320 =( LENGTH_UNIT ( ) NAMED_UNIT ( * ) SI_UNIT ( $, .METRE. ) );
#6321 = MECHANICAL_DESIGN_GEOMETRIC_PRESENTATION_REPRESENTATION (  '', ( #6184 ), #6313 ) ;
#6322 = CARTESIAN_POINT ( 'NONE',  ( 0.2645056529904728500, 0.07199999999999999500, -0.1106590774309546800 ) ) ;
#6323 = DIRECTION ( 'NONE',  ( 0.0000000000000000000, 0.0000000000000000000, 1.000000000000000000 ) ) ;
#6324 = VECTOR ( 'NONE', #6323, 39.37007874015748100 ) ;
#6325 = CARTESIAN_POINT ( 'NONE',  ( 0.2645056529904728500, 0.07199999999999999500, -0.1121654876873649200 ) ) ;
#6326 = LINE ( 'NONE', #6325, #6324 ) ;
#6327 = DIRECTION ( 'NONE',  ( 0.0000000000000000000, 0.0000000000000000000, 1.000000000000000000 ) ) ;
#6328 = DIRECTION ( 'NONE',  ( -1.000000000000000000, 0.0000000000000000000, 0.0000000000000000000 ) ) ;
#6329 = CARTESIAN_POINT ( 'NONE',  ( 0.2645056529904728500, 0.07199999999999999500, -0.1121654876873649200 ) ) ;
#6330 = AXIS2_PLACEMENT_3D ( 'NONE', #6329, #6328, #6327 ) ;
#6331 = PLANE ( 'NONE',  #6330 ) ;
#6332 =( GEOMETRIC_REPRESENTATION_CONTEXT ( 3 ) GLOBAL_UNCERTAINTY_ASSIGNED_CONTEXT ( ( #6333 ) ) GLOBAL_UNIT_ASSIGNED_CONTEXT ( ( #6336, #6335, #6334 ) ) REPRESENTATION_CONTEXT ( 'NONE', 'WORKASPACE' ) );
#6333 = UNCERTAINTY_MEASURE_WITH_UNIT (LENGTH_MEASURE( 1.000000000000000100E-005 ), #6336, 'distance_accuracy_value', 'NONE');
#6334 =( NAMED_UNIT ( * ) SI_UNIT ( $, .STERADIAN. ) SOLID_ANGLE_UNIT ( ) );
#6335 =( NAMED_UNIT ( * ) PLANE_ANGLE_UNIT ( ) SI_UNIT ( $, .RADIAN. ) );
#6336 =( CONVERSION_BASED_UNIT ( 'INCH', #6337 ) LENGTH_UNIT ( ) NAMED_UNIT ( #6338 ) );
#6337 = LENGTH_MEASURE_WITH_UNIT ( LENGTH_MEASURE( 0.02539999999999999900 ), #6339 );
#6338 = DIMENSIONAL_EXPONENTS ( 1.000000000000000000, 0.0000000000000000000, 0.0000000000000000000, 0.0000000000000000000, 0.0000000000000000000, 0.0000000000000000000, 0.0000000000000000000 ) ;
#6339 =( LENGTH_UNIT ( ) NAMED_UNIT ( * ) SI_UNIT ( $, .METRE. ) );
#6340 = MECHANICAL_DESIGN_GEOMETRIC_PRESENTATION_REPRESENTATION (  '', ( #6342 ), #6332 ) ;
#6341 = PRESENTATION_LAYER_ASSIGNMENT (  '', '', ( #6342 ) ) ;
#6342 = STYLED_ITEM ( 'NONE', ( #6121 ), #1738 ) ;
#6343 = LENGTH_MEASURE_WITH_UNIT ( LENGTH_MEASURE( 0.02539999999999999900 ), #6345 );
#6344 = DIMENSIONAL_EXPONENTS ( 1.000000000000000000, 0.0000000000000000000, 0.0000000000000000000, 0.0000000000000000000, 0.0000000000000000000, 0.0000000000000000000, 0.0000000000000000000 ) ;
#6345 =( LENGTH_UNIT ( ) NAMED_UNIT ( * ) SI_UNIT ( $, .METRE. ) );
#6346 = CARTESIAN_POINT ( 'NONE',  ( 0.1909307290361936200, 0.07200000000000000800, 0.06526336819356994000 ) ) ;
#6347 = CARTESIAN_POINT ( 'NONE',  ( 0.1912674714440650600, 0.07499999999999992800, 0.06277139556025881900 ) ) ;
#6348 = CARTESIAN_POINT ( 'NONE',  ( 0.1912674714440650600, 0.07199999999999999500, 0.06277139556025881900 ) ) ;
#6349 = CARTESIAN_POINT ( 'NONE',  ( 0.1917909068090816200, 0.07499999999999991400, 0.06034000649338543100 ) ) ;
#6350 = CARTESIAN_POINT ( 'NONE',  ( 0.1917909068090816200, 0.07199999999999998100, 0.06034000649338543100 ) ) ;
#6351 = CARTESIAN_POINT ( 'NONE',  ( 0.1924294920436869800, 0.07499999999999995600, 0.05795685930148758400 ) ) ;
#6352 = CARTESIAN_POINT ( 'NONE',  ( 0.1924294920436869800, 0.07200000000000000800, 0.05795685930148758400 ) ) ;
#6353 = CARTESIAN_POINT ( 'NONE',  ( 0.1932130197528934600, 0.07499999999999994200, 0.05562479494434211000 ) ) ;
#6354 = CARTESIAN_POINT ( 'NONE',  ( 0.1932130197528934600, 0.07200000000000000800, 0.05562479494434211000 ) ) ;
#6355 = CARTESIAN_POINT ( 'NONE',  ( 0.1941644230933210200, 0.07499999999999991400, 0.05335606916082996600 ) ) ;
#6356 = CARTESIAN_POINT ( 'NONE',  ( 0.1941644230933210200, 0.07199999999999998100, 0.05335606916082996600 ) ) ;
#6357 = CARTESIAN_POINT ( 'NONE',  ( 0.1952343324791989700, 0.07499999999999994200, 0.05114343412846171500 ) ) ;
#6358 = CARTESIAN_POINT ( 'NONE',  ( 0.1952343324791989700, 0.07200000000000000800, 0.05114343412846171500 ) ) ;
#6359 = CARTESIAN_POINT ( 'NONE',  ( 0.1964319672132723800, 0.07499999999999991400, 0.04901755501874723700 ) ) ;
#6360 = CARTESIAN_POINT ( 'NONE',  ( 0.1964319672132723800, 0.07199999999999998100, 0.04901755501874723700 ) ) ;
#6361 = CARTESIAN_POINT ( 'NONE',  ( 0.1977457551522859000, 0.07499999999999992800, 0.04700149871016137700 ) ) ;
#6362 = CARTESIAN_POINT ( 'NONE',  ( 0.1977457551522859000, 0.07199999999999999500, 0.04700149871016137700 ) ) ;
#6363 = CARTESIAN_POINT ( 'NONE',  ( 0.1991591385897572600, 0.07499999999999994200, 0.04509218979665165900 ) ) ;
#6364 = CARTESIAN_POINT ( 'NONE',  ( 0.1991591385897572600, 0.07200000000000000800, 0.04509218979665165900 ) ) ;
#6365 = UNCERTAINTY_MEASURE_WITH_UNIT (LENGTH_MEASURE( 1.000000000000000100E-005 ), #6368, 'distance_accuracy_value', 'NONE');
#6366 =( NAMED_UNIT ( * ) SI_UNIT ( $, .STERADIAN. ) SOLID_ANGLE_UNIT ( ) );
#6367 =( NAMED_UNIT ( * ) PLANE_ANGLE_UNIT ( ) SI_UNIT ( $, .RADIAN. ) );
#6368 =( CONVERSION_BASED_UNIT ( 'INCH', #6343 ) LENGTH_UNIT ( ) NAMED_UNIT ( #6344 ) );
#6369 = CARTESIAN_POINT ( 'NONE',  ( 0.2161360738386387800, 0.07499999999999994200, 0.03365409679966664700 ) ) ;
#6370 = CARTESIAN_POINT ( 'NONE',  ( 0.2161360738386387800, 0.07200000000000000800, 0.03365409679966664700 ) ) ;
#6371 = CARTESIAN_POINT ( 'NONE',  ( 0.2182857062290871300, 0.07499999999999995600, 0.03313888443172916700 ) ) ;
#6372 = CARTESIAN_POINT ( 'NONE',  ( 0.2182857062290871300, 0.07200000000000000800, 0.03313888443172916700 ) ) ;
#6373 = CARTESIAN_POINT ( 'NONE',  ( 0.2204481620370872500, 0.07499999999999990000, 0.03272064057857127600 ) ) ;
#6374 = CARTESIAN_POINT ( 'NONE',  ( 0.2204481620370872500, 0.07199999999999995300, 0.03272064057857127600 ) ) ;
#6375 = CARTESIAN_POINT ( 'NONE',  ( 0.2226474986822917200, 0.07499999999999995600, 0.03250213178357701900 ) ) ;
#6376 = CARTESIAN_POINT ( 'NONE',  ( 0.2226474986822917200, 0.07200000000000002200, 0.03250213178357701900 ) ) ;
#6377 = CARTESIAN_POINT ( 'NONE',  ( 0.2241206395965424600, 0.07499999999999995600, 0.03246732440942324400 ) ) ;
#6378 = CARTESIAN_POINT ( 'NONE',  ( 0.2241206395965424600, 0.07200000000000000800, 0.03246732440942324400 ) ) ;
#6379 = CARTESIAN_POINT ( 'NONE',  ( 0.2248582170930369700, 0.07499999999999994200, 0.03244989692801970900 ) ) ;
#6380 = CARTESIAN_POINT ( 'NONE',  ( 0.2248582170930369700, 0.07200000000000000800, 0.03244989692801970900 ) ) ;
#6381 = B_SPLINE_SURFACE_WITH_KNOTS ( 'NONE', 3, 1, ( 
 ( #6380, #6379 ),
 ( #6378, #6377 ),
 ( #6376, #6375 ),
 ( #6374, #6373 ),
 ( #6372, #6371 ),
 ( #6370, #6369 ),
 ( #6426, #6425 ),
 ( #6424, #6423 ),
 ( #6422, #6421 ),
 ( #6420, #6419 ),
 ( #6418, #6417 ),
 ( #6416, #6415 ),
 ( #6414, #6413 ),
 ( #6412, #6411 ),
 ( #6364, #6363 ),
 ( #6362, #6361 ),
 ( #6360, #6359 ),
 ( #6358, #6357 ),
 ( #6356, #6355 ),
 ( #6354, #6353 ),
 ( #6352, #6351 ),
 ( #6350, #6349 ),
 ( #6348, #6347 ),
 ( #6346, #6399 ),
 ( #6398, #6397 ),
 ( #6396, #6395 ),
 ( #6394, #6393 ) ),
 .UNSPECIFIED., .F., .F., .F.,
 ( 4, 1, 1, 1, 1, 1, 1, 1, 1, 1, 1, 1, 1, 1, 1, 1, 1, 1, 1, 1, 1, 1, 1, 1, 4 ),
 ( 2, 2 ),
 ( 0.0000000000000000000, 0.03899344646090452400, 0.07788041479331193900, 0.1166493024159087500, 0.1553440778236206700, 0.1946339249847586500, 0.2342763266573204600, 0.2745611885595862200, 0.3156805916222300600, 0.3570320364220081500, 0.3980941950926086800, 0.4391087510790839800, 0.4798433742437601100, 0.5212834238805891300, 0.5628493131539064100, 0.6052997225012710600, 0.6484154838095416200, 0.6917332756807533800, 0.7351540258205742100, 0.7783732266842977600, 0.8216643198087404400, 0.8655263091479362700, 0.9097332496255159400, 0.9545234475223318700, 0.9999999999999998900 ),
 ( 0.0000000000000000000, 1.000000000000000000 ),
 .UNSPECIFIED. ) ;
#6382 = UNCERTAINTY_MEASURE_WITH_UNIT (LENGTH_MEASURE( 1.000000000000000100E-005 ), #6385, 'distance_accuracy_value', 'NONE');
#6383 =( NAMED_UNIT ( * ) SI_UNIT ( $, .STERADIAN. ) SOLID_ANGLE_UNIT ( ) );
#6384 =( NAMED_UNIT ( * ) PLANE_ANGLE_UNIT ( ) SI_UNIT ( $, .RADIAN. ) );
#6385 =( CONVERSION_BASED_UNIT ( 'INCH', #6386 ) LENGTH_UNIT ( ) NAMED_UNIT ( #6387 ) );
#6386 = LENGTH_MEASURE_WITH_UNIT ( LENGTH_MEASURE( 0.02539999999999999900 ), #6388 );
#6387 = DIMENSIONAL_EXPONENTS ( 1.000000000000000000, 0.0000000000000000000, 0.0000000000000000000, 0.0000000000000000000, 0.0000000000000000000, 0.0000000000000000000, 0.0000000000000000000 ) ;
#6388 =( LENGTH_UNIT ( ) NAMED_UNIT ( * ) SI_UNIT ( $, .METRE. ) );
#6389 = MECHANICAL_DESIGN_GEOMETRIC_PRESENTATION_REPRESENTATION (  '', ( #6481 ), #6392 ) ;
#6390 = PRESENTATION_LAYER_ASSIGNMENT (  '', '', ( #6481 ) ) ;
#6391 =( GEOMETRIC_REPRESENTATION_CONTEXT ( 3 ) GLOBAL_UNCERTAINTY_ASSIGNED_CONTEXT ( ( #6576 ) ) GLOBAL_UNIT_ASSIGNED_CONTEXT ( ( #6579, #6578, #6577 ) ) REPRESENTATION_CONTEXT ( 'NONE', 'WORKASPACE' ) );
#6392 =( GEOMETRIC_REPRESENTATION_CONTEXT ( 3 ) GLOBAL_UNCERTAINTY_ASSIGNED_CONTEXT ( ( #6382 ) ) GLOBAL_UNIT_ASSIGNED_CONTEXT ( ( #6385, #6384, #6383 ) ) REPRESENTATION_CONTEXT ( 'NONE', 'WORKASPACE' ) );
#6393 = CARTESIAN_POINT ( 'NONE',  ( 0.1906594991443189800, 0.07499999999999992800, 0.07036656359468637700 ) ) ;
#6394 = CARTESIAN_POINT ( 'NONE',  ( 0.1906594991443189800, 0.07199999999999999500, 0.07036656359468637700 ) ) ;
#6395 = CARTESIAN_POINT ( 'NONE',  ( 0.1906685004425150400, 0.07499999999999994200, 0.06950591311852739900 ) ) ;
#6396 = CARTESIAN_POINT ( 'NONE',  ( 0.1906685004425150400, 0.07200000000000000800, 0.06950591311852739900 ) ) ;
#6397 = CARTESIAN_POINT ( 'NONE',  ( 0.1906863671868710100, 0.07499999999999992800, 0.06779760152808148000 ) ) ;
#6398 = CARTESIAN_POINT ( 'NONE',  ( 0.1906863671868710100, 0.07199999999999999500, 0.06779760152808148000 ) ) ;
#6399 = CARTESIAN_POINT ( 'NONE',  ( 0.1909307290361936200, 0.07499999999999995600, 0.06526336819356994000 ) ) ;
#6400 = UNCERTAINTY_MEASURE_WITH_UNIT (LENGTH_MEASURE( 1.000000000000000100E-005 ), #6403, 'distance_accuracy_value', 'NONE');
#6401 =( NAMED_UNIT ( * ) SI_UNIT ( $, .STERADIAN. ) SOLID_ANGLE_UNIT ( ) );
#6402 =( NAMED_UNIT ( * ) PLANE_ANGLE_UNIT ( ) SI_UNIT ( $, .RADIAN. ) );
#6403 =( CONVERSION_BASED_UNIT ( 'INCH', #6404 ) LENGTH_UNIT ( ) NAMED_UNIT ( #6405 ) );
#6404 = LENGTH_MEASURE_WITH_UNIT ( LENGTH_MEASURE( 0.02539999999999999900 ), #6406 );
#6405 = DIMENSIONAL_EXPONENTS ( 1.000000000000000000, 0.0000000000000000000, 0.0000000000000000000, 0.0000000000000000000, 0.0000000000000000000, 0.0000000000000000000, 0.0000000000000000000 ) ;
#6406 =( LENGTH_UNIT ( ) NAMED_UNIT ( * ) SI_UNIT ( $, .METRE. ) );
#6407 = MECHANICAL_DESIGN_GEOMETRIC_PRESENTATION_REPRESENTATION (  '', ( #6492 ), #6490 ) ;
#6408 = MECHANICAL_DESIGN_GEOMETRIC_PRESENTATION_REPRESENTATION (  '', ( #6410 ), #6479 ) ;
#6409 = PRESENTATION_LAYER_ASSIGNMENT (  '', '', ( #6410 ) ) ;
#6410 = STYLED_ITEM ( 'NONE', ( #6480 ), #1759 ) ;
#6411 = CARTESIAN_POINT ( 'NONE',  ( 0.2006993416430322400, 0.07499999999999995600, 0.04332717075867730000 ) ) ;
#6412 = CARTESIAN_POINT ( 'NONE',  ( 0.2006993416430322400, 0.07200000000000000800, 0.04332717075867730000 ) ) ;
#6413 = CARTESIAN_POINT ( 'NONE',  ( 0.2023239315978603000, 0.07499999999999994200, 0.04165371360890020300 ) ) ;
#6414 = CARTESIAN_POINT ( 'NONE',  ( 0.2023239315978603000, 0.07200000000000000800, 0.04165371360890020300 ) ) ;
#6415 = CARTESIAN_POINT ( 'NONE',  ( 0.2040763567920191900, 0.07499999999999992800, 0.04012545890215595700 ) ) ;
#6416 = CARTESIAN_POINT ( 'NONE',  ( 0.2040763567920191900, 0.07199999999999998100, 0.04012545890215595700 ) ) ;
#6417 = CARTESIAN_POINT ( 'NONE',  ( 0.2059177322943120100, 0.07499999999999995600, 0.03868680791918077000 ) ) ;
#6418 = CARTESIAN_POINT ( 'NONE',  ( 0.2059177322943120100, 0.07200000000000000800, 0.03868680791918077000 ) ) ;
#6419 = CARTESIAN_POINT ( 'NONE',  ( 0.2078724879746394700, 0.07499999999999994200, 0.03740237174157111400 ) ) ;
#6420 = CARTESIAN_POINT ( 'NONE',  ( 0.2078724879746394700, 0.07200000000000000800, 0.03740237174157111400 ) ) ;
#6421 = CARTESIAN_POINT ( 'NONE',  ( 0.2098794984396389900, 0.07499999999999992800, 0.03623191549125937000 ) ) ;
#6422 = CARTESIAN_POINT ( 'NONE',  ( 0.2098794984396389900, 0.07199999999999998100, 0.03623191549125937000 ) ) ;
#6423 = CARTESIAN_POINT ( 'NONE',  ( 0.2119352091872752100, 0.07499999999999995600, 0.03521771324434502100 ) ) ;
#6424 = CARTESIAN_POINT ( 'NONE',  ( 0.2119352091872752100, 0.07200000000000000800, 0.03521771324434502100 ) ) ;
#6425 = CARTESIAN_POINT ( 'NONE',  ( 0.2140271136198766700, 0.07499999999999991400, 0.03437166461596692000 ) ) ;
#6426 = CARTESIAN_POINT ( 'NONE',  ( 0.2140271136198766700, 0.07199999999999998100, 0.03437166461596692000 ) ) ;
#6427 = CARTESIAN_POINT ( 'NONE',  ( 0.1974627770066894900, 0.07499999999999998300, 0.09182652968673277200 ) ) ;
#6428 = CARTESIAN_POINT ( 'NONE',  ( 0.1974627770066894900, 0.07200000000000000800, 0.09182652968673277200 ) ) ;
#6429 = CARTESIAN_POINT ( 'NONE',  ( 0.1958724251117275900, 0.07499999999999995600, 0.08957471911268370700 ) ) ;
#6430 = CARTESIAN_POINT ( 'NONE',  ( 0.1958724251117275900, 0.07199999999999998100, 0.08957471911268370700 ) ) ;
#6431 = CARTESIAN_POINT ( 'NONE',  ( 0.1944634655179792700, 0.07499999999999998300, 0.08719635600892486300 ) ) ;
#6432 = CARTESIAN_POINT ( 'NONE',  ( 0.1944634655179792700, 0.07200000000000000800, 0.08719635600892486300 ) ) ;
#6433 = CARTESIAN_POINT ( 'NONE',  ( 0.1932978500732933600, 0.07499999999999994200, 0.08468452795345848800 ) ) ;
#6434 = CARTESIAN_POINT ( 'NONE',  ( 0.1932978500732933600, 0.07199999999999996700, 0.08468452795345848800 ) ) ;
#6435 = CARTESIAN_POINT ( 'NONE',  ( 0.1923309107257884200, 0.07499999999999998300, 0.08205894745795577800 ) ) ;
#6436 = CARTESIAN_POINT ( 'NONE',  ( 0.1923309107257884200, 0.07200000000000000800, 0.08205894745795577800 ) ) ;
#6437 = CARTESIAN_POINT ( 'NONE',  ( 0.1915728325925323800, 0.07499999999999996900, 0.07931000646271484100 ) ) ;
#6438 = CARTESIAN_POINT ( 'NONE',  ( 0.1915728325925323800, 0.07199999999999999500, 0.07931000646271484100 ) ) ;
#6439 = CARTESIAN_POINT ( 'NONE',  ( 0.1910551917319911800, 0.07499999999999995600, 0.07643450748282824800 ) ) ;
#6440 = CARTESIAN_POINT ( 'NONE',  ( 0.1910551917319911800, 0.07199999999999998100, 0.07643450748282824800 ) ) ;
#6441 = CARTESIAN_POINT ( 'NONE',  ( 0.1907237565082219900, 0.07499999999999999700, 0.07344053171009921900 ) ) ;
#6442 = CARTESIAN_POINT ( 'NONE',  ( 0.1907237565082219900, 0.07200000000000002200, 0.07344053171009921900 ) ) ;
#6443 = CARTESIAN_POINT ( 'NONE',  ( 0.1906811808859566700, 0.07499999999999996900, 0.07140378296430607800 ) ) ;
#6444 = CARTESIAN_POINT ( 'NONE',  ( 0.1906811808859566700, 0.07199999999999999500, 0.07140378296430607800 ) ) ;
#6445 = CARTESIAN_POINT ( 'NONE',  ( 0.1906594991443189800, 0.07499999999999996900, 0.07036656359468637700 ) ) ;
#6446 = CARTESIAN_POINT ( 'NONE',  ( 0.1906594991443189800, 0.07199999999999999500, 0.07036656359468637700 ) ) ;
#6447 = B_SPLINE_SURFACE_WITH_KNOTS ( 'NONE', 3, 1, ( 
 ( #6446, #6445 ),
 ( #6444, #6443 ),
 ( #6442, #6441 ),
 ( #6440, #6439 ),
 ( #6438, #6437 ),
 ( #6436, #6435 ),
 ( #6434, #6433 ),
 ( #6432, #6431 ),
 ( #6430, #6429 ),
 ( #6428, #6427 ),
 ( #6563, #6564 ),
 ( #6644, #6573 ),
 ( #6645, #6574 ),
 ( #6679, #6678 ),
 ( #6562, #6618 ),
 ( #6617, #6544 ),
 ( #6555, #6554 ),
 ( #6620, #6619 ),
 ( #6622, #6621 ) ),
 .UNSPECIFIED., .F., .F., .F.,
 ( 4, 1, 1, 1, 1, 1, 1, 1, 1, 1, 1, 1, 1, 1, 1, 1, 4 ),
 ( 2, 2 ),
 ( 0.0000000000000000000, 0.07063224438772650000, 0.1386978872386457900, 0.2049240305541066000, 0.2694491877971018600, 0.3326465867511969600, 0.3953138779979159500, 0.4577780401030122100, 0.5206730674700391600, 0.5828696158172807000, 0.6433350250634060100, 0.7026018859586815600, 0.7607320598415795400, 0.8194840493004196300, 0.8782653240839432000, 0.9384894147916659200, 1.000000000000000000 ),
 ( 0.0000000000000000000, 1.000000000000000000 ),
 .UNSPECIFIED. ) ;
#6448 = B_SPLINE_SURFACE_WITH_KNOTS ( 'NONE', 3, 1, ( 
 ( #6960, #7011 ),
 ( #7012, #6999 ),
 ( #7015, #7062 ),
 ( #6955, #7053 ),
 ( #7052, #6971 ),
 ( #6936, #7018 ),
 ( #6957, #6956 ),
 ( #7001, #7000 ),
 ( #7057, #7067 ),
 ( #7058, #6970 ),
 ( #6969, #7066 ),
 ( #6973, #6972 ),
 ( #7036, #7055 ),
 ( #7054, #7002 ),
 ( #6959, #6958 ),
 ( #7017, #7016 ),
 ( #7051, #7050 ),
 ( #6989, #6988 ),
 ( #6991, #6990 ) ),
 .UNSPECIFIED., .F., .F., .F.,
 ( 4, 1, 1, 1, 1, 1, 1, 1, 1, 1, 1, 1, 1, 1, 1, 1, 4 ),
 ( 2, 2 ),
 ( 0.0000000000000000000, 0.07127227789184098500, 0.1394927224241747600, 0.2046354187153388000, 0.2674057403862638600, 0.3284455975269841600, 0.3883971631415408800, 0.4477339312582658300, 0.5073916212312173900, 0.5667675553634347100, 0.6254783375164181300, 0.6840665059187971400, 0.7432484458153416600, 0.8040333573982576500, 0.8664987506996733000, 0.9317232379841589000, 1.000000000000000000 ),
 ( 0.0000000000000000000, 1.000000000000000000 ),
 .UNSPECIFIED. ) ;
#6449 = DIMENSIONAL_EXPONENTS ( 1.000000000000000000, 0.0000000000000000000, 0.0000000000000000000, 0.0000000000000000000, 0.0000000000000000000, 0.0000000000000000000, 0.0000000000000000000 ) ;
#6450 =( LENGTH_UNIT ( ) NAMED_UNIT ( * ) SI_UNIT ( $, .METRE. ) );
#6451 = LENGTH_MEASURE_WITH_UNIT ( LENGTH_MEASURE( 0.02539999999999999900 ), #6453 );
#6452 = DIMENSIONAL_EXPONENTS ( 1.000000000000000000, 0.0000000000000000000, 0.0000000000000000000, 0.0000000000000000000, 0.0000000000000000000, 0.0000000000000000000, 0.0000000000000000000 ) ;
#6453 =( LENGTH_UNIT ( ) NAMED_UNIT ( * ) SI_UNIT ( $, .METRE. ) );
#6454 = MECHANICAL_DESIGN_GEOMETRIC_PRESENTATION_REPRESENTATION (  '', ( #6456 ), #6514 ) ;
#6455 = PRESENTATION_LAYER_ASSIGNMENT (  '', '', ( #6456 ) ) ;
#6456 = STYLED_ITEM ( 'NONE', ( #6457 ), #1769 ) ;
#6457 = PRESENTATION_STYLE_ASSIGNMENT (( #6458 ) ) ;
#6458 = SURFACE_STYLE_USAGE ( .BOTH. , #6459 ) ;
#6459 = SURFACE_SIDE_STYLE ('',( #6460 ) ) ;
#6460 = SURFACE_STYLE_FILL_AREA ( #6461 ) ;
#6461 = FILL_AREA_STYLE ('',( #6468 ) ) ;
#6462 = COLOUR_RGB ( '',0.9882352941176471000, 1.000000000000000000, 0.9882352941176471000 ) ;
#6463 = FACE_OUTER_BOUND ( 'NONE', #1770, .T. ) ;
#6464 = DIRECTION ( 'NONE',  ( -0.0000000000000000000, 1.000000000000000000, -0.0000000000000000000 ) ) ;
#6465 = VECTOR ( 'NONE', #6464, 39.37007874015748100 ) ;
#6466 = CARTESIAN_POINT ( 'NONE',  ( 0.2473261658109856500, 0.07199999999999999500, -0.1049860005078777500 ) ) ;
#6467 = LINE ( 'NONE', #6466, #6465 ) ;
#6468 = FILL_AREA_STYLE_COLOUR ( '', #6462 ) ;
#6469 = CARTESIAN_POINT ( 'NONE',  ( 0.2473261658109856500, 0.07199999999999999500, -0.1049860005078777500 ) ) ;
#6470 = DIRECTION ( 'NONE',  ( 0.7659742538299849600, 0.0000000000000000000, -0.6428712487501658800 ) ) ;
#6471 = VECTOR ( 'NONE', #6470, 39.37007874015748900 ) ;
#6472 = CARTESIAN_POINT ( 'NONE',  ( 0.1845056529904728300, 0.07199999999999999500, -0.05226164153351877500 ) ) ;
#6473 = LINE ( 'NONE', #6472, #6471 ) ;
#6474 = DIRECTION ( 'NONE',  ( -1.000000000000000000, 0.0000000000000000000, 0.0000000000000000000 ) ) ;
#6475 = DIRECTION ( 'NONE',  ( -0.0000000000000000000, 0.0000000000000000000, -1.000000000000000000 ) ) ;
#6476 = CARTESIAN_POINT ( 'NONE',  ( 0.2645056529904728500, 0.07199999999999999500, -0.05062702614890338800 ) ) ;
#6477 = AXIS2_PLACEMENT_3D ( 'NONE', #6476, #6475, #6474 ) ;
#6478 = PLANE ( 'NONE',  #6477 ) ;
#6479 =( GEOMETRIC_REPRESENTATION_CONTEXT ( 3 ) GLOBAL_UNCERTAINTY_ASSIGNED_CONTEXT ( ( #6365 ) ) GLOBAL_UNIT_ASSIGNED_CONTEXT ( ( #6368, #6367, #6366 ) ) REPRESENTATION_CONTEXT ( 'NONE', 'WORKASPACE' ) );
#6480 = PRESENTATION_STYLE_ASSIGNMENT (( #5914 ) ) ;
#6481 = STYLED_ITEM ( 'NONE', ( #6482 ), #1811 ) ;
#6482 = PRESENTATION_STYLE_ASSIGNMENT (( #6483 ) ) ;
#6483 = SURFACE_STYLE_USAGE ( .BOTH. , #6484 ) ;
#6484 = SURFACE_SIDE_STYLE ('',( #6485 ) ) ;
#6485 = SURFACE_STYLE_FILL_AREA ( #6486 ) ;
#6486 = FILL_AREA_STYLE ('',( #6487 ) ) ;
#6487 = FILL_AREA_STYLE_COLOUR ( '', #6488 ) ;
#6488 = COLOUR_RGB ( '',0.9882352941176471000, 1.000000000000000000, 0.9882352941176471000 ) ;
#6489 = FACE_OUTER_BOUND ( 'NONE', #1822, .T. ) ;
#6490 =( GEOMETRIC_REPRESENTATION_CONTEXT ( 3 ) GLOBAL_UNCERTAINTY_ASSIGNED_CONTEXT ( ( #6400 ) ) GLOBAL_UNIT_ASSIGNED_CONTEXT ( ( #6403, #6402, #6401 ) ) REPRESENTATION_CONTEXT ( 'NONE', 'WORKASPACE' ) );
#6491 = PRESENTATION_LAYER_ASSIGNMENT (  '', '', ( #6492 ) ) ;
#6492 = STYLED_ITEM ( 'NONE', ( #6493 ), #1810 ) ;
#6493 = PRESENTATION_STYLE_ASSIGNMENT (( #6494 ) ) ;
#6494 = SURFACE_STYLE_USAGE ( .BOTH. , #6495 ) ;
#6495 = SURFACE_SIDE_STYLE ('',( #6496 ) ) ;
#6496 = SURFACE_STYLE_FILL_AREA ( #6497 ) ;
#6497 = FILL_AREA_STYLE ('',( #6503 ) ) ;
#6498 = COLOUR_RGB ( '',0.9882352941176471000, 1.000000000000000000, 0.9882352941176471000 ) ;
#6499 = FACE_OUTER_BOUND ( 'NONE', #1815, .T. ) ;
#6500 = DIRECTION ( 'NONE',  ( -0.0000000000000000000, 1.000000000000000000, -0.0000000000000000000 ) ) ;
#6501 = VECTOR ( 'NONE', #6500, 39.37007874015748100 ) ;
#6502 = CARTESIAN_POINT ( 'NONE',  ( 0.1906594991443189800, 0.07199999999999999500, 0.07036656359468637700 ) ) ;
#6503 = FILL_AREA_STYLE_COLOUR ( '', #6498 ) ;
#6504 = LINE ( 'NONE', #6502, #6501 ) ;
#6505 = DIRECTION ( 'NONE',  ( -0.0000000000000000000, 1.000000000000000000, -0.0000000000000000000 ) ) ;
#6506 = VECTOR ( 'NONE', #6505, 39.37007874015748100 ) ;
#6507 = CARTESIAN_POINT ( 'NONE',  ( 0.2645056529904728500, 0.07199999999999999500, -0.05780651332839056900 ) ) ;
#6508 = LINE ( 'NONE', #6507, #6506 ) ;
#6509 = DIRECTION ( 'NONE',  ( -1.000000000000000000, 0.0000000000000000000, 0.0000000000000000000 ) ) ;
#6510 = DIRECTION ( 'NONE',  ( -0.0000000000000000000, 0.0000000000000000000, -1.000000000000000000 ) ) ;
#6511 = CARTESIAN_POINT ( 'NONE',  ( 0.2473261658109856500, 0.07199999999999999500, -0.1049860005078777500 ) ) ;
#6512 = AXIS2_PLACEMENT_3D ( 'NONE', #6511, #6510, #6509 ) ;
#6513 = PLANE ( 'NONE',  #6512 ) ;
#6514 =( GEOMETRIC_REPRESENTATION_CONTEXT ( 3 ) GLOBAL_UNCERTAINTY_ASSIGNED_CONTEXT ( ( #6515 ) ) GLOBAL_UNIT_ASSIGNED_CONTEXT ( ( #6518, #6517, #6516 ) ) REPRESENTATION_CONTEXT ( 'NONE', 'WORKASPACE' ) );
#6515 = UNCERTAINTY_MEASURE_WITH_UNIT (LENGTH_MEASURE( 1.000000000000000100E-005 ), #6518, 'distance_accuracy_value', 'NONE');
#6516 =( NAMED_UNIT ( * ) SI_UNIT ( $, .STERADIAN. ) SOLID_ANGLE_UNIT ( ) );
#6517 =( NAMED_UNIT ( * ) PLANE_ANGLE_UNIT ( ) SI_UNIT ( $, .RADIAN. ) );
#6518 =( CONVERSION_BASED_UNIT ( 'INCH', #6451 ) LENGTH_UNIT ( ) NAMED_UNIT ( #6452 ) );
#6519 = CARTESIAN_POINT ( 'NONE',  ( 0.2248582170930369400, 0.07199999999999999500, 0.03244989692801970200 ) ) ;
#6520 = B_SPLINE_CURVE_WITH_KNOTS ( 'NONE', 3,
 ( #6553, #6552, #6643, #6642, #6641, #6640, #6639, #6638, #6572, #6571, #6570, #6569, #6568, #6567, #6551, #6550, #6549, #6548, #6547, #6546, #6545, #6543, #6542, #6541, #6540, #6539, #6538 ),
 .UNSPECIFIED., .F., .F.,
 ( 4, 1, 1, 1, 1, 1, 1, 1, 1, 1, 1, 1, 1, 1, 1, 1, 1, 1, 1, 1, 1, 1, 1, 1, 4 ),
 ( 0.0000000000000000000, 0.03899344646090452400, 0.07788041479331193900, 0.1166493024159087500, 0.1553440778236206700, 0.1946339249847586500, 0.2342763266573204600, 0.2745611885595862200, 0.3156805916222300600, 0.3570320364220081500, 0.3980941950926086800, 0.4391087510790839800, 0.4798433742437601100, 0.5212834238805891300, 0.5628493131539064100, 0.6052997225012710600, 0.6484154838095416200, 0.6917332756807533800, 0.7351540258205742100, 0.7783732266842977600, 0.8216643198087404400, 0.8655263091479362700, 0.9097332496255159400, 0.9545234475223318700, 0.9999999999999998900 ),
 .UNSPECIFIED. ) ;
#6521 = LINE ( 'NONE', #6519, #6559 ) ;
#6522 = CARTESIAN_POINT ( 'NONE',  ( 0.2538016570983736600, 0.07200000000000000800, 0.05023055903532690200 ) ) ;
#6523 = CARTESIAN_POINT ( 'NONE',  ( 0.2548723317594800400, 0.07200000000000000800, 0.05234578678625069500 ) ) ;
#6524 = CARTESIAN_POINT ( 'NONE',  ( 0.2558114458628599200, 0.07199999999999996700, 0.05450489698474332600 ) ) ;
#6525 = CARTESIAN_POINT ( 'NONE',  ( 0.2565915788676972900, 0.07200000000000003600, 0.05669653333104741900 ) ) ;
#6526 = CARTESIAN_POINT ( 'NONE',  ( 0.2572377316461721400, 0.07199999999999998100, 0.05891646535980325100 ) ) ;
#6527 = CARTESIAN_POINT ( 'NONE',  ( 0.2577352196095906700, 0.07200000000000000800, 0.06115975474275864300 ) ) ;
#6528 = CARTESIAN_POINT ( 'NONE',  ( 0.2580826251141111200, 0.07199999999999996700, 0.06343532049690046900 ) ) ;
#6529 = CARTESIAN_POINT ( 'NONE',  ( 0.2583234279599026500, 0.07199999999999999500, 0.06573531540203370000 ) ) ;
#6530 = CARTESIAN_POINT ( 'NONE',  ( 0.2583423390259898500, 0.07199999999999999500, 0.06728368249651475700 ) ) ;
#6531 = CARTESIAN_POINT ( 'NONE',  ( 0.2583518068366266700, 0.07199999999999999500, 0.06805887128699406000 ) ) ;
#6532 = FACE_OUTER_BOUND ( 'NONE', #1826, .T. ) ;
#6533 = CARTESIAN_POINT ( 'NONE',  ( 0.2450184735032933700, 0.07199999999999999500, 0.09809092256904535000 ) ) ;
#6534 = B_SPLINE_CURVE_WITH_KNOTS ( 'NONE', 3,
 ( #6533, #6665, #6664, #6663, #6662, #6661, #6660, #6659, #6658, #6657, #6656 ),
 .UNSPECIFIED., .F., .F.,
 ( 4, 1, 1, 1, 1, 1, 1, 1, 4 ),
 ( 0.0000000000000000000, 0.1365056850436481300, 0.2690316383389064800, 0.3989195614459561900, 0.5270819905998563900, 0.6522723430909017600, 0.7721365248474613100, 0.8874883294200509600, 1.000000000000000000 ),
 .UNSPECIFIED. ) ;
#6535 = CARTESIAN_POINT ( 'NONE',  ( 0.2583518068366266700, 0.07199999999999999500, 0.06805887128699406000 ) ) ;
#6536 = CARTESIAN_POINT ( 'NONE',  ( 0.2248582170930369400, 0.07199999999999999500, 0.03244989692801970200 ) ) ;
#6537 = CARTESIAN_POINT ( 'NONE',  ( 0.1906594991443189800, 0.07199999999999999500, 0.07036656359468637700 ) ) ;
#6538 = CARTESIAN_POINT ( 'NONE',  ( 0.1906594991443189800, 0.07199999999999999500, 0.07036656359468637700 ) ) ;
#6539 = CARTESIAN_POINT ( 'NONE',  ( 0.1906685004425150400, 0.07200000000000000800, 0.06950591311852739900 ) ) ;
#6540 = CARTESIAN_POINT ( 'NONE',  ( 0.1906863671868710100, 0.07199999999999999500, 0.06779760152808148000 ) ) ;
#6541 = CARTESIAN_POINT ( 'NONE',  ( 0.1909307290361936200, 0.07200000000000000800, 0.06526336819356994000 ) ) ;
#6542 = CARTESIAN_POINT ( 'NONE',  ( 0.1912674714440650600, 0.07199999999999999500, 0.06277139556025881900 ) ) ;
#6543 = CARTESIAN_POINT ( 'NONE',  ( 0.1917909068090816200, 0.07199999999999998100, 0.06034000649338543100 ) ) ;
#6544 = CARTESIAN_POINT ( 'NONE',  ( 0.2100731624384421800, 0.07499999999999995600, 0.1009888248909060800 ) ) ;
#6545 = CARTESIAN_POINT ( 'NONE',  ( 0.1924294920436869800, 0.07200000000000000800, 0.05795685930148758400 ) ) ;
#6546 = CARTESIAN_POINT ( 'NONE',  ( 0.1932130197528934600, 0.07200000000000000800, 0.05562479494434211000 ) ) ;
#6547 = CARTESIAN_POINT ( 'NONE',  ( 0.1941644230933210200, 0.07199999999999998100, 0.05335606916082996600 ) ) ;
#6548 = CARTESIAN_POINT ( 'NONE',  ( 0.1952343324791989700, 0.07200000000000000800, 0.05114343412846171500 ) ) ;
#6549 = CARTESIAN_POINT ( 'NONE',  ( 0.1964319672132723800, 0.07199999999999998100, 0.04901755501874723700 ) ) ;
#6550 = CARTESIAN_POINT ( 'NONE',  ( 0.1977457551522859000, 0.07199999999999999500, 0.04700149871016137700 ) ) ;
#6551 = CARTESIAN_POINT ( 'NONE',  ( 0.1991591385897572600, 0.07200000000000000800, 0.04509218979665165900 ) ) ;
#6552 = CARTESIAN_POINT ( 'NONE',  ( 0.2241206395965424600, 0.07200000000000000800, 0.03246732440942324400 ) ) ;
#6553 = CARTESIAN_POINT ( 'NONE',  ( 0.2248582170930369400, 0.07199999999999999500, 0.03244989692801970200 ) ) ;
#6554 = CARTESIAN_POINT ( 'NONE',  ( 0.2126222122620423100, 0.07499999999999994200, 0.1017343889365780600 ) ) ;
#6555 = CARTESIAN_POINT ( 'NONE',  ( 0.2126222122620423100, 0.07199999999999996700, 0.1017343889365780600 ) ) ;
#6556 = CARTESIAN_POINT ( 'NONE',  ( 0.2583518068366266700, 0.07199999999999999500, 0.06805887128699406000 ) ) ;
#6557 = LINE ( 'NONE', #6556, #6625 ) ;
#6558 = DIRECTION ( 'NONE',  ( -0.0000000000000000000, 1.000000000000000000, -0.0000000000000000000 ) ) ;
#6559 = VECTOR ( 'NONE', #6558, 39.37007874015748100 ) ;
#6560 = DIRECTION ( 'NONE',  ( 1.000000000000000000, 0.0000000000000000000, 0.0000000000000000000 ) ) ;
#6561 = VECTOR ( 'NONE', #6560, 39.37007874015748100 ) ;
#6562 = CARTESIAN_POINT ( 'NONE',  ( 0.2076433323675722900, 0.07199999999999999500, 0.1000249762063475900 ) ) ;
#6563 = CARTESIAN_POINT ( 'NONE',  ( 0.1992342073069763300, 0.07199999999999998100, 0.09390152062823073400 ) ) ;
#6564 = CARTESIAN_POINT ( 'NONE',  ( 0.1992342073069763300, 0.07499999999999995600, 0.09390152062823073400 ) ) ;
#6565 =( GEOMETRIC_REPRESENTATION_CONTEXT ( 3 ) GLOBAL_UNCERTAINTY_ASSIGNED_CONTEXT ( ( #6646 ) ) GLOBAL_UNIT_ASSIGNED_CONTEXT ( ( #6649, #6648, #6647 ) ) REPRESENTATION_CONTEXT ( 'NONE', 'WORKASPACE' ) );
#6566 = CARTESIAN_POINT ( 'NONE',  ( 0.2152748837597036100, 0.07199999999999999500, 0.07552682000494279100 ) ) ;
#6567 = CARTESIAN_POINT ( 'NONE',  ( 0.2006993416430322400, 0.07200000000000000800, 0.04332717075867730000 ) ) ;
#6568 = CARTESIAN_POINT ( 'NONE',  ( 0.2023239315978603000, 0.07200000000000000800, 0.04165371360890020300 ) ) ;
#6569 = CARTESIAN_POINT ( 'NONE',  ( 0.2040763567920191900, 0.07199999999999998100, 0.04012545890215595700 ) ) ;
#6570 = CARTESIAN_POINT ( 'NONE',  ( 0.2059177322943120100, 0.07200000000000000800, 0.03868680791918077000 ) ) ;
#6571 = CARTESIAN_POINT ( 'NONE',  ( 0.2078724879746394700, 0.07200000000000000800, 0.03740237174157111400 ) ) ;
#6572 = CARTESIAN_POINT ( 'NONE',  ( 0.2098794984396389900, 0.07199999999999998100, 0.03623191549125937000 ) ) ;
#6573 = CARTESIAN_POINT ( 'NONE',  ( 0.2011472946152134700, 0.07499999999999998300, 0.09577052485012917100 ) ) ;
#6574 = CARTESIAN_POINT ( 'NONE',  ( 0.2031833213502424200, 0.07499999999999996900, 0.09741334723840532100 ) ) ;
#6575 = LINE ( 'NONE', #6566, #6561 ) ;
#6576 = UNCERTAINTY_MEASURE_WITH_UNIT (LENGTH_MEASURE( 1.000000000000000100E-005 ), #6579, 'distance_accuracy_value', 'NONE');
#6577 =( NAMED_UNIT ( * ) SI_UNIT ( $, .STERADIAN. ) SOLID_ANGLE_UNIT ( ) );
#6578 =( NAMED_UNIT ( * ) PLANE_ANGLE_UNIT ( ) SI_UNIT ( $, .RADIAN. ) );
#6579 =( CONVERSION_BASED_UNIT ( 'INCH', #6580 ) LENGTH_UNIT ( ) NAMED_UNIT ( #6581 ) );
#6580 = LENGTH_MEASURE_WITH_UNIT ( LENGTH_MEASURE( 0.02539999999999999900 ), #6582 );
#6581 = DIMENSIONAL_EXPONENTS ( 1.000000000000000000, 0.0000000000000000000, 0.0000000000000000000, 0.0000000000000000000, 0.0000000000000000000, 0.0000000000000000000, 0.0000000000000000000 ) ;
#6582 =( LENGTH_UNIT ( ) NAMED_UNIT ( * ) SI_UNIT ( $, .METRE. ) );
#6583 = MECHANICAL_DESIGN_GEOMETRIC_PRESENTATION_REPRESENTATION (  '', ( #6681 ), #6391 ) ;
#6584 = CARTESIAN_POINT ( 'NONE',  ( 0.2484199775602097300, 0.07499999999999994200, 0.04271036878990141400 ) ) ;
#6585 = CARTESIAN_POINT ( 'NONE',  ( 0.2484199775602097300, 0.07200000000000000800, 0.04271036878990141400 ) ) ;
#6586 = CARTESIAN_POINT ( 'NONE',  ( 0.2499309938171508900, 0.07499999999999992800, 0.04440711828571437800 ) ) ;
#6587 = CARTESIAN_POINT ( 'NONE',  ( 0.2499309938171508900, 0.07199999999999998100, 0.04440711828571437800 ) ) ;
#6588 = CARTESIAN_POINT ( 'NONE',  ( 0.2513292697629971300, 0.07499999999999992800, 0.04623097886296063200 ) ) ;
#6589 = CARTESIAN_POINT ( 'NONE',  ( 0.2513292697629971300, 0.07199999999999999500, 0.04623097886296063200 ) ) ;
#6590 = CARTESIAN_POINT ( 'NONE',  ( 0.2526328344716463100, 0.07499999999999991400, 0.04816946911455574600 ) ) ;
#6591 = CARTESIAN_POINT ( 'NONE',  ( 0.2526328344716463100, 0.07199999999999998100, 0.04816946911455574600 ) ) ;
#6592 = CARTESIAN_POINT ( 'NONE',  ( 0.2538016570983736600, 0.07499999999999994200, 0.05023055903532690200 ) ) ;
#6593 = CARTESIAN_POINT ( 'NONE',  ( 0.2538016570983736600, 0.07200000000000000800, 0.05023055903532690200 ) ) ;
#6594 = CARTESIAN_POINT ( 'NONE',  ( 0.2548723317594800400, 0.07499999999999995600, 0.05234578678625069500 ) ) ;
#6595 = CARTESIAN_POINT ( 'NONE',  ( 0.2548723317594800400, 0.07200000000000000800, 0.05234578678625069500 ) ) ;
#6596 = CARTESIAN_POINT ( 'NONE',  ( 0.2558114458628599200, 0.07499999999999991400, 0.05450489698474332600 ) ) ;
#6597 = CARTESIAN_POINT ( 'NONE',  ( 0.2558114458628599200, 0.07199999999999996700, 0.05450489698474332600 ) ) ;
#6598 = CARTESIAN_POINT ( 'NONE',  ( 0.2565915788676972900, 0.07499999999999998300, 0.05669653333104741900 ) ) ;
#6599 = CARTESIAN_POINT ( 'NONE',  ( 0.2565915788676972900, 0.07200000000000003600, 0.05669653333104741900 ) ) ;
#6600 = CARTESIAN_POINT ( 'NONE',  ( 0.2572377316461721400, 0.07499999999999991400, 0.05891646535980325100 ) ) ;
#6601 = CARTESIAN_POINT ( 'NONE',  ( 0.2572377316461721400, 0.07199999999999998100, 0.05891646535980325100 ) ) ;
#6602 = CARTESIAN_POINT ( 'NONE',  ( 0.2577352196095906700, 0.07499999999999994200, 0.06115975474275864300 ) ) ;
#6603 = CARTESIAN_POINT ( 'NONE',  ( 0.2577352196095906700, 0.07200000000000000800, 0.06115975474275864300 ) ) ;
#6604 = CARTESIAN_POINT ( 'NONE',  ( 0.2580826251141111200, 0.07499999999999991400, 0.06343532049690046900 ) ) ;
#6605 = CARTESIAN_POINT ( 'NONE',  ( 0.2580826251141111200, 0.07199999999999996700, 0.06343532049690046900 ) ) ;
#6606 = CARTESIAN_POINT ( 'NONE',  ( 0.2583234279599026500, 0.07499999999999992800, 0.06573531540203370000 ) ) ;
#6607 = CARTESIAN_POINT ( 'NONE',  ( 0.2583234279599026500, 0.07199999999999999500, 0.06573531540203370000 ) ) ;
#6608 = CARTESIAN_POINT ( 'NONE',  ( 0.2583423390259898500, 0.07499999999999992800, 0.06728368249651475700 ) ) ;
#6609 = CARTESIAN_POINT ( 'NONE',  ( 0.2583423390259898500, 0.07199999999999999500, 0.06728368249651475700 ) ) ;
#6610 = CARTESIAN_POINT ( 'NONE',  ( 0.2583518068366266700, 0.07499999999999994200, 0.06805887128699407400 ) ) ;
#6611 = CARTESIAN_POINT ( 'NONE',  ( 0.2583518068366266700, 0.07200000000000000800, 0.06805887128699407400 ) ) ;
#6612 = B_SPLINE_SURFACE_WITH_KNOTS ( 'NONE', 3, 1, ( 
 ( #6611, #6610 ),
 ( #6609, #6608 ),
 ( #6607, #6606 ),
 ( #6605, #6604 ),
 ( #6603, #6602 ),
 ( #6601, #6600 ),
 ( #6599, #6598 ),
 ( #6597, #6596 ),
 ( #6595, #6594 ),
 ( #6593, #6592 ),
 ( #6591, #6590 ),
 ( #6589, #6588 ),
 ( #6587, #6586 ),
 ( #6585, #6584 ),
 ( #6715, #6714 ),
 ( #6713, #6712 ),
 ( #6711, #6710 ),
 ( #6709, #6708 ),
 ( #6707, #6706 ),
 ( #6705, #6704 ),
 ( #6703, #6702 ),
 ( #6701, #6700 ),
 ( #6699, #6698 ),
 ( #6697, #6696 ),
 ( #6695, #6694 ),
 ( #6693, #6692 ),
 ( #6691, #6690 ) ),
 .UNSPECIFIED., .F., .F., .F.,
 ( 4, 1, 1, 1, 1, 1, 1, 1, 1, 1, 1, 1, 1, 1, 1, 1, 1, 1, 1, 1, 1, 1, 1, 1, 4 ),
 ( 2, 2 ),
 ( 0.0000000000000000000, 0.04284771357433693500, 0.08558429970488989900, 0.1277380939349250000, 0.1700942539717111000, 0.2125358189146089300, 0.2555146790367426900, 0.2986455337159916700, 0.3426357050605065600, 0.3865653378499365200, 0.4295766685481419700, 0.4717025096739228500, 0.5135519628973208600, 0.5551179430498615100, 0.5963847622346315500, 0.6379759249896654900, 0.6796844055173626400, 0.7211999746389913300, 0.7617630397424133300, 0.8020801350554230800, 0.8417822321351944300, 0.8810423215979825700, 0.9206211541214169800, 0.9600951301757806300, 1.000000000000000000 ),
 ( 0.0000000000000000000, 1.000000000000000000 ),
 .UNSPECIFIED. ) ;
#6613 = VECTOR ( 'NONE', #6689, 39.37007874015748100 ) ;
#6614 = CARTESIAN_POINT ( 'NONE',  ( 0.2450184735032933700, 0.07199999999999999500, 0.09809092256904535000 ) ) ;
#6615 = LINE ( 'NONE', #6614, #6613 ) ;
#6616 = FILL_AREA_STYLE_COLOUR ( '', #6687 ) ;
#6617 = CARTESIAN_POINT ( 'NONE',  ( 0.2100731624384421800, 0.07199999999999998100, 0.1009888248909060800 ) ) ;
#6618 = CARTESIAN_POINT ( 'NONE',  ( 0.2076433323675722900, 0.07499999999999996900, 0.1000249762063475900 ) ) ;
#6619 = CARTESIAN_POINT ( 'NONE',  ( 0.2143844521317017900, 0.07499999999999996900, 0.1020393797103908000 ) ) ;
#6620 = CARTESIAN_POINT ( 'NONE',  ( 0.2143844521317017900, 0.07199999999999999500, 0.1020393797103908000 ) ) ;
#6621 = CARTESIAN_POINT ( 'NONE',  ( 0.2152748837597036100, 0.07499999999999996900, 0.1021934866716094500 ) ) ;
#6622 = CARTESIAN_POINT ( 'NONE',  ( 0.2152748837597036100, 0.07199999999999999500, 0.1021934866716094500 ) ) ;
#6623 = B_SPLINE_CURVE_WITH_KNOTS ( 'NONE', 3,
 ( #6531, #6530, #6529, #6528, #6527, #6526, #6525, #6524, #6523, #6522, #6637, #6636, #6635, #6634, #6633, #6632, #6631, #6630, #6629, #6628, #6627, #6626, #6677, #6676, #6675, #6674, #6673 ),
 .UNSPECIFIED., .F., .F.,
 ( 4, 1, 1, 1, 1, 1, 1, 1, 1, 1, 1, 1, 1, 1, 1, 1, 1, 1, 1, 1, 1, 1, 1, 1, 4 ),
 ( 0.0000000000000000000, 0.04284771357433693500, 0.08558429970488989900, 0.1277380939349250000, 0.1700942539717111000, 0.2125358189146089300, 0.2555146790367426900, 0.2986455337159916700, 0.3426357050605065600, 0.3865653378499365200, 0.4295766685481419700, 0.4717025096739228500, 0.5135519628973208600, 0.5551179430498615100, 0.5963847622346315500, 0.6379759249896654900, 0.6796844055173626400, 0.7211999746389913300, 0.7617630397424133300, 0.8020801350554230800, 0.8417822321351944300, 0.8810423215979825700, 0.9206211541214169800, 0.9600951301757806300, 1.000000000000000000 ),
 .UNSPECIFIED. ) ;
#6624 = DIRECTION ( 'NONE',  ( -0.0000000000000000000, 1.000000000000000000, -0.0000000000000000000 ) ) ;
#6625 = VECTOR ( 'NONE', #6624, 39.37007874015748100 ) ;
#6626 = CARTESIAN_POINT ( 'NONE',  ( 0.2333501060126416100, 0.07200000000000000800, 0.03359881725716374500 ) ) ;
#6627 = CARTESIAN_POINT ( 'NONE',  ( 0.2354050570337533100, 0.07199999999999998100, 0.03425928133386794300 ) ) ;
#6628 = CARTESIAN_POINT ( 'NONE',  ( 0.2374371662747789000, 0.07199999999999998100, 0.03505516667681998800 ) ) ;
#6629 = CARTESIAN_POINT ( 'NONE',  ( 0.2394346634898109600, 0.07199999999999998100, 0.03601258937802592100 ) ) ;
#6630 = CARTESIAN_POINT ( 'NONE',  ( 0.2413954667911468200, 0.07200000000000002200, 0.03709498913343792200 ) ) ;
#6631 = CARTESIAN_POINT ( 'NONE',  ( 0.2433016905722211200, 0.07199999999999998100, 0.03830725518768903600 ) ) ;
#6632 = CARTESIAN_POINT ( 'NONE',  ( 0.2451100026961608700, 0.07200000000000000800, 0.03965377392635289300 ) ) ;
#6633 = CARTESIAN_POINT ( 'NONE',  ( 0.2468202361534684300, 0.07199999999999999500, 0.04111902867350030600 ) ) ;
#6634 = CARTESIAN_POINT ( 'NONE',  ( 0.2484199775602097300, 0.07200000000000000800, 0.04271036878990141400 ) ) ;
#6635 = CARTESIAN_POINT ( 'NONE',  ( 0.2499309938171508900, 0.07199999999999998100, 0.04440711828571437800 ) ) ;
#6636 = CARTESIAN_POINT ( 'NONE',  ( 0.2513292697629971300, 0.07199999999999999500, 0.04623097886296063200 ) ) ;
#6637 = CARTESIAN_POINT ( 'NONE',  ( 0.2526328344716463100, 0.07199999999999998100, 0.04816946911455574600 ) ) ;
#6638 = CARTESIAN_POINT ( 'NONE',  ( 0.2119352091872752100, 0.07200000000000000800, 0.03521771324434502100 ) ) ;
#6639 = CARTESIAN_POINT ( 'NONE',  ( 0.2140271136198766700, 0.07199999999999998100, 0.03437166461596692000 ) ) ;
#6640 = CARTESIAN_POINT ( 'NONE',  ( 0.2161360738386387800, 0.07200000000000000800, 0.03365409679966664700 ) ) ;
#6641 = CARTESIAN_POINT ( 'NONE',  ( 0.2182857062290871300, 0.07200000000000000800, 0.03313888443172916700 ) ) ;
#6642 = CARTESIAN_POINT ( 'NONE',  ( 0.2204481620370872500, 0.07199999999999995300, 0.03272064057857127600 ) ) ;
#6643 = CARTESIAN_POINT ( 'NONE',  ( 0.2226474986822917200, 0.07200000000000002200, 0.03250213178357701900 ) ) ;
#6644 = CARTESIAN_POINT ( 'NONE',  ( 0.2011472946152134700, 0.07200000000000000800, 0.09577052485012917100 ) ) ;
#6645 = CARTESIAN_POINT ( 'NONE',  ( 0.2031833213502424200, 0.07199999999999999500, 0.09741334723840532100 ) ) ;
#6646 = UNCERTAINTY_MEASURE_WITH_UNIT (LENGTH_MEASURE( 1.000000000000000100E-005 ), #6649, 'distance_accuracy_value', 'NONE');
#6647 =( NAMED_UNIT ( * ) SI_UNIT ( $, .STERADIAN. ) SOLID_ANGLE_UNIT ( ) );
#6648 =( NAMED_UNIT ( * ) PLANE_ANGLE_UNIT ( ) SI_UNIT ( $, .RADIAN. ) );
#6649 =( CONVERSION_BASED_UNIT ( 'INCH', #6650 ) LENGTH_UNIT ( ) NAMED_UNIT ( #6651 ) );
#6650 = LENGTH_MEASURE_WITH_UNIT ( LENGTH_MEASURE( 0.02539999999999999900 ), #6652 );
#6651 = DIMENSIONAL_EXPONENTS ( 1.000000000000000000, 0.0000000000000000000, 0.0000000000000000000, 0.0000000000000000000, 0.0000000000000000000, 0.0000000000000000000, 0.0000000000000000000 ) ;
#6652 =( LENGTH_UNIT ( ) NAMED_UNIT ( * ) SI_UNIT ( $, .METRE. ) );
#6653 = MECHANICAL_DESIGN_GEOMETRIC_PRESENTATION_REPRESENTATION (  '', ( #6655 ), #6565 ) ;
#6654 = PRESENTATION_LAYER_ASSIGNMENT (  '', '', ( #6655 ) ) ;
#6655 = STYLED_ITEM ( 'NONE', ( #6666 ), #1837 ) ;
#6656 = CARTESIAN_POINT ( 'NONE',  ( 0.2583518068366266700, 0.07199999999999999500, 0.06805887128699406000 ) ) ;
#6657 = CARTESIAN_POINT ( 'NONE',  ( 0.2583122963770118100, 0.07200000000000000800, 0.06932228030607147400 ) ) ;
#6658 = CARTESIAN_POINT ( 'NONE',  ( 0.2582322780945856500, 0.07200000000000000800, 0.07188099059934252600 ) ) ;
#6659 = CARTESIAN_POINT ( 'NONE',  ( 0.2575480790264883000, 0.07200000000000000800, 0.07573449846151303300 ) ) ;
#6660 = CARTESIAN_POINT ( 'NONE',  ( 0.2564916484756971100, 0.07199999999999999500, 0.07964287377113164800 ) ) ;
#6661 = CARTESIAN_POINT ( 'NONE',  ( 0.2549997792432007700, 0.07200000000000000800, 0.08356391933431117600 ) ) ;
#6662 = CARTESIAN_POINT ( 'NONE',  ( 0.2531129269650866400, 0.07199999999999998100, 0.08743474302553172500 ) ) ;
#6663 = CARTESIAN_POINT ( 'NONE',  ( 0.2508335952033351500, 0.07199999999999998100, 0.09118624512312460700 ) ) ;
#6664 = CARTESIAN_POINT ( 'NONE',  ( 0.2481253004559821100, 0.07200000000000000800, 0.09476262744534641500 ) ) ;
#6665 = CARTESIAN_POINT ( 'NONE',  ( 0.2460642454138821700, 0.07199999999999998100, 0.09697060347708504100 ) ) ;
#6666 = PRESENTATION_STYLE_ASSIGNMENT (( #6667 ) ) ;
#6667 = SURFACE_STYLE_USAGE ( .BOTH. , #6668 ) ;
#6668 = SURFACE_SIDE_STYLE ('',( #6669 ) ) ;
#6669 = SURFACE_STYLE_FILL_AREA ( #6670 ) ;
#6670 = FILL_AREA_STYLE ('',( #6671 ) ) ;
#6671 = FILL_AREA_STYLE_COLOUR ( '', #6672 ) ;
#6672 = COLOUR_RGB ( '',0.9882352941176471000, 1.000000000000000000, 0.9882352941176471000 ) ;
#6673 = CARTESIAN_POINT ( 'NONE',  ( 0.2248582170930369400, 0.07199999999999999500, 0.03244989692801970200 ) ) ;
#6674 = CARTESIAN_POINT ( 'NONE',  ( 0.2255797858123759200, 0.07199999999999998100, 0.03246798939467888900 ) ) ;
#6675 = CARTESIAN_POINT ( 'NONE',  ( 0.2270151317342026000, 0.07199999999999998100, 0.03250397896509547900 ) ) ;
#6676 = CARTESIAN_POINT ( 'NONE',  ( 0.2291587704593751300, 0.07199999999999999500, 0.03271120519670943400 ) ) ;
#6677 = CARTESIAN_POINT ( 'NONE',  ( 0.2312680286490027300, 0.07200000000000000800, 0.03308139043164904500 ) ) ;
#6678 = CARTESIAN_POINT ( 'NONE',  ( 0.2053602709491865500, 0.07499999999999996900, 0.09881632232609269300 ) ) ;
#6679 = CARTESIAN_POINT ( 'NONE',  ( 0.2053602709491865500, 0.07199999999999999500, 0.09881632232609269300 ) ) ;
#6680 = PRESENTATION_LAYER_ASSIGNMENT (  '', '', ( #6681 ) ) ;
#6681 = STYLED_ITEM ( 'NONE', ( #6682 ), #1839 ) ;
#6682 = PRESENTATION_STYLE_ASSIGNMENT (( #6683 ) ) ;
#6683 = SURFACE_STYLE_USAGE ( .BOTH. , #6684 ) ;
#6684 = SURFACE_SIDE_STYLE ('',( #6685 ) ) ;
#6685 = SURFACE_STYLE_FILL_AREA ( #6686 ) ;
#6686 = FILL_AREA_STYLE ('',( #6616 ) ) ;
#6687 = COLOUR_RGB ( '',0.9882352941176471000, 1.000000000000000000, 0.9882352941176471000 ) ;
#6688 = FACE_OUTER_BOUND ( 'NONE', #1841, .T. ) ;
#6689 = DIRECTION ( 'NONE',  ( -0.0000000000000000000, 1.000000000000000000, -0.0000000000000000000 ) ) ;
#6690 = CARTESIAN_POINT ( 'NONE',  ( 0.2248582170930369400, 0.07499999999999992800, 0.03244989692801970200 ) ) ;
#6691 = CARTESIAN_POINT ( 'NONE',  ( 0.2248582170930369400, 0.07199999999999999500, 0.03244989692801970200 ) ) ;
#6692 = CARTESIAN_POINT ( 'NONE',  ( 0.2255797858123759200, 0.07499999999999991400, 0.03246798939467888900 ) ) ;
#6693 = CARTESIAN_POINT ( 'NONE',  ( 0.2255797858123759200, 0.07199999999999998100, 0.03246798939467888900 ) ) ;
#6694 = CARTESIAN_POINT ( 'NONE',  ( 0.2270151317342026000, 0.07499999999999991400, 0.03250397896509547900 ) ) ;
#6695 = CARTESIAN_POINT ( 'NONE',  ( 0.2270151317342026000, 0.07199999999999998100, 0.03250397896509547900 ) ) ;
#6696 = CARTESIAN_POINT ( 'NONE',  ( 0.2291587704593751300, 0.07499999999999992800, 0.03271120519670943400 ) ) ;
#6697 = CARTESIAN_POINT ( 'NONE',  ( 0.2291587704593751300, 0.07199999999999999500, 0.03271120519670943400 ) ) ;
#6698 = CARTESIAN_POINT ( 'NONE',  ( 0.2312680286490027300, 0.07499999999999994200, 0.03308139043164904500 ) ) ;
#6699 = CARTESIAN_POINT ( 'NONE',  ( 0.2312680286490027300, 0.07200000000000000800, 0.03308139043164904500 ) ) ;
#6700 = CARTESIAN_POINT ( 'NONE',  ( 0.2333501060126416100, 0.07499999999999995600, 0.03359881725716374500 ) ) ;
#6701 = CARTESIAN_POINT ( 'NONE',  ( 0.2333501060126416100, 0.07200000000000000800, 0.03359881725716374500 ) ) ;
#6702 = CARTESIAN_POINT ( 'NONE',  ( 0.2354050570337533100, 0.07499999999999992800, 0.03425928133386794300 ) ) ;
#6703 = CARTESIAN_POINT ( 'NONE',  ( 0.2354050570337533100, 0.07199999999999998100, 0.03425928133386794300 ) ) ;
#6704 = CARTESIAN_POINT ( 'NONE',  ( 0.2374371662747789000, 0.07499999999999991400, 0.03505516667681998800 ) ) ;
#6705 = CARTESIAN_POINT ( 'NONE',  ( 0.2374371662747789000, 0.07199999999999998100, 0.03505516667681998800 ) ) ;
#6706 = CARTESIAN_POINT ( 'NONE',  ( 0.2394346634898109600, 0.07499999999999992800, 0.03601258937802592100 ) ) ;
#6707 = CARTESIAN_POINT ( 'NONE',  ( 0.2394346634898109600, 0.07199999999999998100, 0.03601258937802592100 ) ) ;
#6708 = CARTESIAN_POINT ( 'NONE',  ( 0.2413954667911468200, 0.07499999999999996900, 0.03709498913343792200 ) ) ;
#6709 = CARTESIAN_POINT ( 'NONE',  ( 0.2413954667911468200, 0.07200000000000002200, 0.03709498913343792200 ) ) ;
#6710 = CARTESIAN_POINT ( 'NONE',  ( 0.2433016905722211200, 0.07499999999999992800, 0.03830725518768903600 ) ) ;
#6711 = CARTESIAN_POINT ( 'NONE',  ( 0.2433016905722211200, 0.07199999999999998100, 0.03830725518768903600 ) ) ;
#6712 = CARTESIAN_POINT ( 'NONE',  ( 0.2451100026961608700, 0.07499999999999995600, 0.03965377392635289300 ) ) ;
#6713 = CARTESIAN_POINT ( 'NONE',  ( 0.2451100026961608700, 0.07200000000000000800, 0.03965377392635289300 ) ) ;
#6714 = CARTESIAN_POINT ( 'NONE',  ( 0.2468202361534684300, 0.07499999999999992800, 0.04111902867350030600 ) ) ;
#6715 = CARTESIAN_POINT ( 'NONE',  ( 0.2468202361534684300, 0.07199999999999999500, 0.04111902867350030600 ) ) ;
#6716 = CARTESIAN_POINT ( 'NONE',  ( 0.1824543709391907900, 0.07199999999999999500, 0.06974156359468637600 ) ) ;
#6717 = B_SPLINE_CURVE_WITH_KNOTS ( 'NONE', 3,
 ( #6759, #6720, #6719, #6718, #6741, #6740, #6739, #6738, #6737, #6736, #6735, #6734, #6733, #6732, #6731, #6730, #6729, #6728, #6727 ),
 .UNSPECIFIED., .F., .F.,
 ( 4, 1, 1, 1, 1, 1, 1, 1, 1, 1, 1, 1, 1, 1, 1, 1, 4 ),
 ( 0.0000000000000000000, 0.07127227789184098500, 0.1394927224241747600, 0.2046354187153388000, 0.2674057403862638600, 0.3284455975269841600, 0.3883971631415408800, 0.4477339312582658300, 0.5073916212312173900, 0.5667675553634347100, 0.6254783375164181300, 0.6840665059187971400, 0.7432484458153416600, 0.8040333573982576500, 0.8664987506996733000, 0.9317232379841589000, 1.000000000000000000 ),
 .UNSPECIFIED. ) ;
#6718 = CARTESIAN_POINT ( 'NONE',  ( 0.2145925193610746000, 0.07199999999999998100, 0.1087223814521439400 ) ) ;
#6719 = CARTESIAN_POINT ( 'NONE',  ( 0.2189575541230096300, 0.07200000000000000800, 0.1092576709528067800 ) ) ;
#6720 = CARTESIAN_POINT ( 'NONE',  ( 0.2219506979346408400, 0.07199999999999999500, 0.1093339830310063500 ) ) ;
#6721 = CARTESIAN_POINT ( 'NONE',  ( 0.2481253004559821100, 0.07200000000000000800, 0.09476262744534641500 ) ) ;
#6722 = CARTESIAN_POINT ( 'NONE',  ( 0.2460642454138821700, 0.07499999999999998300, 0.09697060347708504100 ) ) ;
#6723 = CARTESIAN_POINT ( 'NONE',  ( 0.2460642454138821700, 0.07199999999999998100, 0.09697060347708504100 ) ) ;
#6724 = CARTESIAN_POINT ( 'NONE',  ( 0.2450184735032933700, 0.07499999999999999700, 0.09809092256904535000 ) ) ;
#6725 = CARTESIAN_POINT ( 'NONE',  ( 0.2450184735032933700, 0.07199999999999999500, 0.09809092256904535000 ) ) ;
#6726 = B_SPLINE_SURFACE_WITH_KNOTS ( 'NONE', 3, 1, ( 
 ( #6725, #6724 ),
 ( #6723, #6722 ),
 ( #6721, #6758 ),
 ( #6757, #6756 ),
 ( #6755, #6754 ),
 ( #6753, #6752 ),
 ( #6751, #6750 ),
 ( #6749, #6748 ),
 ( #6747, #6746 ),
 ( #6745, #6744 ),
 ( #6743, #6742 ) ),
 .UNSPECIFIED., .F., .F., .F.,
 ( 4, 1, 1, 1, 1, 1, 1, 1, 4 ),
 ( 2, 2 ),
 ( 0.0000000000000000000, 0.1365056850436481300, 0.2690316383389064800, 0.3989195614459561900, 0.5270819905998563900, 0.6522723430909017600, 0.7721365248474613100, 0.8874883294200509600, 1.000000000000000000 ),
 ( 0.0000000000000000000, 1.000000000000000000 ),
 .UNSPECIFIED. ) ;
#6727 = CARTESIAN_POINT ( 'NONE',  ( 0.1824543709391907900, 0.07199999999999999500, 0.06974156359468637600 ) ) ;
#6728 = CARTESIAN_POINT ( 'NONE',  ( 0.1824881707766849700, 0.07200000000000000800, 0.07120673254120367400 ) ) ;
#6729 = CARTESIAN_POINT ( 'NONE',  ( 0.1825542594487073700, 0.07200000000000000800, 0.07407157087010274300 ) ) ;
#6730 = CARTESIAN_POINT ( 'NONE',  ( 0.1830715157537905200, 0.07200000000000002200, 0.07825172174288391700 ) ) ;
#6731 = CARTESIAN_POINT ( 'NONE',  ( 0.1839348660779853200, 0.07200000000000000800, 0.08220802756641555600 ) ) ;
#6732 = CARTESIAN_POINT ( 'NONE',  ( 0.1851525573903249900, 0.07200000000000000800, 0.08593512318787965800 ) ) ;
#6733 = CARTESIAN_POINT ( 'NONE',  ( 0.1867128011024148100, 0.07200000000000000800, 0.08944163307335513400 ) ) ;
#6734 = CARTESIAN_POINT ( 'NONE',  ( 0.1886305751674227100, 0.07199999999999995300, 0.09271607806426954100 ) ) ;
#6735 = CARTESIAN_POINT ( 'NONE',  ( 0.1909072823204600300, 0.07200000000000000800, 0.09575536080661428700 ) ) ;
#6736 = CARTESIAN_POINT ( 'NONE',  ( 0.1934976643129858500, 0.07199999999999998100, 0.09856450269886613000 ) ) ;
#6737 = CARTESIAN_POINT ( 'NONE',  ( 0.1964016415384122200, 0.07200000000000000800, 0.1010675985047997400 ) ) ;
#6738 = CARTESIAN_POINT ( 'NONE',  ( 0.1995416799582266100, 0.07199999999999999500, 0.1032886755577458200 ) ) ;
#6739 = CARTESIAN_POINT ( 'NONE',  ( 0.2029434140414565800, 0.07199999999999996700, 0.1051486190651646100 ) ) ;
#6740 = CARTESIAN_POINT ( 'NONE',  ( 0.2065848675901674200, 0.07199999999999999500, 0.1066771969006340700 ) ) ;
#6741 = CARTESIAN_POINT ( 'NONE',  ( 0.2104697377996582700, 0.07199999999999998100, 0.1078580040289135200 ) ) ;
#6742 = CARTESIAN_POINT ( 'NONE',  ( 0.2583518068366266700, 0.07499999999999999700, 0.06805887128699406000 ) ) ;
#6743 = CARTESIAN_POINT ( 'NONE',  ( 0.2583518068366266700, 0.07199999999999999500, 0.06805887128699406000 ) ) ;
#6744 = CARTESIAN_POINT ( 'NONE',  ( 0.2583122963770118100, 0.07499999999999999700, 0.06932228030607147400 ) ) ;
#6745 = CARTESIAN_POINT ( 'NONE',  ( 0.2583122963770118100, 0.07200000000000000800, 0.06932228030607147400 ) ) ;
#6746 = CARTESIAN_POINT ( 'NONE',  ( 0.2582322780945856500, 0.07499999999999999700, 0.07188099059934252600 ) ) ;
#6747 = CARTESIAN_POINT ( 'NONE',  ( 0.2582322780945856500, 0.07200000000000000800, 0.07188099059934252600 ) ) ;
#6748 = CARTESIAN_POINT ( 'NONE',  ( 0.2575480790264883000, 0.07499999999999999700, 0.07573449846151303300 ) ) ;
#6749 = CARTESIAN_POINT ( 'NONE',  ( 0.2575480790264883000, 0.07200000000000000800, 0.07573449846151303300 ) ) ;
#6750 = CARTESIAN_POINT ( 'NONE',  ( 0.2564916484756971100, 0.07499999999999999700, 0.07964287377113164800 ) ) ;
#6751 = CARTESIAN_POINT ( 'NONE',  ( 0.2564916484756971100, 0.07199999999999999500, 0.07964287377113164800 ) ) ;
#6752 = CARTESIAN_POINT ( 'NONE',  ( 0.2549997792432007700, 0.07499999999999999700, 0.08356391933431117600 ) ) ;
#6753 = CARTESIAN_POINT ( 'NONE',  ( 0.2549997792432007700, 0.07200000000000000800, 0.08356391933431117600 ) ) ;
#6754 = CARTESIAN_POINT ( 'NONE',  ( 0.2531129269650866400, 0.07499999999999998300, 0.08743474302553172500 ) ) ;
#6755 = CARTESIAN_POINT ( 'NONE',  ( 0.2531129269650866400, 0.07199999999999998100, 0.08743474302553172500 ) ) ;
#6756 = CARTESIAN_POINT ( 'NONE',  ( 0.2508335952033351500, 0.07499999999999998300, 0.09118624512312460700 ) ) ;
#6757 = CARTESIAN_POINT ( 'NONE',  ( 0.2508335952033351500, 0.07199999999999998100, 0.09118624512312460700 ) ) ;
#6758 = CARTESIAN_POINT ( 'NONE',  ( 0.2481253004559821100, 0.07500000000000001100, 0.09476262744534641500 ) ) ;
#6759 = CARTESIAN_POINT ( 'NONE',  ( 0.2234800119648318000, 0.07199999999999999500, 0.1093729738510966400 ) ) ;
#6760 = FACE_OUTER_BOUND ( 'NONE', #1854, .T. ) ;
#6761 = SURFACE_SIDE_STYLE ('',( #6762 ) ) ;
#6762 = SURFACE_STYLE_FILL_AREA ( #6763 ) ;
#6763 = FILL_AREA_STYLE ('',( #6769 ) ) ;
#6764 = COLOUR_RGB ( '',0.9882352941176471000, 1.000000000000000000, 0.9882352941176471000 ) ;
#6765 = DIRECTION ( 'NONE',  ( -0.0000000000000000000, 1.000000000000000000, -0.0000000000000000000 ) ) ;
#6766 = VECTOR ( 'NONE', #6765, 39.37007874015748100 ) ;
#6767 = CARTESIAN_POINT ( 'NONE',  ( 0.1824543709391907900, 0.07199999999999999500, 0.06974156359468637600 ) ) ;
#6768 = LINE ( 'NONE', #6767, #6766 ) ;
#6769 = FILL_AREA_STYLE_COLOUR ( '', #6764 ) ;
#6770 = UNCERTAINTY_MEASURE_WITH_UNIT (LENGTH_MEASURE( 1.000000000000000100E-005 ), #6773, 'distance_accuracy_value', 'NONE');
#6771 =( NAMED_UNIT ( * ) SI_UNIT ( $, .STERADIAN. ) SOLID_ANGLE_UNIT ( ) );
#6772 =( NAMED_UNIT ( * ) PLANE_ANGLE_UNIT ( ) SI_UNIT ( $, .RADIAN. ) );
#6773 =( CONVERSION_BASED_UNIT ( 'INCH', #6774 ) LENGTH_UNIT ( ) NAMED_UNIT ( #6775 ) );
#6774 = LENGTH_MEASURE_WITH_UNIT ( LENGTH_MEASURE( 0.02539999999999999900 ), #6776 );
#6775 = DIMENSIONAL_EXPONENTS ( 1.000000000000000000, 0.0000000000000000000, 0.0000000000000000000, 0.0000000000000000000, 0.0000000000000000000, 0.0000000000000000000, 0.0000000000000000000 ) ;
#6776 =( LENGTH_UNIT ( ) NAMED_UNIT ( * ) SI_UNIT ( $, .METRE. ) );
#6777 = MECHANICAL_DESIGN_GEOMETRIC_PRESENTATION_REPRESENTATION (  '', ( #6779 ), #6846 ) ;
#6778 = PRESENTATION_LAYER_ASSIGNMENT (  '', '', ( #6779 ) ) ;
#6779 = STYLED_ITEM ( 'NONE', ( #6780 ), #1870 ) ;
#6780 = PRESENTATION_STYLE_ASSIGNMENT (( #6781 ) ) ;
#6781 = SURFACE_STYLE_USAGE ( .BOTH. , #6782 ) ;
#6782 = SURFACE_SIDE_STYLE ('',( #6783 ) ) ;
#6783 = SURFACE_STYLE_FILL_AREA ( #6784 ) ;
#6784 = FILL_AREA_STYLE ('',( #6791 ) ) ;
#6785 = COLOUR_RGB ( '',0.9882352941176471000, 1.000000000000000000, 0.9882352941176471000 ) ;
#6786 = FACE_OUTER_BOUND ( 'NONE', #1871, .T. ) ;
#6787 = DIRECTION ( 'NONE',  ( -0.0000000000000000000, 1.000000000000000000, -0.0000000000000000000 ) ) ;
#6788 = VECTOR ( 'NONE', #6787, 39.37007874015748100 ) ;
#6789 = CARTESIAN_POINT ( 'NONE',  ( 0.2234800119648318000, 0.07199999999999999500, 0.1093729738510966400 ) ) ;
#6790 = LINE ( 'NONE', #6789, #6788 ) ;
#6791 = FILL_AREA_STYLE_COLOUR ( '', #6785 ) ;
#6792 = CARTESIAN_POINT ( 'NONE',  ( 0.2234800119648318000, 0.07199999999999999500, 0.1093729738510966400 ) ) ;
#6793 = DIRECTION ( 'NONE',  ( 0.0000000000000000000, 0.0000000000000000000, 1.000000000000000000 ) ) ;
#6794 = VECTOR ( 'NONE', #6793, 39.37007874015748100 ) ;
#6795 = CARTESIAN_POINT ( 'NONE',  ( 0.2234800119648318000, 0.07199999999999999500, 0.07552682000494279100 ) ) ;
#6796 = LINE ( 'NONE', #6795, #6794 ) ;
#6797 = DIRECTION ( 'NONE',  ( 0.0000000000000000000, 0.0000000000000000000, 1.000000000000000000 ) ) ;
#6798 = DIRECTION ( 'NONE',  ( -1.000000000000000000, 0.0000000000000000000, 0.0000000000000000000 ) ) ;
#6799 = CARTESIAN_POINT ( 'NONE',  ( 0.2234800119648318000, 0.07199999999999999500, 0.07552682000494279100 ) ) ;
#6800 = B_SPLINE_CURVE_WITH_KNOTS ( 'NONE', 3,
 ( #6818, #6817, #6816, #6815, #6814, #6813, #6812, #6811, #6876, #6875, #6874, #6873, #6872, #6871, #6870, #6869, #6868, #6867, #6866 ),
 .UNSPECIFIED., .F., .F.,
 ( 4, 1, 1, 1, 1, 1, 1, 1, 1, 1, 1, 1, 1, 1, 1, 1, 4 ),
 ( 0.0000000000000000000, 0.06923652370836581900, 0.1365567393230026100, 0.2020941572673308200, 0.2664642603660575300, 0.3297688228727742600, 0.3918789659214279600, 0.4532705931030384700, 0.5141146640704625800, 0.5743895103654869100, 0.6341416638513263100, 0.6939232874993249700, 0.7541521963073880600, 0.8144701641300349200, 0.8756606301311731200, 0.9373480106280021000, 1.000000000000000000 ),
 .UNSPECIFIED. ) ;
#6801 = LINE ( 'NONE', #6822, #6821 ) ;
#6802 = CARTESIAN_POINT ( 'NONE',  ( 0.1975825760673959300, 0.07500000000000002500, 0.03507810205622483000 ) ) ;
#6803 = CARTESIAN_POINT ( 'NONE',  ( 0.1975825760673959300, 0.07199999999999999500, 0.03507810205622483000 ) ) ;
#6804 = CARTESIAN_POINT ( 'NONE',  ( 0.1969677975861879000, 0.07500000000000001100, 0.03561665320155776200 ) ) ;
#6805 = CARTESIAN_POINT ( 'NONE',  ( 0.1969677975861879000, 0.07199999999999998100, 0.03561665320155776200 ) ) ;
#6806 = CARTESIAN_POINT ( 'NONE',  ( 0.1957477059382046200, 0.07500000000000002500, 0.03668546379678464000 ) ) ;
#6807 = CARTESIAN_POINT ( 'NONE',  ( 0.1957477059382046200, 0.07200000000000000800, 0.03668546379678464000 ) ) ;
#6808 = CARTESIAN_POINT ( 'NONE',  ( 0.1940295089155736900, 0.07500000000000001100, 0.03839170100975399700 ) ) ;
#6809 = CARTESIAN_POINT ( 'NONE',  ( 0.1940295089155736900, 0.07199999999999998100, 0.03839170100975399700 ) ) ;
#6810 = CARTESIAN_POINT ( 'NONE',  ( 0.1924275907674653000, 0.07500000000000002500, 0.04016617972073424600 ) ) ;
#6811 = CARTESIAN_POINT ( 'NONE',  ( 0.1845639945247138900, 0.07200000000000000800, 0.05461627580372722900 ) ) ;
#6812 = CARTESIAN_POINT ( 'NONE',  ( 0.1838991552383208700, 0.07199999999999998100, 0.05696186631625189300 ) ) ;
#6813 = CARTESIAN_POINT ( 'NONE',  ( 0.1833799631432934700, 0.07199999999999999500, 0.05938331413748046400 ) ) ;
#6814 = CARTESIAN_POINT ( 'NONE',  ( 0.1829560746066678000, 0.07199999999999998100, 0.06186852576925051100 ) ) ;
#6815 = CARTESIAN_POINT ( 'NONE',  ( 0.1826753757198861800, 0.07200000000000000800, 0.06442664281102616900 ) ) ;
#6816 = CARTESIAN_POINT ( 'NONE',  ( 0.1824930363500798500, 0.07199999999999995300, 0.06705729259555612300 ) ) ;
#6817 = CARTESIAN_POINT ( 'NONE',  ( 0.1824673794244943100, 0.07199999999999998100, 0.06883847478636792600 ) ) ;
#6818 = CARTESIAN_POINT ( 'NONE',  ( 0.1824543709391907900, 0.07199999999999999500, 0.06974156359468637600 ) ) ;
#6819 = FILL_AREA_STYLE_COLOUR ( '', #6864 ) ;
#6820 = DIRECTION ( 'NONE',  ( -0.0000000000000000000, 1.000000000000000000, -0.0000000000000000000 ) ) ;
#6821 = VECTOR ( 'NONE', #6820, 39.37007874015748100 ) ;
#6822 = CARTESIAN_POINT ( 'NONE',  ( 0.2234800119648318000, 0.07199999999999999500, 0.07552682000494279100 ) ) ;
#6823 = FILL_AREA_STYLE ('',( #6819 ) ) ;
#6824 = CARTESIAN_POINT ( 'NONE',  ( 0.1975825760673959300, 0.07199999999999999500, 0.03507810205622483000 ) ) ;
#6825 =( GEOMETRIC_REPRESENTATION_CONTEXT ( 3 ) GLOBAL_UNCERTAINTY_ASSIGNED_CONTEXT ( ( #6826 ) ) GLOBAL_UNIT_ASSIGNED_CONTEXT ( ( #6829, #6828, #6827 ) ) REPRESENTATION_CONTEXT ( 'NONE', 'WORKASPACE' ) );
#6826 = UNCERTAINTY_MEASURE_WITH_UNIT (LENGTH_MEASURE( 1.000000000000000100E-005 ), #6829, 'distance_accuracy_value', 'NONE');
#6827 =( NAMED_UNIT ( * ) SI_UNIT ( $, .STERADIAN. ) SOLID_ANGLE_UNIT ( ) );
#6828 =( NAMED_UNIT ( * ) PLANE_ANGLE_UNIT ( ) SI_UNIT ( $, .RADIAN. ) );
#6829 =( CONVERSION_BASED_UNIT ( 'INCH', #6830 ) LENGTH_UNIT ( ) NAMED_UNIT ( #6831 ) );
#6830 = LENGTH_MEASURE_WITH_UNIT ( LENGTH_MEASURE( 0.02539999999999999900 ), #6832 );
#6831 = DIMENSIONAL_EXPONENTS ( 1.000000000000000000, 0.0000000000000000000, 0.0000000000000000000, 0.0000000000000000000, 0.0000000000000000000, 0.0000000000000000000, 0.0000000000000000000 ) ;
#6832 =( LENGTH_UNIT ( ) NAMED_UNIT ( * ) SI_UNIT ( $, .METRE. ) );
#6833 = MECHANICAL_DESIGN_GEOMETRIC_PRESENTATION_REPRESENTATION (  '', ( #6835 ), #6825 ) ;
#6834 = PRESENTATION_LAYER_ASSIGNMENT (  '', '', ( #6835 ) ) ;
#6835 = STYLED_ITEM ( 'NONE', ( #6836 ), #1853 ) ;
#6836 = PRESENTATION_STYLE_ASSIGNMENT (( #6837 ) ) ;
#6837 = SURFACE_STYLE_USAGE ( .BOTH. , #6761 ) ;
#6838 = CARTESIAN_POINT ( 'NONE',  ( 0.2665175239397185000, 0.07500000000000001100, 0.07077000363045560200 ) ) ;
#6839 = CARTESIAN_POINT ( 'NONE',  ( 0.2665175239397185000, 0.07199999999999998100, 0.07077000363045560200 ) ) ;
#6840 = CARTESIAN_POINT ( 'NONE',  ( 0.2665437226198103000, 0.07500000000000002500, 0.06912756467364701600 ) ) ;
#6841 = CARTESIAN_POINT ( 'NONE',  ( 0.2665437226198103000, 0.07200000000000000800, 0.06912756467364701600 ) ) ;
#6842 = CARTESIAN_POINT ( 'NONE',  ( 0.2665569350417548700, 0.07500000000000002500, 0.06829925590237868900 ) ) ;
#6843 = CARTESIAN_POINT ( 'NONE',  ( 0.2665569350417548700, 0.07199999999999999500, 0.06829925590237868900 ) ) ;
#6844 = B_SPLINE_SURFACE_WITH_KNOTS ( 'NONE', 3, 1, ( 
 ( #6843, #6842 ),
 ( #6841, #6840 ),
 ( #6839, #6838 ),
 ( #6997, #7178 ),
 ( #7185, #7175 ),
 ( #7174, #7149 ),
 ( #7179, #7102 ),
 ( #7177, #7176 ),
 ( #7182, #7193 ),
 ( #7192, #7187 ),
 ( #7186, #7181 ),
 ( #7180, #7083 ),
 ( #7152, #7151 ),
 ( #7084, #7150 ),
 ( #7082, #7081 ),
 ( #7191, #7190 ),
 ( #7189, #7188 ),
 ( #7112, #7111 ),
 ( #7110, #7109 ) ),
 .UNSPECIFIED., .F., .F., .F.,
 ( 4, 1, 1, 1, 1, 1, 1, 1, 1, 1, 1, 1, 1, 1, 1, 1, 4 ),
 ( 2, 2 ),
 ( 0.0000000000000000000, 0.06161720700066753600, 0.1221796806916236900, 0.1822170457787557800, 0.2414733477827188100, 0.3009570811868602100, 0.3599663445410477600, 0.4190304461222744700, 0.4780664661946931700, 0.5379906152311281200, 0.5989585239045209800, 0.6613196378030689000, 0.7252463998147855600, 0.7912192657937667800, 0.8587453708087639000, 0.9283172764034408600, 1.000000000000000000 ),
 ( 0.0000000000000000000, 1.000000000000000000 ),
 .UNSPECIFIED. ) ;
#6845 = LENGTH_MEASURE_WITH_UNIT ( LENGTH_MEASURE( 0.02539999999999999900 ), #6450 );
#6846 =( GEOMETRIC_REPRESENTATION_CONTEXT ( 3 ) GLOBAL_UNCERTAINTY_ASSIGNED_CONTEXT ( ( #6770 ) ) GLOBAL_UNIT_ASSIGNED_CONTEXT ( ( #6773, #6772, #6771 ) ) REPRESENTATION_CONTEXT ( 'NONE', 'WORKASPACE' ) );
#6847 = AXIS2_PLACEMENT_3D ( 'NONE', #6799, #6798, #6797 ) ;
#6848 = PLANE ( 'NONE',  #6847 ) ;
#6849 =( GEOMETRIC_REPRESENTATION_CONTEXT ( 3 ) GLOBAL_UNCERTAINTY_ASSIGNED_CONTEXT ( ( #6850 ) ) GLOBAL_UNIT_ASSIGNED_CONTEXT ( ( #6853, #6852, #6851 ) ) REPRESENTATION_CONTEXT ( 'NONE', 'WORKASPACE' ) );
#6850 = UNCERTAINTY_MEASURE_WITH_UNIT (LENGTH_MEASURE( 1.000000000000000100E-005 ), #6853, 'distance_accuracy_value', 'NONE');
#6851 =( NAMED_UNIT ( * ) SI_UNIT ( $, .STERADIAN. ) SOLID_ANGLE_UNIT ( ) );
#6852 =( NAMED_UNIT ( * ) PLANE_ANGLE_UNIT ( ) SI_UNIT ( $, .RADIAN. ) );
#6853 =( CONVERSION_BASED_UNIT ( 'INCH', #6854 ) LENGTH_UNIT ( ) NAMED_UNIT ( #6855 ) );
#6854 = LENGTH_MEASURE_WITH_UNIT ( LENGTH_MEASURE( 0.02539999999999999900 ), #6856 );
#6855 = DIMENSIONAL_EXPONENTS ( 1.000000000000000000, 0.0000000000000000000, 0.0000000000000000000, 0.0000000000000000000, 0.0000000000000000000, 0.0000000000000000000, 0.0000000000000000000 ) ;
#6856 =( LENGTH_UNIT ( ) NAMED_UNIT ( * ) SI_UNIT ( $, .METRE. ) );
#6857 = MECHANICAL_DESIGN_GEOMETRIC_PRESENTATION_REPRESENTATION (  '', ( #6859 ), #6849 ) ;
#6858 = PRESENTATION_LAYER_ASSIGNMENT (  '', '', ( #6859 ) ) ;
#6859 = STYLED_ITEM ( 'NONE', ( #6860 ), #1861 ) ;
#6860 = PRESENTATION_STYLE_ASSIGNMENT (( #6861 ) ) ;
#6861 = SURFACE_STYLE_USAGE ( .BOTH. , #6862 ) ;
#6862 = SURFACE_SIDE_STYLE ('',( #6863 ) ) ;
#6863 = SURFACE_STYLE_FILL_AREA ( #6823 ) ;
#6864 = COLOUR_RGB ( '',0.9882352941176471000, 1.000000000000000000, 0.9882352941176471000 ) ;
#6865 = FACE_OUTER_BOUND ( 'NONE', #1862, .T. ) ;
#6866 = CARTESIAN_POINT ( 'NONE',  ( 0.1975825760673959300, 0.07199999999999999500, 0.03507810205622483000 ) ) ;
#6867 = CARTESIAN_POINT ( 'NONE',  ( 0.1969677975861879000, 0.07199999999999998100, 0.03561665320155776200 ) ) ;
#6868 = CARTESIAN_POINT ( 'NONE',  ( 0.1957477059382046200, 0.07200000000000000800, 0.03668546379678464000 ) ) ;
#6869 = CARTESIAN_POINT ( 'NONE',  ( 0.1940295089155736900, 0.07199999999999998100, 0.03839170100975399700 ) ) ;
#6870 = CARTESIAN_POINT ( 'NONE',  ( 0.1924275907674653000, 0.07200000000000000800, 0.04016617972073424600 ) ) ;
#6871 = CARTESIAN_POINT ( 'NONE',  ( 0.1909468488207199700, 0.07199999999999998100, 0.04201883392588622700 ) ) ;
#6872 = CARTESIAN_POINT ( 'NONE',  ( 0.1895843152041457300, 0.07199999999999999500, 0.04393771769675600100 ) ) ;
#6873 = CARTESIAN_POINT ( 'NONE',  ( 0.1883501812441990300, 0.07200000000000000800, 0.04593282914214090500 ) ) ;
#6874 = CARTESIAN_POINT ( 'NONE',  ( 0.1872231037701900500, 0.07200000000000000800, 0.04799057810150354800 ) ) ;
#6875 = CARTESIAN_POINT ( 'NONE',  ( 0.1862088944749092100, 0.07200000000000000800, 0.05012233917082103300 ) ) ;
#6876 = CARTESIAN_POINT ( 'NONE',  ( 0.1853335647955181900, 0.07200000000000000800, 0.05233760741406327100 ) ) ;
#6877 = CARTESIAN_POINT ( 'NONE',  ( 0.1924275907674653000, 0.07200000000000000800, 0.04016617972073424600 ) ) ;
#6878 = CARTESIAN_POINT ( 'NONE',  ( 0.1909468488207199700, 0.07499999999999999700, 0.04201883392588622700 ) ) ;
#6879 = CARTESIAN_POINT ( 'NONE',  ( 0.1909468488207199700, 0.07199999999999998100, 0.04201883392588622700 ) ) ;
#6880 = CARTESIAN_POINT ( 'NONE',  ( 0.1895843152041457300, 0.07500000000000002500, 0.04393771769675600100 ) ) ;
#6881 = CARTESIAN_POINT ( 'NONE',  ( 0.1895843152041457300, 0.07199999999999999500, 0.04393771769675600100 ) ) ;
#6882 = CARTESIAN_POINT ( 'NONE',  ( 0.1883501812441990300, 0.07500000000000003900, 0.04593282914214090500 ) ) ;
#6883 = CARTESIAN_POINT ( 'NONE',  ( 0.1883501812441990300, 0.07200000000000000800, 0.04593282914214090500 ) ) ;
#6884 = CARTESIAN_POINT ( 'NONE',  ( 0.1872231037701900500, 0.07500000000000002500, 0.04799057810150354800 ) ) ;
#6885 = CARTESIAN_POINT ( 'NONE',  ( 0.1872231037701900500, 0.07200000000000000800, 0.04799057810150354800 ) ) ;
#6886 = CARTESIAN_POINT ( 'NONE',  ( 0.1862088944749092100, 0.07500000000000002500, 0.05012233917082103300 ) ) ;
#6887 = CARTESIAN_POINT ( 'NONE',  ( 0.1862088944749092100, 0.07200000000000000800, 0.05012233917082103300 ) ) ;
#6888 = CARTESIAN_POINT ( 'NONE',  ( 0.1853335647955181900, 0.07500000000000002500, 0.05233760741406327100 ) ) ;
#6889 = CARTESIAN_POINT ( 'NONE',  ( 0.1853335647955181900, 0.07200000000000000800, 0.05233760741406327100 ) ) ;
#6890 = CARTESIAN_POINT ( 'NONE',  ( 0.1845639945247138900, 0.07500000000000003900, 0.05461627580372722900 ) ) ;
#6891 = CARTESIAN_POINT ( 'NONE',  ( 0.1845639945247138900, 0.07200000000000000800, 0.05461627580372722900 ) ) ;
#6892 = CARTESIAN_POINT ( 'NONE',  ( 0.1838991552383208700, 0.07500000000000001100, 0.05696186631625189300 ) ) ;
#6893 = CARTESIAN_POINT ( 'NONE',  ( 0.1838991552383208700, 0.07199999999999998100, 0.05696186631625189300 ) ) ;
#6894 = CARTESIAN_POINT ( 'NONE',  ( 0.1833799631432934700, 0.07500000000000002500, 0.05938331413748046400 ) ) ;
#6895 = CARTESIAN_POINT ( 'NONE',  ( 0.1833799631432934700, 0.07199999999999999500, 0.05938331413748046400 ) ) ;
#6896 = CARTESIAN_POINT ( 'NONE',  ( 0.1829560746066678000, 0.07500000000000001100, 0.06186852576925051100 ) ) ;
#6897 = CARTESIAN_POINT ( 'NONE',  ( 0.1829560746066678000, 0.07199999999999998100, 0.06186852576925051100 ) ) ;
#6898 = CARTESIAN_POINT ( 'NONE',  ( 0.1826753757198861800, 0.07500000000000003900, 0.06442664281102616900 ) ) ;
#6899 = CARTESIAN_POINT ( 'NONE',  ( 0.1826753757198861800, 0.07200000000000000800, 0.06442664281102616900 ) ) ;
#6900 = CARTESIAN_POINT ( 'NONE',  ( 0.1824930363500798500, 0.07499999999999998300, 0.06705729259555612300 ) ) ;
#6901 = CARTESIAN_POINT ( 'NONE',  ( 0.1824930363500798500, 0.07199999999999995300, 0.06705729259555612300 ) ) ;
#6902 = CARTESIAN_POINT ( 'NONE',  ( 0.1824673794244943100, 0.07500000000000001100, 0.06883847478636792600 ) ) ;
#6903 = CARTESIAN_POINT ( 'NONE',  ( 0.1824673794244943100, 0.07199999999999998100, 0.06883847478636792600 ) ) ;
#6904 = CARTESIAN_POINT ( 'NONE',  ( 0.1824543709391907900, 0.07500000000000002500, 0.06974156359468637600 ) ) ;
#6905 = CARTESIAN_POINT ( 'NONE',  ( 0.1824543709391907900, 0.07199999999999999500, 0.06974156359468637600 ) ) ;
#6906 = B_SPLINE_SURFACE_WITH_KNOTS ( 'NONE', 3, 1, ( 
 ( #6905, #6904 ),
 ( #6903, #6902 ),
 ( #6901, #6900 ),
 ( #6899, #6898 ),
 ( #6897, #6896 ),
 ( #6895, #6894 ),
 ( #6893, #6892 ),
 ( #6891, #6890 ),
 ( #6889, #6888 ),
 ( #6887, #6886 ),
 ( #6885, #6884 ),
 ( #6883, #6882 ),
 ( #6881, #6880 ),
 ( #6879, #6878 ),
 ( #6877, #6810 ),
 ( #6809, #6808 ),
 ( #6807, #6806 ),
 ( #6805, #6804 ),
 ( #6803, #6802 ) ),
 .UNSPECIFIED., .F., .F., .F.,
 ( 4, 1, 1, 1, 1, 1, 1, 1, 1, 1, 1, 1, 1, 1, 1, 1, 4 ),
 ( 2, 2 ),
 ( 0.0000000000000000000, 0.06923652370836581900, 0.1365567393230026100, 0.2020941572673308200, 0.2664642603660575300, 0.3297688228727742600, 0.3918789659214279600, 0.4532705931030384700, 0.5141146640704625800, 0.5743895103654869100, 0.6341416638513263100, 0.6939232874993249700, 0.7541521963073880600, 0.8144701641300349200, 0.8756606301311731200, 0.9373480106280021000, 1.000000000000000000 ),
 ( 0.0000000000000000000, 1.000000000000000000 ),
 .UNSPECIFIED. ) ;
#6907 = CARTESIAN_POINT ( 'NONE',  ( 0.2665569350417548700, 0.07199999999999999500, 0.06829925590237868900 ) ) ;
#6908 = SURFACE_STYLE_USAGE ( .BOTH. , #6909 ) ;
#6909 = SURFACE_SIDE_STYLE ('',( #6910 ) ) ;
#6910 = SURFACE_STYLE_FILL_AREA ( #6911 ) ;
#6911 = FILL_AREA_STYLE ('',( #6918 ) ) ;
#6912 = COLOUR_RGB ( '',0.9882352941176471000, 1.000000000000000000, 0.9882352941176471000 ) ;
#6913 = FACE_OUTER_BOUND ( 'NONE', #1896, .T. ) ;
#6914 = DIRECTION ( 'NONE',  ( -0.0000000000000000000, 1.000000000000000000, -0.0000000000000000000 ) ) ;
#6915 = VECTOR ( 'NONE', #6914, 39.37007874015748100 ) ;
#6916 = CARTESIAN_POINT ( 'NONE',  ( 0.2508518068366266700, 0.07199999999999999500, 0.1042447687228915100 ) ) ;
#6917 = LINE ( 'NONE', #6916, #6915 ) ;
#6918 = FILL_AREA_STYLE_COLOUR ( '', #6912 ) ;
#6919 = STYLED_ITEM ( 'NONE', ( #6920 ), #1908 ) ;
#6920 = PRESENTATION_STYLE_ASSIGNMENT (( #6921 ) ) ;
#6921 = SURFACE_STYLE_USAGE ( .BOTH. , #6922 ) ;
#6922 = SURFACE_SIDE_STYLE ('',( #6923 ) ) ;
#6923 = SURFACE_STYLE_FILL_AREA ( #6924 ) ;
#6924 = FILL_AREA_STYLE ('',( #6931 ) ) ;
#6925 = COLOUR_RGB ( '',0.9882352941176471000, 1.000000000000000000, 0.9882352941176471000 ) ;
#6926 = FACE_OUTER_BOUND ( 'NONE', #1909, .T. ) ;
#6927 = DIRECTION ( 'NONE',  ( -1.000000000000000000, 0.0000000000000000000, 0.0000000000000000000 ) ) ;
#6928 = VECTOR ( 'NONE', #6927, 39.37007874015748100 ) ;
#6929 = CARTESIAN_POINT ( 'NONE',  ( 0.1927107811956010600, 0.07199999999999999500, 0.01501399949212226300 ) ) ;
#6930 = LINE ( 'NONE', #6929, #6928 ) ;
#6931 = FILL_AREA_STYLE_COLOUR ( '', #6925 ) ;
#6932 = CARTESIAN_POINT ( 'NONE',  ( 0.2450184735032933700, 0.07199999999999999500, 0.09809092256904535000 ) ) ;
#6933 = DIRECTION ( 'NONE',  ( -0.6879543109165519000, 0.0000000000000000000, -0.7257539983295525600 ) ) ;
#6934 = VECTOR ( 'NONE', #6933, 39.37007874015748100 ) ;
#6935 = CARTESIAN_POINT ( 'NONE',  ( 0.2508518068366266700, 0.07199999999999999500, 0.1042447687228915100 ) ) ;
#6936 = CARTESIAN_POINT ( 'NONE',  ( 0.2065848675901674200, 0.07199999999999999500, 0.1066771969006340700 ) ) ;
#6937 = FILL_AREA_STYLE ('',( #7049 ) ) ;
#6938 = COLOUR_RGB ( '',0.9882352941176471000, 1.000000000000000000, 0.9882352941176471000 ) ;
#6939 = FACE_OUTER_BOUND ( 'NONE', #1927, .T. ) ;
#6940 = DIRECTION ( 'NONE',  ( -0.0000000000000000000, 1.000000000000000000, -0.0000000000000000000 ) ) ;
#6941 = CARTESIAN_POINT ( 'NONE',  ( 0.2628365300536361600, 0.07199999999999998100, 0.08710024233489165000 ) ) ;
#6942 = CARTESIAN_POINT ( 'NONE',  ( 0.2637278321525546300, 0.07200000000000000800, 0.08487791011473071200 ) ) ;
#6943 = CARTESIAN_POINT ( 'NONE',  ( 0.2644745957121998300, 0.07200000000000000800, 0.08261603454506583100 ) ) ;
#6944 = CARTESIAN_POINT ( 'NONE',  ( 0.2651195768798834100, 0.07199999999999998100, 0.08031730647773859000 ) ) ;
#6945 = CARTESIAN_POINT ( 'NONE',  ( 0.2656488092887612200, 0.07199999999999998100, 0.07798607360159984200 ) ) ;
#6946 = CARTESIAN_POINT ( 'NONE',  ( 0.2660488828177609000, 0.07200000000000000800, 0.07561527300201662000 ) ) ;
#6947 = CARTESIAN_POINT ( 'NONE',  ( 0.2663349903907843400, 0.07199999999999999500, 0.07321393169980729100 ) ) ;
#6948 = CARTESIAN_POINT ( 'NONE',  ( 0.2245377042725241200, 0.07499999999999999700, 0.02527040974853252500 ) ) ;
#6949 = CARTESIAN_POINT ( 'NONE',  ( 0.2171269556605425500, 0.07199999999999998100, 0.02582136913629934400 ) ) ;
#6950 = CARTESIAN_POINT ( 'NONE',  ( 0.2135723204324841700, 0.07500000000000001100, 0.02659408348481212900 ) ) ;
#6951 = CARTESIAN_POINT ( 'NONE',  ( 0.2135723204324841700, 0.07200000000000000800, 0.02659408348481212900 ) ) ;
#6952 = CARTESIAN_POINT ( 'NONE',  ( 0.2101288641388576200, 0.07499999999999998300, 0.02767152545834735500 ) ) ;
#6953 = CARTESIAN_POINT ( 'NONE',  ( 0.2101288641388576200, 0.07199999999999998100, 0.02767152545834735500 ) ) ;
#6954 = DIMENSIONAL_EXPONENTS ( 1.000000000000000000, 0.0000000000000000000, 0.0000000000000000000, 0.0000000000000000000, 0.0000000000000000000, 0.0000000000000000000, 0.0000000000000000000 ) ;
#6955 = CARTESIAN_POINT ( 'NONE',  ( 0.2145925193610746000, 0.07199999999999998100, 0.1087223814521439400 ) ) ;
#6956 = CARTESIAN_POINT ( 'NONE',  ( 0.2029434140414565800, 0.07499999999999994200, 0.1051486190651646100 ) ) ;
#6957 = CARTESIAN_POINT ( 'NONE',  ( 0.2029434140414565800, 0.07199999999999996700, 0.1051486190651646100 ) ) ;
#6958 = CARTESIAN_POINT ( 'NONE',  ( 0.1839348660779853200, 0.07499999999999998300, 0.08220802756641555600 ) ) ;
#6959 = CARTESIAN_POINT ( 'NONE',  ( 0.1839348660779853200, 0.07200000000000000800, 0.08220802756641555600 ) ) ;
#6960 = CARTESIAN_POINT ( 'NONE',  ( 0.2234800119648318000, 0.07199999999999999500, 0.1093729738510966400 ) ) ;
#6961 =( GEOMETRIC_REPRESENTATION_CONTEXT ( 3 ) GLOBAL_UNCERTAINTY_ASSIGNED_CONTEXT ( ( #6992 ) ) GLOBAL_UNIT_ASSIGNED_CONTEXT ( ( #6975, #7056, #6993 ) ) REPRESENTATION_CONTEXT ( 'NONE', 'WORKASPACE' ) );
#6962 = CARTESIAN_POINT ( 'NONE',  ( 0.2004923742427381600, 0.07500000000000001100, 0.03274689418029781700 ) ) ;
#6963 = CARTESIAN_POINT ( 'NONE',  ( 0.2004923742427381600, 0.07200000000000000800, 0.03274689418029781700 ) ) ;
#6964 = CARTESIAN_POINT ( 'NONE',  ( 0.1985579052790620600, 0.07499999999999999700, 0.03429670932626673100 ) ) ;
#6965 = CARTESIAN_POINT ( 'NONE',  ( 0.1985579052790620600, 0.07200000000000000800, 0.03429670932626673100 ) ) ;
#6966 = CARTESIAN_POINT ( 'NONE',  ( 0.1975825760673959300, 0.07499999999999999700, 0.03507810205622483000 ) ) ;
#6967 =( GEOMETRIC_REPRESENTATION_CONTEXT ( 3 ) GLOBAL_UNCERTAINTY_ASSIGNED_CONTEXT ( ( #6968 ) ) GLOBAL_UNIT_ASSIGNED_CONTEXT ( ( #7005, #7004, #7003 ) ) REPRESENTATION_CONTEXT ( 'NONE', 'WORKASPACE' ) );
#6968 = UNCERTAINTY_MEASURE_WITH_UNIT (LENGTH_MEASURE( 1.000000000000000100E-005 ), #7005, 'distance_accuracy_value', 'NONE');
#6969 = CARTESIAN_POINT ( 'NONE',  ( 0.1909072823204600300, 0.07200000000000000800, 0.09575536080661428700 ) ) ;
#6970 = CARTESIAN_POINT ( 'NONE',  ( 0.1934976643129858500, 0.07499999999999995600, 0.09856450269886613000 ) ) ;
#6971 = CARTESIAN_POINT ( 'NONE',  ( 0.2104697377996582700, 0.07499999999999995600, 0.1078580040289135200 ) ) ;
#6972 = CARTESIAN_POINT ( 'NONE',  ( 0.1886305751674227100, 0.07499999999999992800, 0.09271607806426954100 ) ) ;
#6973 = CARTESIAN_POINT ( 'NONE',  ( 0.1886305751674227100, 0.07199999999999995300, 0.09271607806426954100 ) ) ;
#6974 = CARTESIAN_POINT ( 'NONE',  ( 0.2665569350417548700, 0.07199999999999999500, 0.06829925590237868900 ) ) ;
#6975 =( CONVERSION_BASED_UNIT ( 'INCH', #6976 ) LENGTH_UNIT ( ) NAMED_UNIT ( #6954 ) );
#6976 = LENGTH_MEASURE_WITH_UNIT ( LENGTH_MEASURE( 0.02539999999999999900 ), #7063 );
#6977 = CARTESIAN_POINT ( 'NONE',  ( 0.2508518068366266700, 0.07199999999999999500, 0.1042447687228915100 ) ) ;
#6978 = CARTESIAN_POINT ( 'NONE',  ( 0.2515208828289137700, 0.07199999999999998100, 0.1035511063925571600 ) ) ;
#6979 = CARTESIAN_POINT ( 'NONE',  ( 0.2528393327489139000, 0.07199999999999996700, 0.1021842077824154900 ) ) ;
#6980 = CARTESIAN_POINT ( 'NONE',  ( 0.2546729957238922400, 0.07200000000000000800, 0.1000584261962008700 ) ) ;
#6981 = CARTESIAN_POINT ( 'NONE',  ( 0.2564045803221522400, 0.07199999999999998100, 0.09794723438345355500 ) ) ;
#6982 = CARTESIAN_POINT ( 'NONE',  ( 0.2579658010939811500, 0.07199999999999998100, 0.09579967187193039200 ) ) ;
#6983 = CARTESIAN_POINT ( 'NONE',  ( 0.2594013112197868200, 0.07199999999999999500, 0.09364970674259275000 ) ) ;
#6984 = CARTESIAN_POINT ( 'NONE',  ( 0.2606864515152623700, 0.07200000000000000800, 0.09148378054382944000 ) ) ;
#6985 = CARTESIAN_POINT ( 'NONE',  ( 0.2618250536645636000, 0.07200000000000000800, 0.08929814055836332600 ) ) ;
#6986 = CARTESIAN_POINT ( 'NONE',  ( 0.2508518068366266700, 0.07199999999999999500, 0.1042447687228915100 ) ) ;
#6987 = B_SPLINE_CURVE_WITH_KNOTS ( 'NONE', 3,
 ( #6907, #7014, #7013, #6947, #6946, #6945, #6944, #6943, #6942, #6941, #6985, #6984, #6983, #6982, #6981, #6980, #6979, #6978, #6977 ),
 .UNSPECIFIED., .F., .F.,
 ( 4, 1, 1, 1, 1, 1, 1, 1, 1, 1, 1, 1, 1, 1, 1, 1, 4 ),
 ( 0.0000000000000000000, 0.06161720700066753600, 0.1221796806916236900, 0.1822170457787557800, 0.2414733477827188100, 0.3009570811868602100, 0.3599663445410477600, 0.4190304461222744700, 0.4780664661946931700, 0.5379906152311281200, 0.5989585239045209800, 0.6613196378030689000, 0.7252463998147855600, 0.7912192657937667800, 0.8587453708087639000, 0.9283172764034408600, 1.000000000000000000 ),
 .UNSPECIFIED. ) ;
#6988 = CARTESIAN_POINT ( 'NONE',  ( 0.1824881707766849700, 0.07499999999999998300, 0.07120673254120367400 ) ) ;
#6989 = CARTESIAN_POINT ( 'NONE',  ( 0.1824881707766849700, 0.07200000000000000800, 0.07120673254120367400 ) ) ;
#6990 = CARTESIAN_POINT ( 'NONE',  ( 0.1824543709391907900, 0.07499999999999996900, 0.06974156359468637600 ) ) ;
#6991 = CARTESIAN_POINT ( 'NONE',  ( 0.1824543709391907900, 0.07199999999999999500, 0.06974156359468637600 ) ) ;
#6992 = UNCERTAINTY_MEASURE_WITH_UNIT (LENGTH_MEASURE( 1.000000000000000100E-005 ), #6975, 'distance_accuracy_value', 'NONE');
#6993 =( NAMED_UNIT ( * ) SI_UNIT ( $, .STERADIAN. ) SOLID_ANGLE_UNIT ( ) );
#6994 = UNCERTAINTY_MEASURE_WITH_UNIT (LENGTH_MEASURE( 1.000000000000000100E-005 ), #6998, 'distance_accuracy_value', 'NONE');
#6995 =( NAMED_UNIT ( * ) SI_UNIT ( $, .STERADIAN. ) SOLID_ANGLE_UNIT ( ) );
#6996 =( NAMED_UNIT ( * ) PLANE_ANGLE_UNIT ( ) SI_UNIT ( $, .RADIAN. ) );
#6997 = CARTESIAN_POINT ( 'NONE',  ( 0.2663349903907843400, 0.07199999999999999500, 0.07321393169980729100 ) ) ;
#6998 =( CONVERSION_BASED_UNIT ( 'INCH', #6845 ) LENGTH_UNIT ( ) NAMED_UNIT ( #6449 ) );
#6999 = CARTESIAN_POINT ( 'NONE',  ( 0.2219506979346408400, 0.07499999999999996900, 0.1093339830310063500 ) ) ;
#7000 = CARTESIAN_POINT ( 'NONE',  ( 0.1995416799582266100, 0.07499999999999996900, 0.1032886755577458200 ) ) ;
#7001 = CARTESIAN_POINT ( 'NONE',  ( 0.1995416799582266100, 0.07199999999999999500, 0.1032886755577458200 ) ) ;
#7002 = CARTESIAN_POINT ( 'NONE',  ( 0.1851525573903249900, 0.07499999999999998300, 0.08593512318787965800 ) ) ;
#7003 =( NAMED_UNIT ( * ) SI_UNIT ( $, .STERADIAN. ) SOLID_ANGLE_UNIT ( ) );
#7004 =( NAMED_UNIT ( * ) PLANE_ANGLE_UNIT ( ) SI_UNIT ( $, .RADIAN. ) );
#7005 =( CONVERSION_BASED_UNIT ( 'INCH', #7006 ) LENGTH_UNIT ( ) NAMED_UNIT ( #7007 ) );
#7006 = LENGTH_MEASURE_WITH_UNIT ( LENGTH_MEASURE( 0.02539999999999999900 ), #7008 );
#7007 = DIMENSIONAL_EXPONENTS ( 1.000000000000000000, 0.0000000000000000000, 0.0000000000000000000, 0.0000000000000000000, 0.0000000000000000000, 0.0000000000000000000, 0.0000000000000000000 ) ;
#7008 =( LENGTH_UNIT ( ) NAMED_UNIT ( * ) SI_UNIT ( $, .METRE. ) );
#7009 = MECHANICAL_DESIGN_GEOMETRIC_PRESENTATION_REPRESENTATION (  '', ( #6919 ), #6967 ) ;
#7010 = PRESENTATION_LAYER_ASSIGNMENT (  '', '', ( #6919 ) ) ;
#7011 = CARTESIAN_POINT ( 'NONE',  ( 0.2234800119648318000, 0.07499999999999996900, 0.1093729738510966400 ) ) ;
#7012 = CARTESIAN_POINT ( 'NONE',  ( 0.2219506979346408400, 0.07199999999999999500, 0.1093339830310063500 ) ) ;
#7013 = CARTESIAN_POINT ( 'NONE',  ( 0.2665175239397185000, 0.07199999999999998100, 0.07077000363045560200 ) ) ;
#7014 = CARTESIAN_POINT ( 'NONE',  ( 0.2665437226198103000, 0.07200000000000000800, 0.06912756467364701600 ) ) ;
#7015 = CARTESIAN_POINT ( 'NONE',  ( 0.2189575541230096300, 0.07200000000000000800, 0.1092576709528067800 ) ) ;
#7016 = CARTESIAN_POINT ( 'NONE',  ( 0.1830715157537905200, 0.07499999999999999700, 0.07825172174288391700 ) ) ;
#7017 = CARTESIAN_POINT ( 'NONE',  ( 0.1830715157537905200, 0.07200000000000002200, 0.07825172174288391700 ) ) ;
#7018 = CARTESIAN_POINT ( 'NONE',  ( 0.2065848675901674200, 0.07499999999999996900, 0.1066771969006340700 ) ) ;
#7019 = STYLED_ITEM ( 'NONE', ( #7020 ), #1885 ) ;
#7020 = PRESENTATION_STYLE_ASSIGNMENT (( #7021 ) ) ;
#7021 = SURFACE_STYLE_USAGE ( .BOTH. , #7022 ) ;
#7022 = SURFACE_SIDE_STYLE ('',( #7023 ) ) ;
#7023 = SURFACE_STYLE_FILL_AREA ( #6937 ) ;
#7024 = CARTESIAN_POINT ( 'NONE',  ( 0.1975825760673959300, 0.07199999999999999500, 0.03507810205622483000 ) ) ;
#7025 = B_SPLINE_SURFACE_WITH_KNOTS ( 'NONE', 3, 1, ( 
 ( #7024, #6966 ),
 ( #6965, #6964 ),
 ( #6963, #6962 ),
 ( #7029, #7028 ),
 ( #7027, #7026 ),
 ( #6953, #6952 ),
 ( #6951, #6950 ),
 ( #6949, #7042 ),
 ( #7041, #7040 ),
 ( #7039, #7038 ),
 ( #7037, #6948 ) ),
 .UNSPECIFIED., .F., .F., .F.,
 ( 4, 1, 1, 1, 1, 1, 1, 1, 4 ),
 ( 2, 2 ),
 ( 0.0000000000000000000, 0.1278956773735364900, 0.2536684183228693500, 0.3767384322070096400, 0.4993444727460719700, 0.6219993068560795100, 0.7456985475131268100, 0.8713451527522128000, 1.000000000000000000 ),
 ( 0.0000000000000000000, 1.000000000000000000 ),
 .UNSPECIFIED. ) ;
#7026 = CARTESIAN_POINT ( 'NONE',  ( 0.2068009869192626900, 0.07499999999999999700, 0.02905136139286800300 ) ) ;
#7027 = CARTESIAN_POINT ( 'NONE',  ( 0.2068009869192626900, 0.07200000000000000800, 0.02905136139286800300 ) ) ;
#7028 = CARTESIAN_POINT ( 'NONE',  ( 0.2035918015439602300, 0.07499999999999999700, 0.03075196488614266600 ) ) ;
#7029 = CARTESIAN_POINT ( 'NONE',  ( 0.2035918015439602300, 0.07199999999999999500, 0.03075196488614266600 ) ) ;
#7030 = DIRECTION ( 'NONE',  ( -0.6879543109165519000, 0.0000000000000000000, -0.7257539983295525600 ) ) ;
#7031 = DIRECTION ( 'NONE',  ( 0.7257539983295525600, 0.0000000000000000000, -0.6879543109165519000 ) ) ;
#7032 = CARTESIAN_POINT ( 'NONE',  ( 0.2508518068366266700, 0.07199999999999999500, 0.1042447687228915100 ) ) ;
#7033 = AXIS2_PLACEMENT_3D ( 'NONE', #7032, #7031, #7030 ) ;
#7034 = LINE ( 'NONE', #6935, #6934 ) ;
#7035 = PLANE ( 'NONE',  #7033 ) ;
#7036 = CARTESIAN_POINT ( 'NONE',  ( 0.1867128011024148100, 0.07200000000000000800, 0.08944163307335513400 ) ) ;
#7037 = CARTESIAN_POINT ( 'NONE',  ( 0.2245377042725241200, 0.07199999999999999500, 0.02527040974853252500 ) ) ;
#7038 = CARTESIAN_POINT ( 'NONE',  ( 0.2232811246937767300, 0.07499999999999998300, 0.02530340738477006000 ) ) ;
#7039 = CARTESIAN_POINT ( 'NONE',  ( 0.2232811246937767300, 0.07199999999999998100, 0.02530340738477006000 ) ) ;
#7040 = CARTESIAN_POINT ( 'NONE',  ( 0.2207973472156896400, 0.07499999999999998300, 0.02536863109769926800 ) ) ;
#7041 = CARTESIAN_POINT ( 'NONE',  ( 0.2207973472156896400, 0.07199999999999998100, 0.02536863109769926800 ) ) ;
#7042 = CARTESIAN_POINT ( 'NONE',  ( 0.2171269556605425500, 0.07499999999999998300, 0.02582136913629934400 ) ) ;
#7043 =( NAMED_UNIT ( * ) PLANE_ANGLE_UNIT ( ) SI_UNIT ( $, .RADIAN. ) );
#7044 =( CONVERSION_BASED_UNIT ( 'INCH', #7045 ) LENGTH_UNIT ( ) NAMED_UNIT ( #7068 ) );
#7045 = LENGTH_MEASURE_WITH_UNIT ( LENGTH_MEASURE( 0.02539999999999999900 ), #7069 );
#7046 = VECTOR ( 'NONE', #6940, 39.37007874015748100 ) ;
#7047 = CARTESIAN_POINT ( 'NONE',  ( 0.1975825760673959300, 0.07199999999999999500, 0.03507810205622483000 ) ) ;
#7048 = LINE ( 'NONE', #7047, #7046 ) ;
#7049 = FILL_AREA_STYLE_COLOUR ( '', #6938 ) ;
#7050 = CARTESIAN_POINT ( 'NONE',  ( 0.1825542594487073700, 0.07499999999999998300, 0.07407157087010274300 ) ) ;
#7051 = CARTESIAN_POINT ( 'NONE',  ( 0.1825542594487073700, 0.07200000000000000800, 0.07407157087010274300 ) ) ;
#7052 = CARTESIAN_POINT ( 'NONE',  ( 0.2104697377996582700, 0.07199999999999998100, 0.1078580040289135200 ) ) ;
#7053 = CARTESIAN_POINT ( 'NONE',  ( 0.2145925193610746000, 0.07499999999999995600, 0.1087223814521439400 ) ) ;
#7054 = CARTESIAN_POINT ( 'NONE',  ( 0.1851525573903249900, 0.07200000000000000800, 0.08593512318787965800 ) ) ;
#7055 = CARTESIAN_POINT ( 'NONE',  ( 0.1867128011024148100, 0.07499999999999998300, 0.08944163307335513400 ) ) ;
#7056 =( NAMED_UNIT ( * ) PLANE_ANGLE_UNIT ( ) SI_UNIT ( $, .RADIAN. ) );
#7057 = CARTESIAN_POINT ( 'NONE',  ( 0.1964016415384122200, 0.07200000000000000800, 0.1010675985047997400 ) ) ;
#7058 = CARTESIAN_POINT ( 'NONE',  ( 0.1934976643129858500, 0.07199999999999998100, 0.09856450269886613000 ) ) ;
#7059 =( GEOMETRIC_REPRESENTATION_CONTEXT ( 3 ) GLOBAL_UNCERTAINTY_ASSIGNED_CONTEXT ( ( #7060 ) ) GLOBAL_UNIT_ASSIGNED_CONTEXT ( ( #7044, #7043, #7061 ) ) REPRESENTATION_CONTEXT ( 'NONE', 'WORKASPACE' ) );
#7060 = UNCERTAINTY_MEASURE_WITH_UNIT (LENGTH_MEASURE( 1.000000000000000100E-005 ), #7044, 'distance_accuracy_value', 'NONE');
#7061 =( NAMED_UNIT ( * ) SI_UNIT ( $, .STERADIAN. ) SOLID_ANGLE_UNIT ( ) );
#7062 = CARTESIAN_POINT ( 'NONE',  ( 0.2189575541230096300, 0.07499999999999998300, 0.1092576709528067800 ) ) ;
#7063 =( LENGTH_UNIT ( ) NAMED_UNIT ( * ) SI_UNIT ( $, .METRE. ) );
#7064 = MECHANICAL_DESIGN_GEOMETRIC_PRESENTATION_REPRESENTATION (  '', ( #7019 ), #6961 ) ;
#7065 = PRESENTATION_LAYER_ASSIGNMENT (  '', '', ( #7019 ) ) ;
#7066 = CARTESIAN_POINT ( 'NONE',  ( 0.1909072823204600300, 0.07499999999999998300, 0.09575536080661428700 ) ) ;
#7067 = CARTESIAN_POINT ( 'NONE',  ( 0.1964016415384122200, 0.07499999999999998300, 0.1010675985047997400 ) ) ;
#7068 = DIMENSIONAL_EXPONENTS ( 1.000000000000000000, 0.0000000000000000000, 0.0000000000000000000, 0.0000000000000000000, 0.0000000000000000000, 0.0000000000000000000, 0.0000000000000000000 ) ;
#7069 =( LENGTH_UNIT ( ) NAMED_UNIT ( * ) SI_UNIT ( $, .METRE. ) );
#7070 = MECHANICAL_DESIGN_GEOMETRIC_PRESENTATION_REPRESENTATION (  '', ( #7072 ), #7059 ) ;
#7071 = PRESENTATION_LAYER_ASSIGNMENT (  '', '', ( #7072 ) ) ;
#7072 = STYLED_ITEM ( 'NONE', ( #7073 ), #1895 ) ;
#7073 = PRESENTATION_STYLE_ASSIGNMENT (( #6908 ) ) ;
#7074 = UNCERTAINTY_MEASURE_WITH_UNIT (LENGTH_MEASURE( 1.000000000000000100E-005 ), #7077, 'distance_accuracy_value', 'NONE');
#7075 =( NAMED_UNIT ( * ) SI_UNIT ( $, .STERADIAN. ) SOLID_ANGLE_UNIT ( ) );
#7076 =( NAMED_UNIT ( * ) PLANE_ANGLE_UNIT ( ) SI_UNIT ( $, .RADIAN. ) );
#7077 =( CONVERSION_BASED_UNIT ( 'INCH', #7078 ) LENGTH_UNIT ( ) NAMED_UNIT ( #7079 ) );
#7078 = LENGTH_MEASURE_WITH_UNIT ( LENGTH_MEASURE( 0.02539999999999999900 ), #7080 );
#7079 = DIMENSIONAL_EXPONENTS ( 1.000000000000000000, 0.0000000000000000000, 0.0000000000000000000, 0.0000000000000000000, 0.0000000000000000000, 0.0000000000000000000, 0.0000000000000000000 ) ;
#7080 =( LENGTH_UNIT ( ) NAMED_UNIT ( * ) SI_UNIT ( $, .METRE. ) );
#7081 = CARTESIAN_POINT ( 'NONE',  ( 0.2564045803221522400, 0.07500000000000001100, 0.09794723438345355500 ) ) ;
#7082 = CARTESIAN_POINT ( 'NONE',  ( 0.2564045803221522400, 0.07199999999999998100, 0.09794723438345355500 ) ) ;
#7083 = CARTESIAN_POINT ( 'NONE',  ( 0.2606864515152623700, 0.07500000000000003900, 0.09148378054382944000 ) ) ;
#7084 = CARTESIAN_POINT ( 'NONE',  ( 0.2579658010939811500, 0.07199999999999998100, 0.09579967187193039200 ) ) ;
#7085 = STYLED_ITEM ( 'NONE', ( #7086 ), #1917 ) ;
#7086 = PRESENTATION_STYLE_ASSIGNMENT (( #7087 ) ) ;
#7087 = SURFACE_STYLE_USAGE ( .BOTH. , #7088 ) ;
#7088 = SURFACE_SIDE_STYLE ('',( #7089 ) ) ;
#7089 = SURFACE_STYLE_FILL_AREA ( #7090 ) ;
#7090 = FILL_AREA_STYLE ('',( #7108 ) ) ;
#7091 = COLOUR_RGB ( '',0.9882352941176471000, 1.000000000000000000, 0.9882352941176471000 ) ;
#7092 =( LENGTH_UNIT ( ) NAMED_UNIT ( * ) SI_UNIT ( $, .METRE. ) );
#7093 = MECHANICAL_DESIGN_GEOMETRIC_PRESENTATION_REPRESENTATION (  '', ( #7085 ), #7173 ) ;
#7094 = PRESENTATION_LAYER_ASSIGNMENT (  '', '', ( #7085 ) ) ;
#7095 =( NAMED_UNIT ( * ) PLANE_ANGLE_UNIT ( ) SI_UNIT ( $, .RADIAN. ) );
#7096 =( CONVERSION_BASED_UNIT ( 'INCH', #7097 ) LENGTH_UNIT ( ) NAMED_UNIT ( #7098 ) );
#7097 = LENGTH_MEASURE_WITH_UNIT ( LENGTH_MEASURE( 0.02539999999999999900 ), #7092 );
#7098 = DIMENSIONAL_EXPONENTS ( 1.000000000000000000, 0.0000000000000000000, 0.0000000000000000000, 0.0000000000000000000, 0.0000000000000000000, 0.0000000000000000000, 0.0000000000000000000 ) ;
#7099 = CARTESIAN_POINT ( 'NONE',  ( 0.1845056529904728300, 0.07199999999999999500, 0.01501399949212226300 ) ) ;
#7100 = PLANE ( 'NONE',  #7148 ) ;
#7101 =( GEOMETRIC_REPRESENTATION_CONTEXT ( 3 ) GLOBAL_UNCERTAINTY_ASSIGNED_CONTEXT ( ( #7074 ) ) GLOBAL_UNIT_ASSIGNED_CONTEXT ( ( #7077, #7076, #7075 ) ) REPRESENTATION_CONTEXT ( 'NONE', 'WORKASPACE' ) );
#7102 = CARTESIAN_POINT ( 'NONE',  ( 0.2651195768798834100, 0.07500000000000001100, 0.08031730647773859000 ) ) ;
#7103 = FACE_OUTER_BOUND ( 'NONE', #1845, .T. ) ;
#7104 = DIRECTION ( 'NONE',  ( -0.0000000000000000000, 1.000000000000000000, -0.0000000000000000000 ) ) ;
#7105 = VECTOR ( 'NONE', #7104, 39.37007874015748100 ) ;
#7106 = CARTESIAN_POINT ( 'NONE',  ( 0.2665569350417548700, 0.07199999999999999500, 0.06829925590237868900 ) ) ;
#7107 = LINE ( 'NONE', #7106, #7105 ) ;
#7108 = FILL_AREA_STYLE_COLOUR ( '', #7091 ) ;
#7109 = CARTESIAN_POINT ( 'NONE',  ( 0.2508518068366266700, 0.07500000000000002500, 0.1042447687228915100 ) ) ;
#7110 = CARTESIAN_POINT ( 'NONE',  ( 0.2508518068366266700, 0.07199999999999999500, 0.1042447687228915100 ) ) ;
#7111 = CARTESIAN_POINT ( 'NONE',  ( 0.2515208828289137700, 0.07500000000000001100, 0.1035511063925571600 ) ) ;
#7112 = CARTESIAN_POINT ( 'NONE',  ( 0.2515208828289137700, 0.07199999999999998100, 0.1035511063925571600 ) ) ;
#7113 = MECHANICAL_DESIGN_GEOMETRIC_PRESENTATION_REPRESENTATION (  '', ( #7115 ), #7194 ) ;
#7114 = PRESENTATION_LAYER_ASSIGNMENT (  '', '', ( #7115 ) ) ;
#7115 = STYLED_ITEM ( 'NONE', ( #7116 ), #1935 ) ;
#7116 = PRESENTATION_STYLE_ASSIGNMENT (( #7117 ) ) ;
#7117 = SURFACE_STYLE_USAGE ( .BOTH. , #7118 ) ;
#7118 = SURFACE_SIDE_STYLE ('',( #7119 ) ) ;
#7119 = SURFACE_STYLE_FILL_AREA ( #7120 ) ;
#7120 = FILL_AREA_STYLE ('',( #7138 ) ) ;
#7121 = COLOUR_RGB ( '',0.9882352941176471000, 1.000000000000000000, 0.9882352941176471000 ) ;
#7122 = FACE_OUTER_BOUND ( 'NONE', #1936, .T. ) ;
#7123 = DIRECTION ( 'NONE',  ( -0.0000000000000000000, 1.000000000000000000, -0.0000000000000000000 ) ) ;
#7124 = CARTESIAN_POINT ( 'NONE',  ( 0.2245377042725241200, 0.07199999999999999500, 0.02527040974853252500 ) ) ;
#7125 = CARTESIAN_POINT ( 'NONE',  ( 0.2232811246937767300, 0.07199999999999998100, 0.02530340738477006000 ) ) ;
#7126 = CARTESIAN_POINT ( 'NONE',  ( 0.2207973472156896400, 0.07199999999999998100, 0.02536863109769926800 ) ) ;
#7127 = CARTESIAN_POINT ( 'NONE',  ( 0.2171269556605425500, 0.07199999999999998100, 0.02582136913629934400 ) ) ;
#7128 = CARTESIAN_POINT ( 'NONE',  ( 0.2135723204324841700, 0.07200000000000000800, 0.02659408348481212900 ) ) ;
#7129 = CARTESIAN_POINT ( 'NONE',  ( 0.2101288641388576200, 0.07199999999999998100, 0.02767152545834735500 ) ) ;
#7130 = CARTESIAN_POINT ( 'NONE',  ( 0.2068009869192626900, 0.07200000000000000800, 0.02905136139286800300 ) ) ;
#7131 = CARTESIAN_POINT ( 'NONE',  ( 0.2035918015439602300, 0.07199999999999999500, 0.03075196488614266600 ) ) ;
#7132 = CARTESIAN_POINT ( 'NONE',  ( 0.2004923742427381600, 0.07200000000000000800, 0.03274689418029781700 ) ) ;
#7133 = CARTESIAN_POINT ( 'NONE',  ( 0.1985579052790620600, 0.07200000000000000800, 0.03429670932626673100 ) ) ;
#7134 = CARTESIAN_POINT ( 'NONE',  ( 0.1975825760673959300, 0.07199999999999999500, 0.03507810205622483000 ) ) ;
#7135 = VECTOR ( 'NONE', #7123, 39.37007874015748100 ) ;
#7136 = CARTESIAN_POINT ( 'NONE',  ( 0.2245377042725241200, 0.07199999999999999500, 0.02527040974853252500 ) ) ;
#7137 = LINE ( 'NONE', #7136, #7135 ) ;
#7138 = FILL_AREA_STYLE_COLOUR ( '', #7121 ) ;
#7139 = CARTESIAN_POINT ( 'NONE',  ( 0.2245377042725241200, 0.07199999999999999500, 0.02527040974853252500 ) ) ;
#7140 = B_SPLINE_CURVE_WITH_KNOTS ( 'NONE', 3,
 ( #7134, #7133, #7132, #7131, #7130, #7129, #7128, #7127, #7126, #7125, #7124 ),
 .UNSPECIFIED., .F., .F.,
 ( 4, 1, 1, 1, 1, 1, 1, 1, 4 ),
 ( 0.0000000000000000000, 0.1278956773735364900, 0.2536684183228693500, 0.3767384322070096400, 0.4993444727460719700, 0.6219993068560795100, 0.7456985475131268100, 0.8713451527522128000, 1.000000000000000000 ),
 .UNSPECIFIED. ) ;
#7141 = DIRECTION ( 'NONE',  ( -0.0000000000000000000, 1.000000000000000000, -0.0000000000000000000 ) ) ;
#7142 = VECTOR ( 'NONE', #7141, 39.37007874015748100 ) ;
#7143 = CARTESIAN_POINT ( 'NONE',  ( 0.1927107811956010600, 0.07199999999999999500, 0.01501399949212226300 ) ) ;
#7144 = LINE ( 'NONE', #7143, #7142 ) ;
#7145 = DIRECTION ( 'NONE',  ( 0.0000000000000000000, -0.0000000000000000000, -1.000000000000000000 ) ) ;
#7146 = DIRECTION ( 'NONE',  ( 0.0000000000000000000, -1.000000000000000000, 0.0000000000000000000 ) ) ;
#7147 = CARTESIAN_POINT ( 'NONE',  ( 0.2645056529904728500, 0.07199999999999999500, -0.03011420563608286500 ) ) ;
#7148 = AXIS2_PLACEMENT_3D ( 'NONE', #7147, #7146, #7145 ) ;
#7149 = CARTESIAN_POINT ( 'NONE',  ( 0.2656488092887612200, 0.07500000000000001100, 0.07798607360159984200 ) ) ;
#7150 = CARTESIAN_POINT ( 'NONE',  ( 0.2579658010939811500, 0.07500000000000001100, 0.09579967187193039200 ) ) ;
#7151 = CARTESIAN_POINT ( 'NONE',  ( 0.2594013112197868200, 0.07500000000000002500, 0.09364970674259275000 ) ) ;
#7152 = CARTESIAN_POINT ( 'NONE',  ( 0.2594013112197868200, 0.07199999999999999500, 0.09364970674259275000 ) ) ;
#7153 = MECHANICAL_DESIGN_GEOMETRIC_PRESENTATION_REPRESENTATION (  '', ( #7155 ), #7101 ) ;
#7154 = PRESENTATION_LAYER_ASSIGNMENT (  '', '', ( #7155 ) ) ;
#7155 = STYLED_ITEM ( 'NONE', ( #7156 ), #1921 ) ;
#7156 = PRESENTATION_STYLE_ASSIGNMENT (( #7157 ) ) ;
#7157 = SURFACE_STYLE_USAGE ( .BOTH. , #7158 ) ;
#7158 = SURFACE_SIDE_STYLE ('',( #7159 ) ) ;
#7159 = SURFACE_STYLE_FILL_AREA ( #7160 ) ;
#7160 = FILL_AREA_STYLE ('',( #7167 ) ) ;
#7161 = COLOUR_RGB ( '',0.9882352941176471000, 1.000000000000000000, 0.9882352941176471000 ) ;
#7162 = FACE_OUTER_BOUND ( 'NONE', #1922, .T. ) ;
#7163 = DIRECTION ( 'NONE',  ( 0.0000000000000000000, 0.0000000000000000000, -1.000000000000000000 ) ) ;
#7164 = VECTOR ( 'NONE', #7163, 39.37007874015748100 ) ;
#7165 = CARTESIAN_POINT ( 'NONE',  ( 0.1845056529904728300, 0.07199999999999999500, 0.01501399949212226300 ) ) ;
#7166 = LINE ( 'NONE', #7165, #7164 ) ;
#7167 = FILL_AREA_STYLE_COLOUR ( '', #7161 ) ;
#7168 = DIRECTION ( 'NONE',  ( -1.000000000000000000, 0.0000000000000000000, 0.0000000000000000000 ) ) ;
#7169 = DIRECTION ( 'NONE',  ( -0.0000000000000000000, 0.0000000000000000000, -1.000000000000000000 ) ) ;
#7170 = CARTESIAN_POINT ( 'NONE',  ( 0.1927107811956010600, 0.07199999999999999500, 0.01501399949212226300 ) ) ;
#7171 = AXIS2_PLACEMENT_3D ( 'NONE', #7170, #7169, #7168 ) ;
#7172 = PLANE ( 'NONE',  #7171 ) ;
#7173 =( GEOMETRIC_REPRESENTATION_CONTEXT ( 3 ) GLOBAL_UNCERTAINTY_ASSIGNED_CONTEXT ( ( #7183 ) ) GLOBAL_UNIT_ASSIGNED_CONTEXT ( ( #7096, #7095, #7184 ) ) REPRESENTATION_CONTEXT ( 'NONE', 'WORKASPACE' ) );
#7174 = CARTESIAN_POINT ( 'NONE',  ( 0.2656488092887612200, 0.07199999999999998100, 0.07798607360159984200 ) ) ;
#7175 = CARTESIAN_POINT ( 'NONE',  ( 0.2660488828177609000, 0.07500000000000003900, 0.07561527300201662000 ) ) ;
#7176 = CARTESIAN_POINT ( 'NONE',  ( 0.2644745957121998300, 0.07500000000000002500, 0.08261603454506583100 ) ) ;
#7177 = CARTESIAN_POINT ( 'NONE',  ( 0.2644745957121998300, 0.07200000000000000800, 0.08261603454506583100 ) ) ;
#7178 = CARTESIAN_POINT ( 'NONE',  ( 0.2663349903907843400, 0.07500000000000002500, 0.07321393169980729100 ) ) ;
#7179 = CARTESIAN_POINT ( 'NONE',  ( 0.2651195768798834100, 0.07199999999999998100, 0.08031730647773859000 ) ) ;
#7180 = CARTESIAN_POINT ( 'NONE',  ( 0.2606864515152623700, 0.07200000000000000800, 0.09148378054382944000 ) ) ;
#7181 = CARTESIAN_POINT ( 'NONE',  ( 0.2618250536645636000, 0.07500000000000002500, 0.08929814055836332600 ) ) ;
#7182 = CARTESIAN_POINT ( 'NONE',  ( 0.2637278321525546300, 0.07200000000000000800, 0.08487791011473071200 ) ) ;
#7183 = UNCERTAINTY_MEASURE_WITH_UNIT (LENGTH_MEASURE( 1.000000000000000100E-005 ), #7096, 'distance_accuracy_value', 'NONE');
#7184 =( NAMED_UNIT ( * ) SI_UNIT ( $, .STERADIAN. ) SOLID_ANGLE_UNIT ( ) );
#7185 = CARTESIAN_POINT ( 'NONE',  ( 0.2660488828177609000, 0.07200000000000000800, 0.07561527300201662000 ) ) ;
#7186 = CARTESIAN_POINT ( 'NONE',  ( 0.2618250536645636000, 0.07200000000000000800, 0.08929814055836332600 ) ) ;
#7187 = CARTESIAN_POINT ( 'NONE',  ( 0.2628365300536361600, 0.07499999999999999700, 0.08710024233489165000 ) ) ;
#7188 = CARTESIAN_POINT ( 'NONE',  ( 0.2528393327489139000, 0.07499999999999999700, 0.1021842077824154900 ) ) ;
#7189 = CARTESIAN_POINT ( 'NONE',  ( 0.2528393327489139000, 0.07199999999999996700, 0.1021842077824154900 ) ) ;
#7190 = CARTESIAN_POINT ( 'NONE',  ( 0.2546729957238922400, 0.07500000000000002500, 0.1000584261962008700 ) ) ;
#7191 = CARTESIAN_POINT ( 'NONE',  ( 0.2546729957238922400, 0.07200000000000000800, 0.1000584261962008700 ) ) ;
#7192 = CARTESIAN_POINT ( 'NONE',  ( 0.2628365300536361600, 0.07199999999999998100, 0.08710024233489165000 ) ) ;
#7193 = CARTESIAN_POINT ( 'NONE',  ( 0.2637278321525546300, 0.07500000000000002500, 0.08487791011473071200 ) ) ;
#7194 =( GEOMETRIC_REPRESENTATION_CONTEXT ( 3 ) GLOBAL_UNCERTAINTY_ASSIGNED_CONTEXT ( ( #6994 ) ) GLOBAL_UNIT_ASSIGNED_CONTEXT ( ( #6998, #6996, #6995 ) ) REPRESENTATION_CONTEXT ( 'NONE', 'WORKASPACE' ) );
#7195 = CARTESIAN_POINT ( 'NONE',  ( 0.2381495696695810300, 0.07199999999999999500, 0.02743884361091502400 ) ) ;
#7196 = CARTESIAN_POINT ( 'NONE',  ( 0.2355300551115233100, 0.07199999999999995300, 0.02663379287741345800 ) ) ;
#7197 = CARTESIAN_POINT ( 'NONE',  ( 0.2328511857076429300, 0.07199999999999998100, 0.02602193752205329800 ) ) ;
#7198 = B_SPLINE_CURVE_WITH_KNOTS ( 'NONE', 3,
 ( #7244, #7265, #7264, #7263, #7197, #7196, #7195, #7268, #7267, #7266, #7248, #7247, #7246, #7284, #7283, #7282, #7281, #7228, #7227, #7226, #7214, #7213, #7212, #7211, #7210, #7209, #7208 ),
 .UNSPECIFIED., .F., .F.,
 ( 4, 1, 1, 1, 1, 1, 1, 1, 1, 1, 1, 1, 1, 1, 1, 1, 1, 1, 1, 1, 1, 1, 1, 1, 4 ),
 ( 0.0000000000000000000, 0.04204225576452218900, 0.08355018013896524400, 0.1246515839477375000, 0.1653143724217493200, 0.2062538482388171500, 0.2470566123022548100, 0.2884179878822861800, 0.3300781046052336200, 0.3717669519748100200, 0.4128482364323983700, 0.4534218897265732700, 0.4939667252539911600, 0.5343488129285677300, 0.5749224662227425700, 0.6158654236134173400, 0.6572261099463193600, 0.6989860147970933200, 0.7404685194943584300, 0.7823102637981793600, 0.8245554534991506000, 0.8670321475500549800, 0.9104934084372299200, 0.9546160715104584600, 1.000000000000000000 ),
 .UNSPECIFIED. ) ;
#7199 = CARTESIAN_POINT ( 'NONE',  ( 0.2245377042725241200, 0.07199999999999999500, 0.02527040974853252500 ) ) ;
#7200 = B_SPLINE_SURFACE_WITH_KNOTS ( 'NONE', 3, 1, ( 
 ( #7199, #7280 ),
 ( #7279, #7278 ),
 ( #7277, #7276 ),
 ( #7275, #7255 ),
 ( #7254, #7253 ),
 ( #7252, #7251 ),
 ( #7250, #7249 ),
 ( #7274, #7273 ),
 ( #7272, #7271 ),
 ( #7270, #7269 ),
 ( #7262, #7261 ),
 ( #7260, #7259 ),
 ( #7258, #7257 ),
 ( #7292, #7291 ),
 ( #7290, #7289 ),
 ( #7288, #7287 ),
 ( #7286, #7285 ),
 ( #7243, #7242 ),
 ( #7241, #7240 ),
 ( #7239, #7238 ),
 ( #7237, #7236 ),
 ( #7235, #7234 ),
 ( #7233, #7232 ),
 ( #7231, #7230 ),
 ( #7229, #7225 ),
 ( #7224, #7223 ),
 ( #7222, #7221 ) ),
 .UNSPECIFIED., .F., .F., .F.,
 ( 4, 1, 1, 1, 1, 1, 1, 1, 1, 1, 1, 1, 1, 1, 1, 1, 1, 1, 1, 1, 1, 1, 1, 1, 4 ),
 ( 2, 2 ),
 ( 0.0000000000000000000, 0.04204225576452218900, 0.08355018013896524400, 0.1246515839477375000, 0.1653143724217493200, 0.2062538482388171500, 0.2470566123022548100, 0.2884179878822861800, 0.3300781046052336200, 0.3717669519748100200, 0.4128482364323983700, 0.4534218897265732700, 0.4939667252539911600, 0.5343488129285677300, 0.5749224662227425700, 0.6158654236134173400, 0.6572261099463193600, 0.6989860147970933200, 0.7404685194943584300, 0.7823102637981793600, 0.8245554534991506000, 0.8670321475500549800, 0.9104934084372299200, 0.9546160715104584600, 1.000000000000000000 ),
 ( 0.0000000000000000000, 1.000000000000000000 ),
 .UNSPECIFIED. ) ;
#7201 = STYLED_ITEM ( 'NONE', ( #7202 ), #1942 ) ;
#7202 = PRESENTATION_STYLE_ASSIGNMENT (( #7203 ) ) ;
#7203 = SURFACE_STYLE_USAGE ( .BOTH. , #7204 ) ;
#7204 = SURFACE_SIDE_STYLE ('',( #7205 ) ) ;
#7205 = SURFACE_STYLE_FILL_AREA ( #7206 ) ;
#7206 = FILL_AREA_STYLE ('',( #7207 ) ) ;
#7207 = FILL_AREA_STYLE_COLOUR ( '', #7245 ) ;
#7208 = CARTESIAN_POINT ( 'NONE',  ( 0.2665569350417548700, 0.07199999999999999500, 0.06829925590237868900 ) ) ;
#7209 = CARTESIAN_POINT ( 'NONE',  ( 0.2665450411322199400, 0.07199999999999998100, 0.06728358806139814200 ) ) ;
#7210 = CARTESIAN_POINT ( 'NONE',  ( 0.2665215838569627800, 0.07199999999999999500, 0.06528047881916861100 ) ) ;
#7211 = CARTESIAN_POINT ( 'NONE',  ( 0.2662299130048246300, 0.07200000000000000800, 0.06231704769087745300 ) ) ;
#7212 = CARTESIAN_POINT ( 'NONE',  ( 0.2658036559776506000, 0.07199999999999999500, 0.05943806397773270000 ) ) ;
#7213 = CARTESIAN_POINT ( 'NONE',  ( 0.2652158812984608000, 0.07199999999999999500, 0.05662852115337655600 ) ) ;
#7214 = CARTESIAN_POINT ( 'NONE',  ( 0.2644210521864744900, 0.07199999999999998100, 0.05390880720397611000 ) ) ;
#7215 =( CONVERSION_BASED_UNIT ( 'INCH', #7216 ) LENGTH_UNIT ( ) NAMED_UNIT ( #7217 ) );
#7216 = LENGTH_MEASURE_WITH_UNIT ( LENGTH_MEASURE( 0.02539999999999999900 ), #7218 );
#7217 = DIMENSIONAL_EXPONENTS ( 1.000000000000000000, 0.0000000000000000000, 0.0000000000000000000, 0.0000000000000000000, 0.0000000000000000000, 0.0000000000000000000, 0.0000000000000000000 ) ;
#7218 =( LENGTH_UNIT ( ) NAMED_UNIT ( * ) SI_UNIT ( $, .METRE. ) );
#7219 = MECHANICAL_DESIGN_GEOMETRIC_PRESENTATION_REPRESENTATION (  '', ( #7201 ), #7295 ) ;
#7220 = PRESENTATION_LAYER_ASSIGNMENT (  '', '', ( #7201 ) ) ;
#7221 = CARTESIAN_POINT ( 'NONE',  ( 0.2665569350417548700, 0.07499999999999994200, 0.06829925590237868900 ) ) ;
#7222 = CARTESIAN_POINT ( 'NONE',  ( 0.2665569350417548700, 0.07199999999999999500, 0.06829925590237868900 ) ) ;
#7223 = CARTESIAN_POINT ( 'NONE',  ( 0.2665450411322199400, 0.07499999999999992800, 0.06728358806139814200 ) ) ;
#7224 = CARTESIAN_POINT ( 'NONE',  ( 0.2665450411322199400, 0.07199999999999998100, 0.06728358806139814200 ) ) ;
#7225 = CARTESIAN_POINT ( 'NONE',  ( 0.2665215838569627800, 0.07499999999999994200, 0.06528047881916861100 ) ) ;
#7226 = CARTESIAN_POINT ( 'NONE',  ( 0.2634842901866817400, 0.07199999999999999500, 0.05125833674217299100 ) ) ;
#7227 = CARTESIAN_POINT ( 'NONE',  ( 0.2623508243539254300, 0.07200000000000000800, 0.04869696289404600000 ) ) ;
#7228 = CARTESIAN_POINT ( 'NONE',  ( 0.2610579346341923000, 0.07199999999999995300, 0.04622548188428513700 ) ) ;
#7229 = CARTESIAN_POINT ( 'NONE',  ( 0.2665215838569627800, 0.07199999999999999500, 0.06528047881916861100 ) ) ;
#7230 = CARTESIAN_POINT ( 'NONE',  ( 0.2662299130048246300, 0.07499999999999995600, 0.06231704769087745300 ) ) ;
#7231 = CARTESIAN_POINT ( 'NONE',  ( 0.2662299130048246300, 0.07200000000000000800, 0.06231704769087745300 ) ) ;
#7232 = CARTESIAN_POINT ( 'NONE',  ( 0.2658036559776506000, 0.07499999999999994200, 0.05943806397773270000 ) ) ;
#7233 = CARTESIAN_POINT ( 'NONE',  ( 0.2658036559776506000, 0.07199999999999999500, 0.05943806397773270000 ) ) ;
#7234 = CARTESIAN_POINT ( 'NONE',  ( 0.2652158812984608000, 0.07499999999999994200, 0.05662852115337655600 ) ) ;
#7235 = CARTESIAN_POINT ( 'NONE',  ( 0.2652158812984608000, 0.07199999999999999500, 0.05662852115337655600 ) ) ;
#7236 = CARTESIAN_POINT ( 'NONE',  ( 0.2644210521864744900, 0.07499999999999992800, 0.05390880720397611000 ) ) ;
#7237 = CARTESIAN_POINT ( 'NONE',  ( 0.2644210521864744900, 0.07199999999999998100, 0.05390880720397611000 ) ) ;
#7238 = CARTESIAN_POINT ( 'NONE',  ( 0.2634842901866817400, 0.07499999999999994200, 0.05125833674217299100 ) ) ;
#7239 = CARTESIAN_POINT ( 'NONE',  ( 0.2634842901866817400, 0.07199999999999999500, 0.05125833674217299100 ) ) ;
#7240 = CARTESIAN_POINT ( 'NONE',  ( 0.2623508243539254300, 0.07499999999999995600, 0.04869696289404600000 ) ) ;
#7241 = CARTESIAN_POINT ( 'NONE',  ( 0.2623508243539254300, 0.07200000000000000800, 0.04869696289404600000 ) ) ;
#7242 = CARTESIAN_POINT ( 'NONE',  ( 0.2610579346341923000, 0.07499999999999991400, 0.04622548188428513700 ) ) ;
#7243 = CARTESIAN_POINT ( 'NONE',  ( 0.2610579346341923000, 0.07199999999999995300, 0.04622548188428513700 ) ) ;
#7244 = CARTESIAN_POINT ( 'NONE',  ( 0.2245377042725241200, 0.07199999999999999500, 0.02527040974853252500 ) ) ;
#7245 = COLOUR_RGB ( '',0.9882352941176471000, 1.000000000000000000, 0.9882352941176471000 ) ;
#7246 = CARTESIAN_POINT ( 'NONE',  ( 0.2524762436442425400, 0.07200000000000000800, 0.03562855274564000900 ) ) ;
#7247 = CARTESIAN_POINT ( 'NONE',  ( 0.2503444468637334200, 0.07200000000000000800, 0.03391455248109553200 ) ) ;
#7248 = CARTESIAN_POINT ( 'NONE',  ( 0.2481051053316623000, 0.07199999999999996700, 0.03229835595515381100 ) ) ;
#7249 = CARTESIAN_POINT ( 'NONE',  ( 0.2381495696695810300, 0.07499999999999994200, 0.02743884361091502400 ) ) ;
#7250 = CARTESIAN_POINT ( 'NONE',  ( 0.2381495696695810300, 0.07199999999999999500, 0.02743884361091502400 ) ) ;
#7251 = CARTESIAN_POINT ( 'NONE',  ( 0.2355300551115233100, 0.07499999999999991400, 0.02663379287741345800 ) ) ;
#7252 = CARTESIAN_POINT ( 'NONE',  ( 0.2355300551115233100, 0.07199999999999995300, 0.02663379287741345800 ) ) ;
#7253 = CARTESIAN_POINT ( 'NONE',  ( 0.2328511857076429300, 0.07499999999999992800, 0.02602193752205329800 ) ) ;
#7254 = CARTESIAN_POINT ( 'NONE',  ( 0.2328511857076429300, 0.07199999999999998100, 0.02602193752205329800 ) ) ;
#7255 = CARTESIAN_POINT ( 'NONE',  ( 0.2301248572493881700, 0.07499999999999995600, 0.02559951965067714900 ) ) ;
#7256 = FACE_OUTER_BOUND ( 'NONE', #1943, .T. ) ;
#7257 = CARTESIAN_POINT ( 'NONE',  ( 0.2524762436442425400, 0.07499999999999995600, 0.03562855274564000900 ) ) ;
#7258 = CARTESIAN_POINT ( 'NONE',  ( 0.2524762436442425400, 0.07200000000000000800, 0.03562855274564000900 ) ) ;
#7259 = CARTESIAN_POINT ( 'NONE',  ( 0.2503444468637334200, 0.07499999999999995600, 0.03391455248109553200 ) ) ;
#7260 = CARTESIAN_POINT ( 'NONE',  ( 0.2503444468637334200, 0.07200000000000000800, 0.03391455248109553200 ) ) ;
#7261 = CARTESIAN_POINT ( 'NONE',  ( 0.2481051053316623000, 0.07499999999999991400, 0.03229835595515381100 ) ) ;
#7262 = CARTESIAN_POINT ( 'NONE',  ( 0.2481051053316623000, 0.07199999999999996700, 0.03229835595515381100 ) ) ;
#7263 = CARTESIAN_POINT ( 'NONE',  ( 0.2301248572493881700, 0.07200000000000000800, 0.02559951965067714900 ) ) ;
#7264 = CARTESIAN_POINT ( 'NONE',  ( 0.2273485446613453300, 0.07199999999999999500, 0.02530684993304984900 ) ) ;
#7265 = CARTESIAN_POINT ( 'NONE',  ( 0.2254786372967938200, 0.07199999999999998100, 0.02528260815480247800 ) ) ;
#7266 = CARTESIAN_POINT ( 'NONE',  ( 0.2457194764940462100, 0.07200000000000002200, 0.03085954637842560100 ) ) ;
#7267 = CARTESIAN_POINT ( 'NONE',  ( 0.2432605974355200900, 0.07200000000000000800, 0.02953813147849325800 ) ) ;
#7268 = CARTESIAN_POINT ( 'NONE',  ( 0.2407298680556834700, 0.07199999999999998100, 0.02840566964958783600 ) ) ;
#7269 = CARTESIAN_POINT ( 'NONE',  ( 0.2457194764940462100, 0.07499999999999996900, 0.03085954637842560100 ) ) ;
#7270 = CARTESIAN_POINT ( 'NONE',  ( 0.2457194764940462100, 0.07200000000000002200, 0.03085954637842560100 ) ) ;
#7271 = CARTESIAN_POINT ( 'NONE',  ( 0.2432605974355200900, 0.07499999999999995600, 0.02953813147849325800 ) ) ;
#7272 = CARTESIAN_POINT ( 'NONE',  ( 0.2432605974355200900, 0.07200000000000000800, 0.02953813147849325800 ) ) ;
#7273 = CARTESIAN_POINT ( 'NONE',  ( 0.2407298680556834700, 0.07499999999999992800, 0.02840566964958783600 ) ) ;
#7274 = CARTESIAN_POINT ( 'NONE',  ( 0.2407298680556834700, 0.07199999999999998100, 0.02840566964958783600 ) ) ;
#7275 = CARTESIAN_POINT ( 'NONE',  ( 0.2301248572493881700, 0.07200000000000000800, 0.02559951965067714900 ) ) ;
#7276 = CARTESIAN_POINT ( 'NONE',  ( 0.2273485446613453300, 0.07499999999999994200, 0.02530684993304984900 ) ) ;
#7277 = CARTESIAN_POINT ( 'NONE',  ( 0.2273485446613453300, 0.07199999999999999500, 0.02530684993304984900 ) ) ;
#7278 = CARTESIAN_POINT ( 'NONE',  ( 0.2254786372967938200, 0.07499999999999992800, 0.02528260815480247800 ) ) ;
#7279 = CARTESIAN_POINT ( 'NONE',  ( 0.2254786372967938200, 0.07199999999999998100, 0.02528260815480247800 ) ) ;
#7280 = CARTESIAN_POINT ( 'NONE',  ( 0.2245377042725241200, 0.07499999999999994200, 0.02527040974853252500 ) ) ;
#7281 = CARTESIAN_POINT ( 'NONE',  ( 0.2596186498353108000, 0.07200000000000002200, 0.04384976484911456300 ) ) ;
#7282 = CARTESIAN_POINT ( 'NONE',  ( 0.2580274653426637400, 0.07199999999999999500, 0.04160546663087066200 ) ) ;
#7283 = CARTESIAN_POINT ( 'NONE',  ( 0.2563100055526041400, 0.07199999999999999500, 0.03948480503715322300 ) ) ;
#7284 = CARTESIAN_POINT ( 'NONE',  ( 0.2544618808592102300, 0.07199999999999999500, 0.03748881639260001600 ) ) ;
#7285 = CARTESIAN_POINT ( 'NONE',  ( 0.2596186498353108000, 0.07499999999999996900, 0.04384976484911456300 ) ) ;
#7286 = CARTESIAN_POINT ( 'NONE',  ( 0.2596186498353108000, 0.07200000000000002200, 0.04384976484911456300 ) ) ;
#7287 = CARTESIAN_POINT ( 'NONE',  ( 0.2580274653426637400, 0.07499999999999994200, 0.04160546663087066200 ) ) ;
#7288 = CARTESIAN_POINT ( 'NONE',  ( 0.2580274653426637400, 0.07199999999999999500, 0.04160546663087066200 ) ) ;
#7289 = CARTESIAN_POINT ( 'NONE',  ( 0.2563100055526041400, 0.07499999999999994200, 0.03948480503715322300 ) ) ;
#7290 = CARTESIAN_POINT ( 'NONE',  ( 0.2563100055526041400, 0.07199999999999999500, 0.03948480503715322300 ) ) ;
#7291 = CARTESIAN_POINT ( 'NONE',  ( 0.2544618808592102300, 0.07499999999999994200, 0.03748881639260001600 ) ) ;
#7292 = CARTESIAN_POINT ( 'NONE',  ( 0.2544618808592102300, 0.07199999999999999500, 0.03748881639260001600 ) ) ;
#7293 = PLANE ( 'NONE',  #7316 ) ;
#7294 = UNCERTAINTY_MEASURE_WITH_UNIT (LENGTH_MEASURE( 1.000000000000000100E-005 ), #7215, 'distance_accuracy_value', 'NONE');
#7295 =( GEOMETRIC_REPRESENTATION_CONTEXT ( 3 ) GLOBAL_UNCERTAINTY_ASSIGNED_CONTEXT ( ( #7294 ) ) GLOBAL_UNIT_ASSIGNED_CONTEXT ( ( #7215, #7296, #7297 ) ) REPRESENTATION_CONTEXT ( 'NONE', 'WORKASPACE' ) );
#7296 =( NAMED_UNIT ( * ) PLANE_ANGLE_UNIT ( ) SI_UNIT ( $, .RADIAN. ) );
#7297 =( NAMED_UNIT ( * ) SI_UNIT ( $, .STERADIAN. ) SOLID_ANGLE_UNIT ( ) );
#7298 = CARTESIAN_POINT ( 'NONE',  ( 0.2152748837597036100, 0.07199999999999999500, 0.1021934866716094500 ) ) ;
#7299 = CARTESIAN_POINT ( 'NONE',  ( 0.2152748837597036100, 0.07199999999999999500, 0.07552682000494279100 ) ) ;
#7300 = DIRECTION ( 'NONE',  ( 0.0000000000000000000, 0.0000000000000000000, -1.000000000000000000 ) ) ;
#7301 = VECTOR ( 'NONE', #7300, 39.37007874015748100 ) ;
#7302 = CARTESIAN_POINT ( 'NONE',  ( 0.2152748837597036100, 0.07199999999999999500, 0.1021934866716094500 ) ) ;
#7303 = LINE ( 'NONE', #7302, #7301 ) ;
#7304 = DIRECTION ( 'NONE',  ( -0.0000000000000000000, 1.000000000000000000, -0.0000000000000000000 ) ) ;
#7305 = VECTOR ( 'NONE', #7304, 39.37007874015748100 ) ;
#7306 = CARTESIAN_POINT ( 'NONE',  ( 0.2152748837597036100, 0.07199999999999999500, 0.1021934866716094500 ) ) ;
#7307 = LINE ( 'NONE', #7306, #7305 ) ;
#7308 = VECTOR ( 'NONE', #7309, 39.37007874015748100 ) ;
#7309 = DIRECTION ( 'NONE',  ( -0.0000000000000000000, 1.000000000000000000, -0.0000000000000000000 ) ) ;
#7310 = CARTESIAN_POINT ( 'NONE',  ( 0.2152748837597036100, 0.07199999999999999500, 0.07552682000494279100 ) ) ;
#7311 = LINE ( 'NONE', #7310, #7308 ) ;
#7312 = CARTESIAN_POINT ( 'NONE',  ( 0.2234800119648318000, 0.07199999999999999500, 0.07552682000494279100 ) ) ;
#7313 = DIRECTION ( 'NONE',  ( -1.000000000000000000, -3.528622626482123100E-013, 0.0000000000000000000 ) ) ;
#7314 = DIRECTION ( 'NONE',  ( -3.528622626482123100E-013, 1.000000000000000000, -1.593510842873952800E-014 ) ) ;
#7315 = CARTESIAN_POINT ( 'NONE',  ( 0.2624660289977983600, 0.07199999999999998100, 0.08789069510722620500 ) ) ;
#7316 = AXIS2_PLACEMENT_3D ( 'NONE', #7315, #7314, #7313 ) ;
#7317 = SURFACE_SIDE_STYLE ('',( #7318 ) ) ;
#7318 = SURFACE_STYLE_FILL_AREA ( #7340 ) ;
#7319 =( LENGTH_UNIT ( ) NAMED_UNIT ( * ) SI_UNIT ( $, .METRE. ) );
#7320 = CARTESIAN_POINT ( 'NONE',  ( 0.1958724251117275900, 0.07199999999999998100, 0.08957471911268370700 ) ) ;
#7321 = CARTESIAN_POINT ( 'NONE',  ( 0.1944634655179792700, 0.07200000000000000800, 0.08719635600892486300 ) ) ;
#7322 = CARTESIAN_POINT ( 'NONE',  ( 0.1932978500732933600, 0.07199999999999996700, 0.08468452795345848800 ) ) ;
#7323 = CARTESIAN_POINT ( 'NONE',  ( 0.1923309107257884200, 0.07200000000000000800, 0.08205894745795577800 ) ) ;
#7324 =( NAMED_UNIT ( * ) SI_UNIT ( $, .STERADIAN. ) SOLID_ANGLE_UNIT ( ) );
#7325 =( NAMED_UNIT ( * ) PLANE_ANGLE_UNIT ( ) SI_UNIT ( $, .RADIAN. ) );
#7326 =( CONVERSION_BASED_UNIT ( 'INCH', #7327 ) LENGTH_UNIT ( ) NAMED_UNIT ( #7382 ) );
#7327 = LENGTH_MEASURE_WITH_UNIT ( LENGTH_MEASURE( 0.02539999999999999900 ), #7383 );
#7328 = PRESENTATION_STYLE_ASSIGNMENT (( #7385 ) ) ;
#7329 = PLANE ( 'NONE',  #7363 ) ;
#7330 =( GEOMETRIC_REPRESENTATION_CONTEXT ( 3 ) GLOBAL_UNCERTAINTY_ASSIGNED_CONTEXT ( ( #7410 ) ) GLOBAL_UNIT_ASSIGNED_CONTEXT ( ( #7401, #7400, #7411 ) ) REPRESENTATION_CONTEXT ( 'NONE', 'WORKASPACE' ) );
#7331 =( CONVERSION_BASED_UNIT ( 'INCH', #7443 ) LENGTH_UNIT ( ) NAMED_UNIT ( #7412 ) );
#7332 = AXIS2_PLACEMENT_3D ( 'NONE', #7344, #7343, #7342 ) ;
#7333 = MECHANICAL_DESIGN_GEOMETRIC_PRESENTATION_REPRESENTATION (  '', ( #7335 ), #7384 ) ;
#7334 = PRESENTATION_LAYER_ASSIGNMENT (  '', '', ( #7335 ) ) ;
#7335 = STYLED_ITEM ( 'NONE', ( #7336 ), #1964 ) ;
#7336 = PRESENTATION_STYLE_ASSIGNMENT (( #7337 ) ) ;
#7337 = SURFACE_STYLE_USAGE ( .BOTH. , #7338 ) ;
#7338 = SURFACE_SIDE_STYLE ('',( #7339 ) ) ;
#7339 = SURFACE_STYLE_FILL_AREA ( #7366 ) ;
#7340 = FILL_AREA_STYLE ('',( #7386 ) ) ;
#7341 = PRESENTATION_LAYER_ASSIGNMENT (  '', '', ( #7345 ) ) ;
#7342 = DIRECTION ( 'NONE',  ( 1.000000000000000000, 0.0000000000000000000, 0.0000000000000000000 ) ) ;
#7343 = DIRECTION ( 'NONE',  ( -0.0000000000000000000, 0.0000000000000000000, 1.000000000000000000 ) ) ;
#7344 = CARTESIAN_POINT ( 'NONE',  ( 0.2152748837597036100, 0.07199999999999999500, 0.07552682000494279100 ) ) ;
#7345 = STYLED_ITEM ( 'NONE', ( #7328 ), #1961 ) ;
#7346 =( NAMED_UNIT ( * ) PLANE_ANGLE_UNIT ( ) SI_UNIT ( $, .RADIAN. ) );
#7347 = PLANE ( 'NONE',  #7332 ) ;
#7348 = FACE_OUTER_BOUND ( 'NONE', #1960, .T. ) ;
#7349 =( GEOMETRIC_REPRESENTATION_CONTEXT ( 3 ) GLOBAL_UNCERTAINTY_ASSIGNED_CONTEXT ( ( #7350 ) ) GLOBAL_UNIT_ASSIGNED_CONTEXT ( ( #7405, #7404, #7403 ) ) REPRESENTATION_CONTEXT ( 'NONE', 'WORKASPACE' ) );
#7350 = UNCERTAINTY_MEASURE_WITH_UNIT (LENGTH_MEASURE( 1.000000000000000100E-005 ), #7405, 'distance_accuracy_value', 'NONE');
#7351 = FILL_AREA_STYLE ('',( #7355 ) ) ;
#7352 = DIRECTION ( 'NONE',  ( -0.0000000000000000000, 1.000000000000000000, -0.0000000000000000000 ) ) ;
#7353 = VECTOR ( 'NONE', #7352, 39.37007874015748100 ) ;
#7354 = CARTESIAN_POINT ( 'NONE',  ( 0.1845056529904728300, 0.07199999999999999500, 0.01501399949212226300 ) ) ;
#7355 = FILL_AREA_STYLE_COLOUR ( '', #7440 ) ;
#7356 = DIRECTION ( 'NONE',  ( 0.0000000000000000000, 0.0000000000000000000, 1.000000000000000000 ) ) ;
#7357 = VECTOR ( 'NONE', #7356, 39.37007874015748100 ) ;
#7358 = CARTESIAN_POINT ( 'NONE',  ( 0.1927107811956010600, 0.07199999999999999500, -0.02293471845659568800 ) ) ;
#7359 = LINE ( 'NONE', #7358, #7357 ) ;
#7360 = DIRECTION ( 'NONE',  ( 0.0000000000000000000, 0.0000000000000000000, -1.000000000000000000 ) ) ;
#7361 = DIRECTION ( 'NONE',  ( 1.000000000000000000, 0.0000000000000000000, 0.0000000000000000000 ) ) ;
#7362 = CARTESIAN_POINT ( 'NONE',  ( 0.1845056529904728300, 0.07199999999999999500, 0.01501399949212226300 ) ) ;
#7363 = AXIS2_PLACEMENT_3D ( 'NONE', #7362, #7361, #7360 ) ;
#7364 = FACE_OUTER_BOUND ( 'NONE', #1953, .T. ) ;
#7365 = B_SPLINE_CURVE_WITH_KNOTS ( 'NONE', 3,
 ( #7378, #7377, #7376, #7375, #7374, #7323, #7322, #7321, #7320, #7417, #7416, #7415, #7414, #7413, #7373, #7372, #7371, #7370, #7369 ),
 .UNSPECIFIED., .F., .F.,
 ( 4, 1, 1, 1, 1, 1, 1, 1, 1, 1, 1, 1, 1, 1, 1, 1, 4 ),
 ( 0.0000000000000000000, 0.07063224438772650000, 0.1386978872386457900, 0.2049240305541066000, 0.2694491877971018600, 0.3326465867511969600, 0.3953138779979159500, 0.4577780401030122100, 0.5206730674700391600, 0.5828696158172807000, 0.6433350250634060100, 0.7026018859586815600, 0.7607320598415795400, 0.8194840493004196300, 0.8782653240839432000, 0.9384894147916659200, 1.000000000000000000 ),
 .UNSPECIFIED. ) ;
#7366 = FILL_AREA_STYLE ('',( #7367 ) ) ;
#7367 = FILL_AREA_STYLE_COLOUR ( '', #7368 ) ;
#7368 = COLOUR_RGB ( '',0.9882352941176471000, 1.000000000000000000, 0.9882352941176471000 ) ;
#7369 = CARTESIAN_POINT ( 'NONE',  ( 0.2152748837597036100, 0.07199999999999999500, 0.1021934866716094500 ) ) ;
#7370 = CARTESIAN_POINT ( 'NONE',  ( 0.2143844521317017900, 0.07199999999999999500, 0.1020393797103908000 ) ) ;
#7371 = CARTESIAN_POINT ( 'NONE',  ( 0.2126222122620423100, 0.07199999999999996700, 0.1017343889365780600 ) ) ;
#7372 = CARTESIAN_POINT ( 'NONE',  ( 0.2100731624384421800, 0.07199999999999998100, 0.1009888248909060800 ) ) ;
#7373 = CARTESIAN_POINT ( 'NONE',  ( 0.2076433323675722900, 0.07199999999999999500, 0.1000249762063475900 ) ) ;
#7374 = CARTESIAN_POINT ( 'NONE',  ( 0.1915728325925323800, 0.07199999999999999500, 0.07931000646271484100 ) ) ;
#7375 = CARTESIAN_POINT ( 'NONE',  ( 0.1910551917319911800, 0.07199999999999998100, 0.07643450748282824800 ) ) ;
#7376 = CARTESIAN_POINT ( 'NONE',  ( 0.1907237565082219900, 0.07200000000000002200, 0.07344053171009921900 ) ) ;
#7377 = CARTESIAN_POINT ( 'NONE',  ( 0.1906811808859566700, 0.07199999999999999500, 0.07140378296430607800 ) ) ;
#7378 = CARTESIAN_POINT ( 'NONE',  ( 0.1906594991443189800, 0.07199999999999999500, 0.07036656359468637700 ) ) ;
#7379 = LENGTH_MEASURE_WITH_UNIT ( LENGTH_MEASURE( 0.02539999999999999900 ), #7381 );
#7380 = DIMENSIONAL_EXPONENTS ( 1.000000000000000000, 0.0000000000000000000, 0.0000000000000000000, 0.0000000000000000000, 0.0000000000000000000, 0.0000000000000000000, 0.0000000000000000000 ) ;
#7381 =( LENGTH_UNIT ( ) NAMED_UNIT ( * ) SI_UNIT ( $, .METRE. ) );
#7382 = DIMENSIONAL_EXPONENTS ( 1.000000000000000000, 0.0000000000000000000, 0.0000000000000000000, 0.0000000000000000000, 0.0000000000000000000, 0.0000000000000000000, 0.0000000000000000000 ) ;
#7383 =( LENGTH_UNIT ( ) NAMED_UNIT ( * ) SI_UNIT ( $, .METRE. ) );
#7384 =( GEOMETRIC_REPRESENTATION_CONTEXT ( 3 ) GLOBAL_UNCERTAINTY_ASSIGNED_CONTEXT ( ( #7431 ) ) GLOBAL_UNIT_ASSIGNED_CONTEXT ( ( #7326, #7325, #7324 ) ) REPRESENTATION_CONTEXT ( 'NONE', 'WORKASPACE' ) );
#7385 = SURFACE_STYLE_USAGE ( .BOTH. , #7317 ) ;
#7386 = FILL_AREA_STYLE_COLOUR ( '', #7442 ) ;
#7387 = UNCERTAINTY_MEASURE_WITH_UNIT (LENGTH_MEASURE( 1.000000000000000100E-005 ), #7390, 'distance_accuracy_value', 'NONE');
#7388 =( NAMED_UNIT ( * ) SI_UNIT ( $, .STERADIAN. ) SOLID_ANGLE_UNIT ( ) );
#7389 =( NAMED_UNIT ( * ) PLANE_ANGLE_UNIT ( ) SI_UNIT ( $, .RADIAN. ) );
#7390 =( CONVERSION_BASED_UNIT ( 'INCH', #7379 ) LENGTH_UNIT ( ) NAMED_UNIT ( #7380 ) );
#7391 =( GEOMETRIC_REPRESENTATION_CONTEXT ( 3 ) GLOBAL_UNCERTAINTY_ASSIGNED_CONTEXT ( ( #7408 ) ) GLOBAL_UNIT_ASSIGNED_CONTEXT ( ( #7331, #7346, #7409 ) ) REPRESENTATION_CONTEXT ( 'NONE', 'WORKASPACE' ) );
#7392 = DIRECTION ( 'NONE',  ( 0.0000000000000000000, 0.0000000000000000000, -1.000000000000000000 ) ) ;
#7393 = DIRECTION ( 'NONE',  ( 1.000000000000000000, 0.0000000000000000000, 0.0000000000000000000 ) ) ;
#7394 = CARTESIAN_POINT ( 'NONE',  ( 0.2152748837597036100, 0.07199999999999999500, 0.1021934866716094500 ) ) ;
#7395 = AXIS2_PLACEMENT_3D ( 'NONE', #7394, #7393, #7392 ) ;
#7396 = PLANE ( 'NONE',  #7395 ) ;
#7397 = LINE ( 'NONE', #7354, #7353 ) ;
#7398 = ADVANCED_BREP_SHAPE_REPRESENTATION ( '105', ( #794, #7459 ), #7399 ) ;
#7399 =( GEOMETRIC_REPRESENTATION_CONTEXT ( 3 ) GLOBAL_UNCERTAINTY_ASSIGNED_CONTEXT ( ( #7387 ) ) GLOBAL_UNIT_ASSIGNED_CONTEXT ( ( #7390, #7389, #7388 ) ) REPRESENTATION_CONTEXT ( 'NONE', 'WORKASPACE' ) );
#7400 =( NAMED_UNIT ( * ) PLANE_ANGLE_UNIT ( ) SI_UNIT ( $, .RADIAN. ) );
#7401 =( CONVERSION_BASED_UNIT ( 'INCH', #7402 ) LENGTH_UNIT ( ) NAMED_UNIT ( #7429 ) );
#7402 = LENGTH_MEASURE_WITH_UNIT ( LENGTH_MEASURE( 0.02539999999999999900 ), #7430 );
#7403 =( NAMED_UNIT ( * ) SI_UNIT ( $, .STERADIAN. ) SOLID_ANGLE_UNIT ( ) );
#7404 =( NAMED_UNIT ( * ) PLANE_ANGLE_UNIT ( ) SI_UNIT ( $, .RADIAN. ) );
#7405 =( CONVERSION_BASED_UNIT ( 'INCH', #7406 ) LENGTH_UNIT ( ) NAMED_UNIT ( #7407 ) );
#7406 = LENGTH_MEASURE_WITH_UNIT ( LENGTH_MEASURE( 0.02539999999999999900 ), #7418 );
#7407 = DIMENSIONAL_EXPONENTS ( 1.000000000000000000, 0.0000000000000000000, 0.0000000000000000000, 0.0000000000000000000, 0.0000000000000000000, 0.0000000000000000000, 0.0000000000000000000 ) ;
#7408 = UNCERTAINTY_MEASURE_WITH_UNIT (LENGTH_MEASURE( 1.000000000000000100E-005 ), #7331, 'distance_accuracy_value', 'NONE');
#7409 =( NAMED_UNIT ( * ) SI_UNIT ( $, .STERADIAN. ) SOLID_ANGLE_UNIT ( ) );
#7410 = UNCERTAINTY_MEASURE_WITH_UNIT (LENGTH_MEASURE( 1.000000000000000100E-005 ), #7401, 'distance_accuracy_value', 'NONE');
#7411 =( NAMED_UNIT ( * ) SI_UNIT ( $, .STERADIAN. ) SOLID_ANGLE_UNIT ( ) );
#7412 = DIMENSIONAL_EXPONENTS ( 1.000000000000000000, 0.0000000000000000000, 0.0000000000000000000, 0.0000000000000000000, 0.0000000000000000000, 0.0000000000000000000, 0.0000000000000000000 ) ;
#7413 = CARTESIAN_POINT ( 'NONE',  ( 0.2053602709491865500, 0.07199999999999999500, 0.09881632232609269300 ) ) ;
#7414 = CARTESIAN_POINT ( 'NONE',  ( 0.2031833213502424200, 0.07199999999999999500, 0.09741334723840532100 ) ) ;
#7415 = CARTESIAN_POINT ( 'NONE',  ( 0.2011472946152134700, 0.07200000000000000800, 0.09577052485012917100 ) ) ;
#7416 = CARTESIAN_POINT ( 'NONE',  ( 0.1992342073069763300, 0.07199999999999998100, 0.09390152062823073400 ) ) ;
#7417 = CARTESIAN_POINT ( 'NONE',  ( 0.1974627770066894900, 0.07200000000000000800, 0.09182652968673277200 ) ) ;
#7418 =( LENGTH_UNIT ( ) NAMED_UNIT ( * ) SI_UNIT ( $, .METRE. ) );
#7419 = MECHANICAL_DESIGN_GEOMETRIC_PRESENTATION_REPRESENTATION (  '', ( #7421 ), #7349 ) ;
#7420 = PRESENTATION_LAYER_ASSIGNMENT (  '', '', ( #7421 ) ) ;
#7421 = STYLED_ITEM ( 'NONE', ( #7422 ), #7398 ) ;
#7422 = PRESENTATION_STYLE_ASSIGNMENT (( #7423 ) ) ;
#7423 = SURFACE_STYLE_USAGE ( .BOTH. , #7424 ) ;
#7424 = SURFACE_SIDE_STYLE ('',( #7425 ) ) ;
#7425 = SURFACE_STYLE_FILL_AREA ( #7426 ) ;
#7426 = FILL_AREA_STYLE ('',( #7427 ) ) ;
#7427 = FILL_AREA_STYLE_COLOUR ( '', #7428 ) ;
#7428 = COLOUR_RGB ( '',0.6274509803921568500, 0.6588235294117647000, 0.6784313725490196400 ) ;
#7429 = DIMENSIONAL_EXPONENTS ( 1.000000000000000000, 0.0000000000000000000, 0.0000000000000000000, 0.0000000000000000000, 0.0000000000000000000, 0.0000000000000000000, 0.0000000000000000000 ) ;
#7430 =( LENGTH_UNIT ( ) NAMED_UNIT ( * ) SI_UNIT ( $, .METRE. ) );
#7431 = UNCERTAINTY_MEASURE_WITH_UNIT (LENGTH_MEASURE( 1.000000000000000100E-005 ), #7326, 'distance_accuracy_value', 'NONE');
#7432 = MECHANICAL_DESIGN_GEOMETRIC_PRESENTATION_REPRESENTATION (  '', ( #7345 ), #7391 ) ;
#7433 = MECHANICAL_DESIGN_GEOMETRIC_PRESENTATION_REPRESENTATION (  '', ( #7435 ), #7330 ) ;
#7434 = PRESENTATION_LAYER_ASSIGNMENT (  '', '', ( #7435 ) ) ;
#7435 = STYLED_ITEM ( 'NONE', ( #7436 ), #1994 ) ;
#7436 = PRESENTATION_STYLE_ASSIGNMENT (( #7437 ) ) ;
#7437 = SURFACE_STYLE_USAGE ( .BOTH. , #7438 ) ;
#7438 = SURFACE_SIDE_STYLE ('',( #7439 ) ) ;
#7439 = SURFACE_STYLE_FILL_AREA ( #7351 ) ;
#7440 = COLOUR_RGB ( '',0.9882352941176471000, 1.000000000000000000, 0.9882352941176471000 ) ;
#7441 = FACE_OUTER_BOUND ( 'NONE', #1995, .T. ) ;
#7442 = COLOUR_RGB ( '',0.9882352941176471000, 1.000000000000000000, 0.9882352941176471000 ) ;
#7443 = LENGTH_MEASURE_WITH_UNIT ( LENGTH_MEASURE( 0.02539999999999999900 ), #7319 );
#7444 = CARTESIAN_POINT ( 'NONE',  ( 0.0000000000000000000, 0.0000000000000000000, 0.0000000000000000000 ) ) ;
#7445 = PRODUCT_DEFINITION_SHAPE ( 'NONE', 'NONE',  #7447 ) ;
#7446 = PRODUCT_DEFINITION_FORMATION_WITH_SPECIFIED_SOURCE ( 'ANY', '', #7456, .NOT_KNOWN. ) ;
#7447 = PRODUCT_DEFINITION ( 'UNKNOWN', '', #7446, #7452 ) ;
#7448 = DIRECTION ( 'NONE',  ( 0.0000000000000000000, 0.0000000000000000000, 1.000000000000000000 ) ) ;
#7449 = APPLICATION_CONTEXT ( 'automotive_design' ) ;
#7450 = PRODUCT_RELATED_PRODUCT_CATEGORY ( 'part', '', ( #7456 ) ) ;
#7451 = APPLICATION_PROTOCOL_DEFINITION ( 'draft international standard', 'automotive_design', 1998, #7449 ) ;
#7452 = PRODUCT_DEFINITION_CONTEXT ( 'detailed design', #7454, 'design' ) ;
#7453 = APPLICATION_PROTOCOL_DEFINITION ( 'draft international standard', 'automotive_design', 1998, #7454 ) ;
#7454 = APPLICATION_CONTEXT ( 'automotive_design' ) ;
#7455 = DIRECTION ( 'NONE',  ( 1.000000000000000000, 0.0000000000000000000, 0.0000000000000000000 ) ) ;
#7456 = PRODUCT ( '105', '105', '', ( #7457 ) ) ;
#7457 = PRODUCT_CONTEXT ( 'NONE', #7449, 'mechanical' ) ;
#7458 = SHAPE_DEFINITION_REPRESENTATION ( #7445, #7398 ) ;
#7459 = AXIS2_PLACEMENT_3D ( 'NONE', #7444, #7448, #7455 ) ;
ENDSEC;
END-ISO-10303-21;
